,Player,Nation,Pos,Age,90s,sca_SCA,sca_SCA90,sca_types_PassLive,sca_types_PassDead,sca_types_TO,sca_types_Sh,sca_types_Fld,sca_types_Def,gca_GCA,gca_GCA90,gca_types_PassLive,gca_types_PassDead,gca_types_TO,gca_types_Sh,gca_types_Fld,gca_types_Def,Matches,Team,Season
0,David Raya,es ESP,GK,29-236,35.0,4,0.11,3,1,0,0,0,0,1,0.03,1,0,0,0,0,0,Matches,Arsenal,2024
1,William Saliba,fr FRA,DF,24-046,32.3,26,0.81,24,0,0,1,0,1,1,0.03,1,0,0,0,0,0,Matches,Arsenal,2024
2,Declan Rice,eng ENG,MF,26-115,29.4,106,3.61,57,33,4,5,5,2,10,0.34,6,2,1,1,0,0,Matches,Arsenal,2024
3,Thomas Partey,gh GHA,"MF,DF",31-330,28.1,58,2.07,48,2,1,2,1,4,13,0.46,8,2,0,1,1,1,Matches,Arsenal,2024
4,Gabriel Magalhães,br BRA,DF,27-141,26.3,35,1.33,31,0,0,3,1,0,6,0.23,4,0,0,1,1,0,Matches,Arsenal,2024
5,Jurriën Timber,nl NED,DF,23-326,26.9,52,1.94,46,1,3,0,1,1,9,0.34,8,0,1,0,0,0,Matches,Arsenal,2024
6,Leandro Trossard,be BEL,FW,30-156,26.2,80,3.06,63,2,5,5,4,1,6,0.23,6,0,0,0,0,0,Matches,Arsenal,2024
7,Martin Ødegaard,no NOR,MF,26-143,23.7,115,4.86,95,12,2,4,2,0,14,0.59,12,2,0,0,0,0,Matches,Arsenal,2024
8,Gabriel Martinelli,br BRA,"FW,MF",23-325,22.7,66,2.91,50,1,8,4,3,0,6,0.26,3,0,1,1,1,0,Matches,Arsenal,2024
9,Kai Havertz,de GER,"FW,MF",25-332,20.4,41,2.01,34,0,1,6,0,0,3,0.15,2,0,0,1,0,0,Matches,Arsenal,2024
10,Bukayo Saka,eng ENG,"FW,MF",23-246,17.1,102,5.97,61,19,9,9,4,0,22,1.29,13,5,2,1,1,0,Matches,Arsenal,2024
11,Mikel Merino,es ESP,"MF,FW",28-321,15.8,39,2.48,33,0,0,5,1,0,4,0.25,3,0,0,1,0,0,Matches,Arsenal,2024
12,Myles Lewis-Skelly,eng ENG,DF,18-225,13.0,24,1.85,18,0,1,0,5,0,0,0.0,0,0,0,0,0,0,Matches,Arsenal,2024
13,Riccardo Calafiori,it ITA,DF,22-355,10.3,13,1.26,11,0,1,1,0,0,2,0.19,2,0,0,0,0,0,Matches,Arsenal,2024
14,Ben White,eng ENG,DF,27-213,10.5,16,1.53,16,0,0,0,0,0,1,0.1,1,0,0,0,0,0,Matches,Arsenal,2024
15,Ethan Nwaneri,eng ENG,"FW,MF",18-049,9.1,22,2.41,12,4,3,2,1,0,3,0.33,3,0,0,0,0,0,Matches,Arsenal,2024
16,Jorginho,it ITA,MF,33-140,7.8,12,1.55,10,0,0,0,2,0,0,0.0,0,0,0,0,0,0,Matches,Arsenal,2024
17,Jakub Kiwior,pl POL,DF,25-083,9.5,6,0.63,5,0,1,0,0,0,0,0.0,0,0,0,0,0,0,Matches,Arsenal,2024
18,Gabriel Jesus,br BRA,FW,28-036,6.8,18,2.66,10,0,1,5,1,1,4,0.59,1,0,0,3,0,0,Matches,Arsenal,2024
19,Raheem Sterling,eng ENG,"FW,MF",30-152,4.9,18,3.71,14,0,2,2,0,0,3,0.62,3,0,0,0,0,0,Matches,Arsenal,2024
20,Oleksandr Zinchenko,ua UKR,"DF,MF",28-145,5.1,16,3.16,11,1,1,2,1,0,2,0.4,2,0,0,0,0,0,Matches,Arsenal,2024
21,Kieran Tierney,sct SCO,"DF,FW",27-338,2.0,8,3.98,7,1,0,0,0,0,0,0.0,0,0,0,0,0,0,Matches,Arsenal,2024
22,Nathan Butler-Oyedeji,eng ENG,FW,22-125,0.1,0,0.0,0,0,0,0,0,0,0,0.0,0,0,0,0,0,0,Matches,Arsenal,2024
23,Takehiro Tomiyasu,jp JPN,DF,26-185,0.1,1,12.86,1,0,0,0,0,0,0,0.0,0,0,0,0,0,0,Matches,Arsenal,2024
24,Reiss Nelson,eng ENG,FW,25-150,0.0,0,0.0,0,0,0,0,0,0,0,0.0,0,0,0,0,0,0,Matches,Arsenal,2024
25,Youri Tielemans,be BEL,MF,28-002,33.3,119,3.57,78,31,3,4,2,1,12,0.36,9,3,0,0,0,0,Matches,Aston Villa,2024
26,Emiliano Martínez,ar ARG,GK,32-249,33.0,6,0.18,5,1,0,0,0,0,1,0.03,1,0,0,0,0,0,Matches,Aston Villa,2024
27,Morgan Rogers,eng ENG,"FW,MF",22-287,31.7,101,3.19,76,0,13,7,5,0,14,0.44,12,0,1,0,1,0,Matches,Aston Villa,2024
28,Ezri Konsa,eng ENG,DF,27-198,29.6,23,0.78,18,2,1,2,0,0,3,0.1,3,0,0,0,0,0,Matches,Aston Villa,2024
29,Ollie Watkins,eng ENG,FW,29-130,25.9,51,1.97,34,0,4,7,6,0,11,0.42,7,0,1,1,2,0,Matches,Aston Villa,2024
30,Lucas Digne,fr FRA,DF,31-293,25.1,63,2.51,39,18,1,4,0,1,5,0.2,5,0,0,0,0,0,Matches,Aston Villa,2024
31,John McGinn,sct SCO,"MF,FW",30-203,22.8,68,2.98,52,6,0,4,5,1,7,0.31,6,1,0,0,0,0,Matches,Aston Villa,2024
32,Pau Torres,es ESP,DF,28-113,20.2,12,0.59,9,0,0,3,0,0,2,0.1,1,0,0,1,0,0,Matches,Aston Villa,2024
33,Matty Cash,pl POL,DF,27-275,20.0,22,1.1,20,1,1,0,0,0,2,0.1,2,0,0,0,0,0,Matches,Aston Villa,2024
34,Jacob Ramsey,eng ENG,"FW,MF",23-346,16.8,51,3.03,40,0,4,1,6,0,8,0.47,7,0,0,0,1,0,Matches,Aston Villa,2024
35,Boubacar Kamara,fr FRA,MF,25-167,16.3,24,1.48,18,1,1,1,1,2,2,0.12,2,0,0,0,0,0,Matches,Aston Villa,2024
36,Amadou Onana,be BEL,MF,23-266,15.3,27,1.76,21,2,0,4,0,0,4,0.26,2,1,0,1,0,0,Matches,Aston Villa,2024
37,Leon Bailey,jm JAM,"FW,MF",27-273,12.6,38,3.01,23,1,8,3,3,0,4,0.32,4,0,0,0,0,0,Matches,Aston Villa,2024
38,Tyrone Mings,eng ENG,DF,32-057,11.7,17,1.45,14,0,0,1,1,1,2,0.17,1,0,0,1,0,0,Matches,Aston Villa,2024
39,Ian Maatsen,nl NED,DF,23-060,10.6,49,4.6,36,3,4,5,0,1,7,0.66,6,0,1,0,0,0,Matches,Aston Villa,2024
40,Diego Carlos,br BRA,DF,32-055,9.2,4,0.43,3,0,0,1,0,0,0,0.0,0,0,0,0,0,0,Matches,Aston Villa,2024
41,Marco Asensio,es ESP,"MF,FW",29-108,6.0,27,4.5,16,7,0,1,2,1,3,0.5,2,0,0,1,0,0,Matches,Aston Villa,2024
42,Axel Disasi,fr FRA,DF,27-059,5.4,9,1.65,7,0,1,0,0,1,0,0.0,0,0,0,0,0,0,Matches,Aston Villa,2024
43,Lamare Bogarde,nl NED,"DF,MF",21-124,5.3,10,1.89,8,1,0,0,0,1,1,0.19,1,0,0,0,0,0,Matches,Aston Villa,2024
44,Andrés García,es ESP,"DF,MF",22-091,3.5,3,0.85,3,0,0,0,0,0,0,0.0,0,0,0,0,0,0,Matches,Aston Villa,2024
45,Jáder Durán,co COL,FW,21-147,7.1,18,2.54,9,0,0,4,3,2,1,0.14,0,0,0,0,0,1,Matches,Aston Villa,2024
46,Marcus Rashford,eng ENG,FW,27-190,4.9,27,5.49,14,5,3,2,3,0,3,0.61,2,0,0,1,0,0,Matches,Aston Villa,2024
47,Ross Barkley,eng ENG,MF,31-155,6.3,18,2.84,15,1,2,0,0,0,3,0.47,3,0,0,0,0,0,Matches,Aston Villa,2024
48,Jaden Philogene Bidace,eng ENG,"FW,MF",23-090,3.7,5,1.36,3,0,0,0,1,1,0,0.0,0,0,0,0,0,0,Matches,Aston Villa,2024
49,Donyell Malen,nl NED,FW,26-120,3.3,5,1.53,4,0,1,0,0,0,0,0.0,0,0,0,0,0,0,Matches,Aston Villa,2024
50,Robin Olsen,se SWE,GK,35-121,2.0,2,1.0,0,2,0,0,0,0,1,0.5,0,1,0,0,0,0,Matches,Aston Villa,2024
51,Kosta Nedeljković,rs SRB,DF,19-144,1.4,0,0.0,0,0,0,0,0,0,0,0.0,0,0,0,0,0,0,Matches,Aston Villa,2024
52,Emi Buendía,ar ARG,"MF,FW",28-135,1.1,3,2.76,2,0,0,1,0,0,0,0.0,0,0,0,0,0,0,Matches,Aston Villa,2024
53,Milos Kerkez,hu HUN,DF,21-183,34.2,76,2.22,61,4,1,2,5,3,9,0.26,7,0,1,0,0,1,Matches,Bournemouth,2024
54,Antoine Semenyo,gh GHA,FW,25-122,32.6,123,3.77,79,4,19,14,5,2,13,0.4,7,1,2,1,2,0,Matches,Bournemouth,2024
55,Illia Zabarnyi,ua UKR,DF,22-250,31.6,28,0.89,25,1,0,0,0,2,0,0.0,0,0,0,0,0,0,Matches,Bournemouth,2024
56,Lewis Cook,eng ENG,"MF,DF",28-095,31.3,87,2.78,67,18,0,2,0,0,5,0.16,2,1,0,2,0,0,Matches,Bournemouth,2024
57,Kepa Arrizabalaga,es ESP,GK,30-218,28.0,4,0.14,2,2,0,0,0,0,0,0.0,0,0,0,0,0,0,Matches,Bournemouth,2024
58,Justin Kluivert,nl NED,"MF,FW",26-004,24.0,95,3.95,69,8,6,6,5,1,11,0.46,10,0,0,0,1,0,Matches,Bournemouth,2024
59,Ryan Christie,sct SCO,MF,30-076,23.5,85,3.62,72,7,0,3,2,1,9,0.38,8,1,0,0,0,0,Matches,Bournemouth,2024
60,Evanilson,br BRA,FW,25-215,22.9,56,2.45,35,0,3,9,9,0,8,0.35,2,0,1,1,4,0,Matches,Bournemouth,2024
61,Dean Huijsen,es ESP,DF,20-025,24.8,40,1.61,37,1,0,1,1,0,3,0.12,3,0,0,0,0,0,Matches,Bournemouth,2024
62,Dango Ouattara,bf BFA,FW,23-087,22.3,72,3.23,57,0,3,10,1,1,6,0.27,4,0,1,1,0,0,Matches,Bournemouth,2024
63,Tyler Adams,us USA,MF,26-084,19.0,37,1.95,32,0,0,1,0,4,4,0.21,3,0,0,0,0,1,Matches,Bournemouth,2024
64,Marcus Tavernier,eng ENG,"FW,MF",26-048,18.6,85,4.58,58,12,3,8,4,0,11,0.59,5,3,0,2,1,0,Matches,Bournemouth,2024
65,Adam Smith,eng ENG,DF,34-010,15.7,20,1.28,15,1,1,0,2,1,2,0.13,1,0,0,0,1,0,Matches,Bournemouth,2024
66,Marcos Senesi,ar ARG,DF,27-364,11.3,16,1.42,16,0,0,0,0,0,1,0.09,1,0,0,0,0,0,Matches,Bournemouth,2024
67,David Brooks,wls WAL,"FW,MF",27-305,9.2,35,3.79,29,3,2,1,0,0,2,0.22,1,0,0,1,0,0,Matches,Bournemouth,2024
68,Alex Scott,eng ENG,MF,21-261,7.9,28,3.55,18,2,0,2,3,3,2,0.25,2,0,0,0,0,0,Matches,Bournemouth,2024
69,James Hill,eng ENG,DF,23-119,5.0,8,1.61,5,2,0,0,0,1,1,0.2,1,0,0,0,0,0,Matches,Bournemouth,2024
70,Julian Araujo,mx MEX,DF,23-269,4.7,4,0.85,4,0,0,0,0,0,0,0.0,0,0,0,0,0,0,Matches,Bournemouth,2024
71,Mark Travers,ie IRL,GK,25-356,5.0,0,0.0,0,0,0,0,0,0,0,0.0,0,0,0,0,0,0,Matches,Bournemouth,2024
72,Enes Ünal,tr TUR,"FW,MF",27-364,3.8,9,2.35,6,0,0,2,1,0,3,0.78,2,0,0,0,1,0,Matches,Bournemouth,2024
73,Neto,br BRA,GK,35-294,2.0,0,0.0,0,0,0,0,0,0,0,0.0,0,0,0,0,0,0,Matches,Bournemouth,2024
74,Luis Sinisterra,co COL,"FW,MF",25-326,2.6,14,5.29,11,0,1,2,0,0,1,0.38,1,0,0,0,0,0,Matches,Bournemouth,2024
75,Philip Billing,dk DEN,MF,28-332,2.0,16,7.83,13,0,0,1,0,2,0,0.0,0,0,0,0,0,0,Matches,Bournemouth,2024
76,Max Aarons,eng ENG,DF,25-125,1.0,2,2.09,2,0,0,0,0,0,0,0.0,0,0,0,0,0,0,Matches,Bournemouth,2024
77,Daniel Jebbison,eng ENG,FW,21-269,0.9,5,5.63,4,0,1,0,0,0,0,0.0,0,0,0,0,0,0,Matches,Bournemouth,2024
78,Ben Winterburn,eng ENG,"FW,MF",20-247,0.3,0,0.0,0,0,0,0,0,0,0,0.0,0,0,0,0,0,0,Matches,Bournemouth,2024
79,Julio Soler,ar ARG,FW,20-082,0.0,0,0.0,0,0,0,0,0,0,0,0.0,0,0,0,0,0,0,Matches,Bournemouth,2024
80,Remy Rees-Dottin,eng ENG,FW,19-064,0.0,0,0.0,0,0,0,0,0,0,0,0.0,0,0,0,0,0,0,Matches,Bournemouth,2024
81,Zain Silcott-Duberry,ms MSR,FW,19-304,0.0,0,0.0,0,0,0,0,0,0,0,0.0,0,0,0,0,0,0,Matches,Bournemouth,2024
82,Nathan Collins,ie IRL,DF,24-009,35.0,30,0.86,22,2,1,3,2,0,8,0.23,4,1,0,1,2,0,Matches,Brentford,2024
83,Bryan Mbeumo,cm CMR,FW,25-275,34.9,134,3.84,93,22,9,6,4,0,18,0.52,10,2,2,3,1,0,Matches,Brentford,2024
84,Mark Flekken,nl NED,GK,31-330,33.4,10,0.3,6,4,0,0,0,0,2,0.06,0,2,0,0,0,0,Matches,Brentford,2024
85,Keane Lewis-Potter,eng ENG,"DF,FW",24-076,31.5,67,2.12,53,0,4,3,6,1,8,0.25,6,0,0,0,2,0,Matches,Brentford,2024
86,Mikkel Damsgaard,dk DEN,"MF,FW",24-310,29.5,114,3.86,86,14,6,2,1,5,21,0.71,15,3,1,0,1,1,Matches,Brentford,2024
87,Yoane Wissa,cd COD,FW,28-248,29.4,61,2.07,36,1,3,10,10,1,8,0.27,7,0,0,0,1,0,Matches,Brentford,2024
88,Christian Nørgaard,dk DEN,MF,31-060,28.3,49,1.73,40,0,0,6,2,1,10,0.35,9,0,0,0,1,0,Matches,Brentford,2024
89,Vitaly Janelt,de GER,MF,26-364,25.0,32,1.28,31,1,0,0,0,0,3,0.12,3,0,0,0,0,0,Matches,Brentford,2024
90,Sepp van den Berg,nl NED,DF,23-140,25.7,21,0.82,19,0,0,1,1,0,2,0.08,1,0,0,0,1,0,Matches,Brentford,2024
91,Kevin Schade,de GER,FW,23-163,23.0,50,2.18,29,6,6,4,4,1,9,0.39,5,0,1,3,0,0,Matches,Brentford,2024
92,Ethan Pinnock,jm JAM,DF,31-345,21.3,21,0.99,13,5,0,2,1,0,0,0.0,0,0,0,0,0,0,Matches,Brentford,2024
93,Kristoffer Ajer,no NOR,DF,27-022,15.6,18,1.15,15,0,1,2,0,0,2,0.13,2,0,0,0,0,0,Matches,Brentford,2024
94,Yehor Yarmoliuk,ua UKR,MF,21-069,13.3,22,1.66,19,0,2,1,0,0,2,0.15,2,0,0,0,0,0,Matches,Brentford,2024
95,Mads Roerslev,dk DEN,DF,25-319,12.2,21,1.72,18,0,1,1,1,0,2,0.16,2,0,0,0,0,0,Matches,Brentford,2024
96,Mathias Jensen,dk DEN,MF,29-128,9.1,38,4.19,27,10,1,0,0,0,5,0.55,2,2,1,0,0,0,Matches,Brentford,2024
97,Fabio Carvalho,pt POR,"FW,MF",22-252,5.1,10,1.97,7,0,1,2,0,0,1,0.2,1,0,0,0,0,0,Matches,Brentford,2024
98,Michael Kayode,it ITA,DF,20-303,3.2,10,3.09,5,3,1,0,1,0,3,0.93,3,0,0,0,0,0,Matches,Brentford,2024
99,Ben Mee,eng ENG,DF,35-230,2.0,0,0.0,0,0,0,0,0,0,0,0.0,0,0,0,0,0,0,Matches,Brentford,2024
100,Hákon Rafn Valdimarsson,is ISL,GK,23-208,1.6,2,1.24,2,0,0,0,0,0,0,0.0,0,0,0,0,0,0,Matches,Brentford,2024
101,Thiago,br BRA,FW,23-317,1.6,2,1.27,1,0,0,0,0,1,0,0.0,0,0,0,0,0,0,Matches,Brentford,2024
102,Edmond-Paris Maghoma,eng ENG,"MF,FW",24-001,1.3,4,3.03,4,0,0,0,0,0,1,0.76,1,0,0,0,0,0,Matches,Brentford,2024
103,Rico Henry,eng ENG,DF,27-305,0.9,1,1.08,1,0,0,0,0,0,1,1.08,1,0,0,0,0,0,Matches,Brentford,2024
104,Yunus Emre Konak,tr TUR,"FW,MF",19-119,0.5,0,0.0,0,0,0,0,0,0,0,0.0,0,0,0,0,0,0,Matches,Brentford,2024
105,Kim Jisoo,kr KOR,DF,20-136,0.3,0,0.0,0,0,0,0,0,0,0,0.0,0,0,0,0,0,0,Matches,Brentford,2024
106,Frank Onyeka,ng NGA,MF,27-128,0.3,0,0.0,0,0,0,0,0,0,0,0.0,0,0,0,0,0,0,Matches,Brentford,2024
107,Gustavo Nunes,br BRA,"FW,MF",19-170,0.1,0,0.0,0,0,0,0,0,0,0,0.0,0,0,0,0,0,0,Matches,Brentford,2024
108,Jayden Meghoma,eng ENG,DF,18-315,0.1,0,0.0,0,0,0,0,0,0,0,0.0,0,0,0,0,0,0,Matches,Brentford,2024
109,Ryan Trevitt,eng ENG,MF,22-058,0.0,0,0.0,0,0,0,0,0,0,0,0.0,0,0,0,0,0,0,Matches,Brentford,2024
110,Bart Verbruggen,nl NED,GK,22-264,33.0,5,0.15,5,0,0,0,0,0,1,0.03,1,0,0,0,0,0,Matches,Brighton and Hove Albion,2024
111,Jan Paul van Hecke,nl NED,DF,24-335,29.9,48,1.61,42,2,0,3,1,0,3,0.1,3,0,0,0,0,0,Matches,Brighton and Hove Albion,2024
112,Kaoru Mitoma,jp JPN,"FW,MF",27-354,28.0,83,2.96,69,0,6,3,4,1,8,0.29,7,0,0,0,1,0,Matches,Brighton and Hove Albion,2024
113,Carlos Baleba,cm CMR,MF,21-126,26.7,60,2.25,50,0,2,4,1,3,4,0.15,2,0,0,0,1,1,Matches,Brighton and Hove Albion,2024
114,Pervis Estupiñán,ec ECU,DF,27-108,24.7,52,2.11,34,13,0,2,3,0,4,0.16,3,0,0,0,1,0,Matches,Brighton and Hove Albion,2024
115,Lewis Dunk,eng ENG,DF,33-169,23.1,19,0.82,17,0,0,2,0,0,3,0.13,2,0,0,1,0,0,Matches,Brighton and Hove Albion,2024
116,João Pedro,br BRA,"FW,MF",23-225,21.6,72,3.32,56,0,3,2,10,1,9,0.42,6,0,0,0,3,0,Matches,Brighton and Hove Albion,2024
117,Danny Welbeck,eng ENG,FW,34-164,21.6,44,2.04,33,1,3,1,6,0,6,0.28,6,0,0,0,0,0,Matches,Brighton and Hove Albion,2024
118,Jack Hinshelwood,eng ENG,"DF,MF",20-028,19.4,33,1.7,27,4,0,1,1,0,3,0.15,3,0,0,0,0,0,Matches,Brighton and Hove Albion,2024
119,Yasin Ayari,se SWE,MF,21-215,19.5,58,2.97,35,11,3,3,4,2,6,0.31,4,2,0,0,0,0,Matches,Brighton and Hove Albion,2024
120,Joël Veltman,nl NED,DF,33-114,18.5,22,1.19,15,2,2,1,2,0,1,0.05,0,1,0,0,0,0,Matches,Brighton and Hove Albion,2024
121,Georginio Rutter,fr FRA,"MF,FW",23-019,18.4,64,3.47,37,0,9,7,9,2,8,0.43,3,0,3,1,1,0,Matches,Brighton and Hove Albion,2024
122,Yankuba Minteh,gm GAM,"FW,MF",20-291,17.6,54,3.07,31,8,11,2,1,1,11,0.62,5,0,5,1,0,0,Matches,Brighton and Hove Albion,2024
123,Simon Adingra,ci CIV,"FW,MF",23-128,10.6,39,3.68,27,0,6,6,0,0,7,0.66,5,0,1,1,0,0,Matches,Brighton and Hove Albion,2024
124,Matt O'Riley,dk DEN,MF,24-169,9.4,35,3.72,20,9,1,2,1,2,4,0.43,3,0,0,0,1,0,Matches,Brighton and Hove Albion,2024
125,Igor,br BRA,DF,27-091,10.0,11,1.1,10,0,0,0,1,0,0,0.0,0,0,0,0,0,0,Matches,Brighton and Hove Albion,2024
126,Tariq Lamptey,gh GHA,DF,24-221,8.9,16,1.79,13,1,0,0,1,1,3,0.34,2,0,0,0,0,1,Matches,Brighton and Hove Albion,2024
127,Adam Webster,eng ENG,DF,30-125,6.9,10,1.46,8,2,0,0,0,0,3,0.44,2,1,0,0,0,0,Matches,Brighton and Hove Albion,2024
128,Mats Wieffer,nl NED,"MF,DF",25-174,8.3,26,3.14,24,0,0,2,0,0,4,0.48,4,0,0,0,0,0,Matches,Brighton and Hove Albion,2024
129,Brajan Gruda,de GER,"FW,MF",20-343,5.6,27,4.77,21,3,2,0,1,0,4,0.71,3,1,0,0,0,0,Matches,Brighton and Hove Albion,2024
130,Ferdi Kadioglu,tr TUR,"DF,MF",25-214,4.3,13,3.03,11,0,0,0,1,1,2,0.47,2,0,0,0,0,0,Matches,Brighton and Hove Albion,2024
131,Diego Gómez,py PAR,MF,22-043,4.9,14,2.86,12,1,0,1,0,0,3,0.61,2,1,0,0,0,0,Matches,Brighton and Hove Albion,2024
132,James Milner,eng ENG,MF,39-125,1.9,8,4.26,5,2,0,0,1,0,0,0.0,0,0,0,0,0,0,Matches,Brighton and Hove Albion,2024
133,Julio Enciso,py PAR,"MF,FW",21-106,3.3,12,3.69,5,1,3,1,2,0,0,0.0,0,0,0,0,0,0,Matches,Brighton and Hove Albion,2024
134,Evan Ferguson,ie IRL,FW,20-202,2.7,4,1.47,3,0,1,0,0,0,0,0.0,0,0,0,0,0,0,Matches,Brighton and Hove Albion,2024
135,Jason Steele,eng ENG,GK,34-264,2.0,0,0.0,0,0,0,0,0,0,0,0.0,0,0,0,0,0,0,Matches,Brighton and Hove Albion,2024
136,Solly March,eng ENG,"FW,MF",30-293,1.9,7,3.77,6,1,0,0,0,0,2,1.08,2,0,0,0,0,0,Matches,Brighton and Hove Albion,2024
137,Billy Gilmour,sct SCO,MF,23-332,1.1,3,2.76,3,0,0,0,0,0,0,0.0,0,0,0,0,0,0,Matches,Brighton and Hove Albion,2024
138,Eiran Cashin,ie IRL,DF,23-181,0.2,1,4.5,1,0,0,0,0,0,0,0.0,0,0,0,0,0,0,Matches,Brighton and Hove Albion,2024
139,Jakub Moder,pl POL,MF,26-032,0.1,4,32.73,4,0,0,0,0,0,0,0.0,0,0,0,0,0,0,Matches,Brighton and Hove Albion,2024
140,Jeremy Sarmiento,ec ECU,MF,22-327,0.1,0,0.0,0,0,0,0,0,0,0,0.0,0,0,0,0,0,0,Matches,Brighton and Hove Albion,2024
141,Moisés Caicedo,ec ECU,"MF,DF",23-188,34.2,94,2.75,82,0,2,0,3,7,9,0.26,6,0,0,0,2,1,Matches,Chelsea,2024
142,Cole Palmer,eng ENG,MF,23-003,32.5,190,5.86,126,21,15,19,7,2,15,0.46,11,0,2,1,1,0,Matches,Chelsea,2024
143,Levi Colwill,eng ENG,DF,22-072,32.0,38,1.19,34,2,0,1,0,1,3,0.09,2,0,0,0,0,1,Matches,Chelsea,2024
144,Marc Cucurella,es ESP,DF,26-291,30.2,48,1.59,42,3,0,2,1,0,5,0.17,4,1,0,0,0,0,Matches,Chelsea,2024
145,Enzo Fernández,ar ARG,MF,24-112,29.7,141,4.74,111,15,2,4,4,5,16,0.54,13,2,0,1,0,0,Matches,Chelsea,2024
146,Robert Sánchez,es ESP,GK,27-172,29.0,7,0.24,6,1,0,0,0,0,2,0.07,1,1,0,0,0,0,Matches,Chelsea,2024
147,Nicolas Jackson,sn SEN,FW,23-323,24.3,68,2.8,41,0,9,7,9,2,10,0.41,7,0,2,1,0,0,Matches,Chelsea,2024
148,Noni Madueke,eng ENG,FW,23-060,20.1,76,3.77,54,0,10,7,4,1,8,0.4,5,0,0,1,1,1,Matches,Chelsea,2024
149,Pedro Neto,pt POR,FW,25-061,22.4,85,3.8,63,8,5,5,4,0,8,0.36,5,1,2,0,0,0,Matches,Chelsea,2024
150,Malo Gusto,fr FRA,DF,21-355,20.4,57,2.8,56,0,0,1,0,0,4,0.2,4,0,0,0,0,0,Matches,Chelsea,2024
151,Jadon Sancho,eng ENG,FW,25-045,18.7,67,3.57,60,0,3,1,3,0,10,0.53,9,0,0,0,1,0,Matches,Chelsea,2024
152,Wesley Fofana,fr FRA,DF,24-143,13.0,15,1.15,12,1,1,1,0,0,0,0.0,0,0,0,0,0,0,Matches,Chelsea,2024
153,Tosin Adarabioyo,eng ENG,DF,27-227,13.7,12,0.88,7,0,0,5,0,0,1,0.07,0,0,0,1,0,0,Matches,Chelsea,2024
154,Reece James,eng ENG,"DF,MF",25-152,9.3,15,1.61,9,5,0,1,0,0,1,0.11,0,0,0,1,0,0,Matches,Chelsea,2024
155,Trevoh Chalobah,eng ENG,DF,25-308,9.3,12,1.29,9,0,0,2,0,1,3,0.32,1,0,0,1,0,1,Matches,Chelsea,2024
156,Roméo Lavia,be BEL,MF,21-123,7.6,13,1.71,12,0,0,0,0,1,2,0.26,2,0,0,0,0,0,Matches,Chelsea,2024
157,Christopher Nkunku,fr FRA,FW,27-176,10.2,34,3.32,21,0,5,5,1,2,4,0.39,1,0,1,1,1,0,Matches,Chelsea,2024
158,Filip Jørgensen,dk DEN,GK,23-023,6.0,1,0.17,1,0,0,0,0,0,0,0.0,0,0,0,0,0,0,Matches,Chelsea,2024
159,Axel Disasi,fr FRA,DF,27-059,4.0,2,0.49,2,0,0,0,0,0,0,0.0,0,0,0,0,0,0,Matches,Chelsea,2024
160,João Félix,pt POR,"FW,MF",25-180,4.1,18,4.38,12,0,2,3,1,0,3,0.73,1,0,1,0,1,0,Matches,Chelsea,2024
161,Benoît Badiashile,fr FRA,DF,24-044,3.7,0,0.0,0,0,0,0,0,0,0,0.0,0,0,0,0,0,0,Matches,Chelsea,2024
162,Kiernan Dewsbury-Hall,eng ENG,"MF,FW",26-245,2.9,5,1.73,5,0,0,0,0,0,1,0.35,1,0,0,0,0,0,Matches,Chelsea,2024
163,Joshua Acheampong,eng ENG,DF,19-004,1.9,2,1.06,2,0,0,0,0,0,0,0.0,0,0,0,0,0,0,Matches,Chelsea,2024
164,Renato Veiga,pt POR,"DF,MF",21-284,2.0,1,0.49,0,0,0,1,0,0,0,0.0,0,0,0,0,0,0,Matches,Chelsea,2024
165,Mykhailo Mudryk,ua UKR,FW,24-124,1.7,6,3.6,4,1,0,0,1,0,0,0.0,0,0,0,0,0,0,Matches,Chelsea,2024
166,Tyrique George,eng ENG,FW,19-094,1.1,6,5.24,5,0,1,0,0,0,1,0.87,1,0,0,0,0,0,Matches,Chelsea,2024
167,Marc Guiu,es ESP,FW,19-125,0.8,1,1.22,1,0,0,0,0,0,0,0.0,0,0,0,0,0,0,Matches,Chelsea,2024
168,Mathis Amougou,fr FRA,MF,19-111,0.1,0,0.0,0,0,0,0,0,0,0,0.0,0,0,0,0,0,0,Matches,Chelsea,2024
169,Shumaira Mheuka,eng ENG,MF,17-201,0.0,0,0.0,0,0,0,0,0,0,0,0.0,0,0,0,0,0,0,Matches,Chelsea,2024
170,Dean Henderson,eng ENG,GK,28-058,35.0,3,0.09,2,1,0,0,0,0,0,0.0,0,0,0,0,0,0,Matches,Crystal Palace,2024
171,Tyrick Mitchell,eng ENG,DF,25-250,32.7,69,2.11,62,1,0,3,2,1,6,0.18,5,0,0,0,1,0,Matches,Crystal Palace,2024
172,Daniel Muñoz,co COL,DF,28-348,32.9,78,2.37,64,2,2,5,1,4,9,0.27,7,0,1,1,0,0,Matches,Crystal Palace,2024
173,Marc Guéhi,eng ENG,DF,24-300,33.0,41,1.24,34,0,0,4,2,1,5,0.15,4,0,0,0,0,1,Matches,Crystal Palace,2024
174,Maxence Lacroix,fr FRA,DF,25-033,31.6,26,0.82,21,1,0,4,0,0,4,0.13,2,1,0,1,0,0,Matches,Crystal Palace,2024
175,Jean-Philippe Mateta,fr FRA,FW,27-315,28.0,56,2.0,38,0,4,9,5,0,8,0.29,3,0,3,2,0,0,Matches,Crystal Palace,2024
176,Eberechi Eze,eng ENG,"MF,FW",26-314,27.0,125,4.64,66,26,11,12,9,1,9,0.33,8,1,0,0,0,0,Matches,Crystal Palace,2024
177,Ismaila Sarr,sn SEN,"MF,FW",27-073,27.6,101,3.66,74,0,6,7,14,0,10,0.36,7,0,1,0,2,0,Matches,Crystal Palace,2024
178,Jefferson Lerma,co COL,"MF,DF",30-196,22.6,44,1.95,35,5,0,3,0,1,3,0.13,3,0,0,0,0,0,Matches,Crystal Palace,2024
179,Will Hughes,eng ENG,MF,30-022,21.1,61,2.89,38,15,1,2,5,0,6,0.28,2,3,0,1,0,0,Matches,Crystal Palace,2024
180,Chris Richards,us USA,DF,25-042,18.4,7,0.38,3,0,0,2,1,1,2,0.11,0,0,0,2,0,0,Matches,Crystal Palace,2024
181,Adam Wharton,eng ENG,MF,20-341,14.6,59,4.03,45,11,0,2,0,1,6,0.41,4,2,0,0,0,0,Matches,Crystal Palace,2024
182,Daichi Kamada,jp JPN,MF,28-277,15.8,49,3.1,36,6,1,3,1,2,3,0.19,2,1,0,0,0,0,Matches,Crystal Palace,2024
183,Trevoh Chalobah,eng ENG,DF,25-308,11.8,11,0.93,10,0,1,0,0,0,0,0.0,0,0,0,0,0,0,Matches,Crystal Palace,2024
184,Eddie Nketiah,eng ENG,"FW,MF",25-344,9.9,27,2.71,17,0,3,3,4,0,2,0.2,1,0,0,0,1,0,Matches,Crystal Palace,2024
185,Nathaniel Clyne,eng ENG,"DF,MF",34-034,5.4,3,0.56,3,0,0,0,0,0,0,0.0,0,0,0,0,0,0,Matches,Crystal Palace,2024
186,Cheick Doucouré,ml MLI,MF,25-121,5.0,9,1.79,5,0,0,2,1,1,3,0.6,1,0,0,1,1,0,Matches,Crystal Palace,2024
187,Justin Devenny,nir NIR,MF,21-210,4.8,11,2.3,8,2,0,1,0,0,0,0.0,0,0,0,0,0,0,Matches,Crystal Palace,2024
188,Odsonne Édouard,fr FRA,"MF,FW",27-113,1.3,1,0.78,1,0,0,0,0,0,0,0.0,0,0,0,0,0,0,Matches,Crystal Palace,2024
189,Joachim Andersen,dk DEN,DF,28-343,1.0,1,1.0,1,0,0,0,0,0,0,0.0,0,0,0,0,0,0,Matches,Crystal Palace,2024
190,Chadi Riad,ma MAR,DF,21-326,1.0,0,0.0,0,0,0,0,0,0,0,0.0,0,0,0,0,0,0,Matches,Crystal Palace,2024
191,Ben Chilwell,eng ENG,DF,28-139,1.5,3,1.93,2,0,0,1,0,0,0,0.0,0,0,0,0,0,0,Matches,Crystal Palace,2024
192,Jeffrey Schlupp,gh GHA,"MF,DF",32-137,1.1,7,6.06,5,0,1,1,0,0,0,0.0,0,0,0,0,0,0,Matches,Crystal Palace,2024
193,Romain Esse,eng ENG,MF,19-361,0.4,2,5.14,2,0,0,0,0,0,0,0.0,0,0,0,0,0,0,Matches,Crystal Palace,2024
194,Matheus França,br BRA,"FW,MF",21-038,0.3,1,3.46,0,0,0,1,0,0,0,0.0,0,0,0,0,0,0,Matches,Crystal Palace,2024
195,Jordan Ayew,gh GHA,"FW,MF",33-240,0.2,1,4.29,1,0,0,0,0,0,0,0.0,0,0,0,0,0,0,Matches,Crystal Palace,2024
196,Caleb Kporha,eng ENG,DF,18-298,0.1,0,0.0,0,0,0,0,0,0,0,0.0,0,0,0,0,0,0,Matches,Crystal Palace,2024
197,Asher Agbinone,eng ENG,MF,19-223,0.1,1,15.0,1,0,0,0,0,0,0,0.0,0,0,0,0,0,0,Matches,Crystal Palace,2024
198,Joel Ward,eng ENG,DF,35-192,0.0,0,0.0,0,0,0,0,0,0,0,0.0,0,0,0,0,0,0,Matches,Crystal Palace,2024
199,Jordan Pickford,eng ENG,GK,31-063,35.0,12,0.34,11,1,0,0,0,0,2,0.06,2,0,0,0,0,0,Matches,Everton,2024
200,James Tarkowski,eng ENG,DF,32-171,32.5,38,1.17,32,2,0,4,0,0,4,0.12,4,0,0,0,0,0,Matches,Everton,2024
201,Vitaliy Mykolenko,ua UKR,DF,25-345,31.2,38,1.22,36,0,1,1,0,0,3,0.1,2,0,0,1,0,0,Matches,Everton,2024
202,Idrissa Gana Gueye,sn SEN,MF,35-225,31.0,56,1.8,48,0,1,2,3,2,3,0.1,3,0,0,0,0,0,Matches,Everton,2024
203,Abdoulaye Doucouré,ml MLI,MF,32-128,26.9,54,2.0,48,0,3,2,0,1,2,0.07,1,0,0,0,0,1,Matches,Everton,2024
204,Iliman Ndiaye,sn SEN,FW,25-064,25.0,59,2.36,45,0,7,1,6,0,5,0.2,3,0,1,0,1,0,Matches,Everton,2024
205,Jarrad Branthwaite,eng ENG,DF,22-316,26.1,13,0.5,11,1,0,0,1,0,2,0.08,1,1,0,0,0,0,Matches,Everton,2024
206,Jack Harrison,eng ENG,FW,28-170,21.1,53,2.51,37,6,4,2,4,0,4,0.19,1,0,0,1,2,0,Matches,Everton,2024
207,Dominic Calvert-Lewin,eng ENG,FW,28-054,17.6,25,1.42,14,0,4,2,3,2,4,0.23,1,0,2,0,1,0,Matches,Everton,2024
208,Ashley Young,eng ENG,"DF,FW",39-304,18.0,38,2.11,28,6,0,1,2,1,6,0.33,4,0,0,1,0,1,Matches,Everton,2024
209,Jake O'Brien,ie IRL,DF,23-359,15.5,16,1.04,14,0,2,0,0,0,0,0.0,0,0,0,0,0,0,Matches,Everton,2024
210,Jesper Lindstrøm,dk DEN,FW,25-069,13.8,46,3.35,30,7,2,3,3,1,1,0.07,1,0,0,0,0,0,Matches,Everton,2024
211,James Garner,eng ENG,"MF,DF",24-057,14.7,33,2.24,24,9,0,0,0,0,5,0.34,4,1,0,0,0,0,Matches,Everton,2024
212,Dwight McNeil,eng ENG,"MF,FW",25-168,14.0,63,4.49,35,19,4,2,2,1,7,0.5,4,1,1,0,0,1,Matches,Everton,2024
213,Orel Mangala,be BEL,MF,27-052,14.0,24,1.72,17,1,2,3,1,0,1,0.07,0,0,0,0,1,0,Matches,Everton,2024
214,Beto,gw GNB,FW,27-098,14.1,17,1.21,11,0,3,1,2,0,0,0.0,0,0,0,0,0,0,Matches,Everton,2024
215,Michael Keane,eng ENG,DF,32-118,9.5,6,0.63,6,0,0,0,0,0,0,0.0,0,0,0,0,0,0,Matches,Everton,2024
216,Carlos Alcaraz,ar ARG,"FW,MF",22-160,6.4,26,4.03,21,1,3,0,1,0,4,0.62,4,0,0,0,0,0,Matches,Everton,2024
217,Tim Iroegbunam,eng ENG,MF,21-313,6.3,10,1.59,6,0,1,0,1,2,1,0.16,1,0,0,0,0,0,Matches,Everton,2024
218,Armando Broja,al ALB,FW,23-241,3.7,7,1.89,7,0,0,0,0,0,0,0.0,0,0,0,0,0,0,Matches,Everton,2024
219,Nathan Patterson,sct SCO,DF,23-205,3.9,11,2.85,8,1,2,0,0,0,1,0.26,1,0,0,0,0,0,Matches,Everton,2024
220,Séamus Coleman,ie IRL,DF,36-210,2.2,2,0.91,1,0,1,0,0,0,1,0.46,1,0,0,0,0,0,Matches,Everton,2024
221,Roman Dixon,eng ENG,DF,20-134,1.0,0,0.0,0,0,0,0,0,0,0,0.0,0,0,0,0,0,0,Matches,Everton,2024
222,Harrison Armstrong,eng ENG,MF,18-110,0.5,1,1.87,1,0,0,0,0,0,0,0.0,0,0,0,0,0,0,Matches,Everton,2024
223,Youssef Chermiti,pt POR,"FW,MF",20-350,0.5,0,0.0,0,0,0,0,0,0,0,0.0,0,0,0,0,0,0,Matches,Everton,2024
224,Mason Holgate,eng ENG,"FW,DF",28-199,0.1,0,0.0,0,0,0,0,0,0,0,0.0,0,0,0,0,0,0,Matches,Everton,2024
225,Bernd Leno,de GER,GK,33-066,35.0,5,0.14,5,0,0,0,0,0,2,0.06,2,0,0,0,0,0,Matches,Fulham,2024
226,Antonee Robinson,us USA,DF,27-274,33.2,77,2.32,72,1,1,2,0,1,11,0.33,11,0,0,0,0,0,Matches,Fulham,2024
227,Alex Iwobi,ng NGA,"FW,MF",29-006,31.1,115,3.7,99,0,8,6,2,0,16,0.52,13,0,2,1,0,0,Matches,Fulham,2024
228,Calvin Bassey,ng NGA,DF,25-129,32.2,23,0.72,19,1,2,0,0,1,3,0.09,2,0,0,0,0,1,Matches,Fulham,2024
229,Raúl Jiménez,mx MEX,FW,34-004,24.7,57,2.31,40,1,2,9,4,1,6,0.24,3,0,0,1,1,1,Matches,Fulham,2024
230,Joachim Andersen,dk DEN,DF,28-343,25.7,30,1.17,23,1,0,6,0,0,2,0.08,1,1,0,0,0,0,Matches,Fulham,2024
231,Saša Lukić,rs SRB,MF,28-269,24.1,50,2.08,32,11,0,5,1,1,3,0.12,2,0,0,1,0,0,Matches,Fulham,2024
232,Sander Berge,no NOR,MF,27-084,23.2,41,1.76,36,1,1,1,0,2,2,0.09,2,0,0,0,0,0,Matches,Fulham,2024
233,Emile Smith Rowe,eng ENG,MF,24-285,21.0,65,3.1,50,0,3,7,2,3,11,0.52,9,0,1,0,0,1,Matches,Fulham,2024
234,Andreas Pereira,br BRA,MF,29-128,20.9,101,4.84,52,41,0,4,4,0,8,0.38,4,2,0,0,2,0,Matches,Fulham,2024
235,Kenny Tete,nl NED,DF,29-212,16.7,32,1.91,24,0,2,3,2,1,3,0.18,3,0,0,0,0,0,Matches,Fulham,2024
236,Timothy Castagne,be BEL,DF,29-155,18.3,25,1.36,21,0,1,2,1,0,3,0.16,2,0,0,1,0,0,Matches,Fulham,2024
237,Adama Traoré,es ESP,"FW,MF",29-104,17.7,76,4.3,61,0,9,4,0,2,9,0.51,8,0,1,0,0,0,Matches,Fulham,2024
238,Issa Diop,fr FRA,DF,28-120,14.9,6,0.4,5,0,0,1,0,0,0,0.0,0,0,0,0,0,0,Matches,Fulham,2024
239,Harry Wilson,wls WAL,"FW,MF",28-048,11.1,37,3.32,27,6,0,1,2,1,3,0.27,2,0,0,0,1,0,Matches,Fulham,2024
240,Rodrigo Muniz,br BRA,FW,24-005,10.7,17,1.59,10,0,2,2,2,1,2,0.19,1,0,1,0,0,0,Matches,Fulham,2024
241,Ryan Sessegnon,eng ENG,"FW,DF",24-356,5.2,17,3.25,14,0,0,2,1,0,3,0.57,3,0,0,0,0,0,Matches,Fulham,2024
242,Reiss Nelson,eng ENG,FW,25-150,5.4,31,5.73,21,2,3,4,0,1,1,0.18,1,0,0,0,0,0,Matches,Fulham,2024
243,Jorge Cuenca,es ESP,DF,25-173,2.9,1,0.35,1,0,0,0,0,0,0,0.0,0,0,0,0,0,0,Matches,Fulham,2024
244,Tom Cairney,sct SCO,MF,34-109,5.5,28,5.08,25,2,0,0,1,0,3,0.54,3,0,0,0,0,0,Matches,Fulham,2024
245,Willian,br BRA,"FW,MF",36-273,2.7,15,5.6,10,3,0,2,0,0,0,0.0,0,0,0,0,0,0,Matches,Fulham,2024
246,Joshua King,eng ENG,"MF,FW",18-126,0.9,4,4.5,3,0,1,0,0,0,0,0.0,0,0,0,0,0,0,Matches,Fulham,2024
247,Harrison Reed,eng ENG,MF,30-102,1.2,1,0.89,0,1,0,0,0,0,0,0.0,0,0,0,0,0,0,Matches,Fulham,2024
248,Martial Godo,eng ENG,FW,22-056,0.2,0,0.0,0,0,0,0,0,0,0,0.0,0,0,0,0,0,0,Matches,Fulham,2024
249,Carlos Vinícius,br BRA,"MF,FW",30-045,0.2,2,11.25,0,0,1,0,1,0,0,0.0,0,0,0,0,0,0,Matches,Fulham,2024
250,Jay Stansfield,eng ENG,MF,22-166,0.0,0,0.0,0,0,0,0,0,0,0,0.0,0,0,0,0,0,0,Matches,Fulham,2024
251,Dara O'Shea,ie IRL,DF,26-066,31.7,22,0.69,18,0,0,1,2,1,4,0.13,4,0,0,0,0,0,Matches,Ipswich Town,2024
252,Liam Delap,eng ENG,FW,22-090,27.7,62,2.24,28,0,12,7,13,2,7,0.25,3,0,2,0,2,0,Matches,Ipswich Town,2024
253,Leif Davis,eng ENG,DF,25-117,28.5,85,2.98,42,36,3,2,1,1,4,0.14,3,0,1,0,0,0,Matches,Ipswich Town,2024
254,Sam Morsy,eg EGY,MF,33-241,27.6,40,1.45,35,4,0,0,1,0,2,0.07,2,0,0,0,0,0,Matches,Ipswich Town,2024
255,Omari Hutchinson,eng ENG,"MF,FW",21-191,25.7,68,2.65,49,0,8,5,4,2,6,0.23,6,0,0,0,0,0,Matches,Ipswich Town,2024
256,Jens Cajuste,se SWE,MF,25-272,19.8,30,1.51,23,2,4,0,0,1,1,0.05,0,0,1,0,0,0,Matches,Ipswich Town,2024
257,Jacob Greaves,eng ENG,DF,24-239,21.5,13,0.6,12,0,0,1,0,0,0,0.0,0,0,0,0,0,0,Matches,Ipswich Town,2024
258,Arijanet Muric,xk KVX,GK,26-183,18.0,1,0.06,0,1,0,0,0,0,0,0.0,0,0,0,0,0,0,Matches,Ipswich Town,2024
259,Axel Tuanzebe,cd COD,DF,27-176,16.1,11,0.68,9,1,0,0,1,0,2,0.12,2,0,0,0,0,0,Matches,Ipswich Town,2024
260,Cameron Burgess,au AUS,DF,29-200,16.1,13,0.81,13,0,0,0,0,0,3,0.19,3,0,0,0,0,0,Matches,Ipswich Town,2024
261,Ben Johnson,eng ENG,"DF,FW",25-105,15.0,23,1.54,11,9,0,1,2,0,5,0.33,4,0,0,1,0,0,Matches,Ipswich Town,2024
262,Kalvin Phillips,eng ENG,MF,29-158,13.7,17,1.24,13,3,0,1,0,0,3,0.22,3,0,0,0,0,0,Matches,Ipswich Town,2024
263,Sammie Szmodics,ie IRL,"FW,MF",29-227,10.9,9,0.83,7,0,1,1,0,0,0,0.0,0,0,0,0,0,0,Matches,Ipswich Town,2024
264,Luke Woolfenden,eng ENG,DF,26-200,13.2,2,0.15,2,0,0,0,0,0,0,0.0,0,0,0,0,0,0,Matches,Ipswich Town,2024
265,Wes Burns,wls WAL,"FW,DF",30-167,10.3,16,1.55,12,0,1,1,2,0,1,0.1,1,0,0,0,0,0,Matches,Ipswich Town,2024
266,Jack Clarke,eng ENG,"FW,MF",24-167,11.7,40,3.41,34,2,2,0,0,2,5,0.43,4,1,0,0,0,0,Matches,Ipswich Town,2024
267,Alex Palmer,eng ENG,GK,28-272,11.0,2,0.18,2,0,0,0,0,0,0,0.0,0,0,0,0,0,0,Matches,Ipswich Town,2024
268,Julio Enciso,py PAR,"FW,MF",21-106,7.9,23,2.92,12,4,4,2,0,1,4,0.51,2,1,1,0,0,0,Matches,Ipswich Town,2024
269,Conor Chaplin,eng ENG,"MF,FW",28-082,7.9,21,2.66,19,2,0,0,0,0,1,0.13,1,0,0,0,0,0,Matches,Ipswich Town,2024
270,Nathan Broadhead,wls WAL,"MF,FW",27-034,6.7,19,2.83,14,0,5,0,0,0,2,0.3,1,0,1,0,0,0,Matches,Ipswich Town,2024
271,Christian Walton,eng ENG,GK,29-181,6.0,2,0.33,1,1,0,0,0,0,0,0.0,0,0,0,0,0,0,Matches,Ipswich Town,2024
272,Jaden Philogene Bidace,eng ENG,"FW,DF",23-090,5.3,9,1.71,6,0,1,1,1,0,0,0.0,0,0,0,0,0,0,Matches,Ipswich Town,2024
273,Harry Clarke,eng ENG,DF,24-068,4.2,1,0.24,1,0,0,0,0,0,0,0.0,0,0,0,0,0,0,Matches,Ipswich Town,2024
274,Jack Taylor,ie IRL,MF,26-320,8.5,21,2.46,14,1,2,2,0,2,2,0.23,2,0,0,0,0,0,Matches,Ipswich Town,2024
275,George Hirst,sct SCO,FW,26-083,5.5,8,1.45,7,0,0,1,0,0,3,0.54,2,0,0,1,0,0,Matches,Ipswich Town,2024
276,Conor Townsend,eng ENG,DF,32-066,3.7,5,1.34,4,1,0,0,0,0,1,0.27,1,0,0,0,0,0,Matches,Ipswich Town,2024
277,Chiedozie Ogbene,ie IRL,FW,28-008,2.6,3,1.13,2,0,0,0,1,0,0,0.0,0,0,0,0,0,0,Matches,Ipswich Town,2024
278,Massimo Luongo,au AUS,MF,32-226,2.2,0,0.0,0,0,0,0,0,0,0,0.0,0,0,0,0,0,0,Matches,Ipswich Town,2024
279,Ben Godfrey,eng ENG,DF,27-114,1.8,1,0.57,1,0,0,0,0,0,0,0.0,0,0,0,0,0,0,Matches,Ipswich Town,2024
280,Ali Al Hamadi,iq IRQ,FW,23-069,1.5,8,5.37,4,0,3,0,1,0,0,0.0,0,0,0,0,0,0,Matches,Ipswich Town,2024
281,Marcus Harness,eng ENG,MF,29-074,0.5,2,4.0,2,0,0,0,0,0,0,0.0,0,0,0,0,0,0,Matches,Ipswich Town,2024
282,George Edmundson,eng ENG,DF,27-251,0.0,0,0.0,0,0,0,0,0,0,0,0.0,0,0,0,0,0,0,Matches,Ipswich Town,2024
283,Jamie Vardy,eng ENG,FW,38-118,29.5,44,1.49,31,0,5,2,6,0,9,0.3,4,0,2,1,2,0,Matches,Leicester City,2024
284,James Justin,eng ENG,DF,27-075,29.7,31,1.05,20,2,1,4,4,0,1,0.03,1,0,0,0,0,0,Matches,Leicester City,2024
285,Victor Bernth Kristiansen,dk DEN,DF,22-144,26.4,41,1.55,32,6,1,0,2,0,3,0.11,3,0,0,0,0,0,Matches,Leicester City,2024
286,Wout Faes,be BEL,DF,27-036,28.3,17,0.6,15,0,0,1,0,1,0,0.0,0,0,0,0,0,0,Matches,Leicester City,2024
287,Mads Hermansen,dk DEN,GK,24-302,26.5,3,0.11,3,0,0,0,0,0,0,0.0,0,0,0,0,0,0,Matches,Leicester City,2024
288,Wilfred Ndidi,ng NGA,MF,28-144,23.9,27,1.13,25,0,1,1,0,0,3,0.13,3,0,0,0,0,0,Matches,Leicester City,2024
289,Bilal El Khannouss,ma MAR,MF,20-364,22.3,66,2.97,48,7,6,3,2,0,5,0.22,4,1,0,0,0,0,Matches,Leicester City,2024
290,Boubakary Soumaré,fr FRA,MF,26-071,21.8,34,1.56,26,0,5,1,2,0,3,0.14,3,0,0,0,0,0,Matches,Leicester City,2024
291,Harry Winks,eng ENG,MF,29-096,17.1,39,2.28,29,7,1,1,1,0,3,0.18,2,1,0,0,0,0,Matches,Leicester City,2024
292,Stephy Mavididi,eng ENG,FW,26-343,17.9,50,2.78,39,2,4,2,2,1,7,0.39,6,0,1,0,0,0,Matches,Leicester City,2024
293,Conor Coady,eng ENG,DF,32-073,16.0,5,0.31,5,0,0,0,0,0,0,0.0,0,0,0,0,0,0,Matches,Leicester City,2024
294,Jordan Ayew,gh GHA,"FW,MF",33-240,15.8,35,2.21,22,7,2,3,0,1,2,0.13,1,0,0,1,0,0,Matches,Leicester City,2024
295,Jannik Vestergaard,dk DEN,DF,32-279,15.5,7,0.45,6,0,0,0,0,1,0,0.0,0,0,0,0,0,0,Matches,Leicester City,2024
296,Facundo Buonanotte,ar ARG,"FW,MF",20-137,16.4,50,3.05,27,11,8,1,3,0,4,0.24,1,2,1,0,0,0,Matches,Leicester City,2024
297,Caleb Okoli,it ITA,DF,23-300,12.5,4,0.32,4,0,0,0,0,0,0,0.0,0,0,0,0,0,0,Matches,Leicester City,2024
298,Luke Thomas,eng ENG,DF,23-333,9.7,12,1.24,8,3,0,0,0,1,1,0.1,1,0,0,0,0,0,Matches,Leicester City,2024
299,Bobby De Cordova-Reid,jm JAM,FW,32-096,8.3,13,1.57,8,0,0,3,2,0,3,0.36,1,0,0,1,1,0,Matches,Leicester City,2024
300,Oliver Skipp,eng ENG,MF,24-235,11.1,14,1.27,12,1,0,0,1,0,0,0.0,0,0,0,0,0,0,Matches,Leicester City,2024
301,Jakub Stolarczyk,pl POL,GK,24-141,7.0,0,0.0,0,0,0,0,0,0,0,0.0,0,0,0,0,0,0,Matches,Leicester City,2024
302,Kasey McAteer,ie IRL,"FW,MF",23-168,6.8,18,2.65,16,0,0,0,2,0,2,0.29,1,0,0,0,1,0,Matches,Leicester City,2024
303,Abdul Fatawu Issahaku,gh GHA,FW,21-062,6.4,17,2.64,10,0,2,1,4,0,3,0.47,2,0,0,1,0,0,Matches,Leicester City,2024
304,Patson Daka,zm ZAM,"FW,MF",26-212,7.3,10,1.38,7,0,2,1,0,0,1,0.14,0,0,1,0,0,0,Matches,Leicester City,2024
305,Ricardo Pereira,pt POR,DF,31-215,3.8,3,0.79,3,0,0,0,0,0,0,0.0,0,0,0,0,0,0,Matches,Leicester City,2024
306,Danny Ward,wls WAL,GK,31-321,1.5,0,0.0,0,0,0,0,0,0,0,0.0,0,0,0,0,0,0,Matches,Leicester City,2024
307,Hamza Choudhury,bd BAN,"MF,DF",27-220,1.5,3,2.05,2,0,1,0,0,0,0,0.0,0,0,0,0,0,0,Matches,Leicester City,2024
308,Woyo Coulibaly,fr FRA,DF,25-354,1.2,0,0.0,0,0,0,0,0,0,0,0.0,0,0,0,0,0,0,Matches,Leicester City,2024
309,Jeremy Monga,,"FW,MF",,0.6,1,1.73,1,0,0,0,0,0,0,0.0,0,0,0,0,0,0,Matches,Leicester City,2024
310,Odsonne Édouard,fr FRA,FW,27-113,0.3,2,6.21,2,0,0,0,0,0,0,0.0,0,0,0,0,0,0,Matches,Leicester City,2024
311,Jake Evans,,FW,,0.1,0,0.0,0,0,0,0,0,0,0,0.0,0,0,0,0,0,0,Matches,Leicester City,2024
312,Will Alves,eng ENG,FW,20-095,0.0,0,0.0,0,0,0,0,0,0,0,0.0,0,0,0,0,0,0,Matches,Leicester City,2024
313,Michael Golding,eng ENG,MF,18-351,0.0,0,0.0,0,0,0,0,0,0,0,0.0,0,0,0,0,0,0,Matches,Leicester City,2024
314,Virgil van Dijk,nl NED,DF,33-305,35.0,47,1.34,40,0,1,3,1,2,4,0.11,4,0,0,0,0,0,Matches,Liverpool,2024
315,Mohamed Salah,eg EGY,FW,32-328,34.5,157,4.56,114,2,20,14,5,2,26,0.75,19,0,5,2,0,0,Matches,Liverpool,2024
316,Ryan Gravenberch,nl NED,MF,22-358,32.5,65,2.0,57,0,5,2,0,1,6,0.18,6,0,0,0,0,0,Matches,Liverpool,2024
317,Alexis Mac Allister,ar ARG,MF,26-136,28.6,119,4.16,82,24,2,6,2,3,15,0.52,10,3,0,2,0,0,Matches,Liverpool,2024
318,Trent Alexander-Arnold,eng ENG,DF,26-214,25.5,94,3.68,72,14,4,4,0,0,10,0.39,9,1,0,0,0,0,Matches,Liverpool,2024
319,Ibrahima Konaté,fr FRA,DF,25-349,25.8,30,1.16,25,0,0,4,0,1,7,0.27,6,0,0,0,0,1,Matches,Liverpool,2024
320,Andrew Robertson,sct SCO,DF,31-059,25.6,75,2.92,63,9,1,1,0,1,3,0.12,3,0,0,0,0,0,Matches,Liverpool,2024
321,Dominik Szoboszlai,hu HUN,MF,24-196,25.3,108,4.27,84,5,4,12,2,1,14,0.55,11,0,0,3,0,0,Matches,Liverpool,2024
322,Luis Díaz,co COL,FW,28-116,24.7,116,4.69,87,0,16,9,4,0,16,0.65,13,0,1,0,2,0,Matches,Liverpool,2024
323,Alisson,br BRA,GK,32-219,24.9,6,0.24,6,0,0,0,0,0,1,0.04,1,0,0,0,0,0,Matches,Liverpool,2024
324,Cody Gakpo,nl NED,FW,26-002,19.1,71,3.72,52,0,8,5,4,2,7,0.37,3,0,3,0,1,0,Matches,Liverpool,2024
325,Curtis Jones,eng ENG,"MF,DF",24-099,17.0,42,2.47,37,0,0,3,2,0,7,0.41,5,0,0,1,1,0,Matches,Liverpool,2024
326,Diogo Jota,pt POR,FW,28-156,12.8,35,2.73,22,0,6,5,1,1,9,0.7,5,0,2,1,1,0,Matches,Liverpool,2024
327,Caoimhín Kelleher,ie IRL,GK,26-167,10.0,3,0.3,3,0,0,0,0,0,1,0.1,1,0,0,0,0,0,Matches,Liverpool,2024
328,Darwin Núñez,uy URU,FW,25-319,11.7,27,2.31,18,0,4,1,2,2,4,0.34,3,0,0,0,1,0,Matches,Liverpool,2024
329,Kostas Tsimikas,gr GRE,DF,28-362,8.3,28,3.37,18,9,0,0,1,0,2,0.24,1,1,0,0,0,0,Matches,Liverpool,2024
330,Joe Gomez,eng ENG,DF,27-351,5.8,5,0.87,5,0,0,0,0,0,1,0.17,1,0,0,0,0,0,Matches,Liverpool,2024
331,Conor Bradley,nir NIR,DF,21-304,6.3,16,2.54,11,0,4,0,1,0,2,0.32,2,0,0,0,0,0,Matches,Liverpool,2024
332,Jarell Quansah,eng ENG,DF,22-100,4.5,2,0.44,2,0,0,0,0,0,0,0.0,0,0,0,0,0,0,Matches,Liverpool,2024
333,Harvey Elliott,eng ENG,"MF,FW",22-035,3.0,15,5.06,11,3,1,0,0,0,2,0.67,2,0,0,0,0,0,Matches,Liverpool,2024
334,Wataru Endo,jp JPN,MF,32-089,2.6,6,2.26,6,0,0,0,0,0,0,0.0,0,0,0,0,0,0,Matches,Liverpool,2024
335,Federico Chiesa,it ITA,FW,27-196,0.5,3,5.87,3,0,0,0,0,0,1,1.96,1,0,0,0,0,0,Matches,Liverpool,2024
336,Vitezslav Jaros,cz CZE,GK,23-290,0.1,0,0.0,0,0,0,0,0,0,0,0.0,0,0,0,0,0,0,Matches,Liverpool,2024
337,Jayden Danns,eng ENG,MF,19-113,0.1,0,0.0,0,0,0,0,0,0,0,0.0,0,0,0,0,0,0,Matches,Liverpool,2024
338,Joško Gvardiol,hr CRO,DF,23-106,33.4,69,2.07,64,1,2,2,0,0,7,0.21,6,0,1,0,0,0,Matches,Manchester City,2024
339,Erling Haaland,no NOR,FW,24-292,27.6,62,2.25,43,0,8,10,1,0,9,0.33,6,0,2,1,0,0,Matches,Manchester City,2024
340,Bernardo Silva,pt POR,"MF,FW",30-272,26.7,83,3.11,74,2,4,0,3,0,8,0.3,8,0,0,0,0,0,Matches,Manchester City,2024
341,Ederson,br BRA,GK,31-265,22.8,6,0.26,6,0,0,0,0,0,4,0.18,4,0,0,0,0,0,Matches,Manchester City,2024
342,İlkay Gündoğan,de GER,MF,34-197,22.8,74,3.25,58,8,4,4,0,0,11,0.48,9,1,0,1,0,0,Matches,Manchester City,2024
343,Mateo Kovačić,hr CRO,MF,31-003,22.8,63,2.77,52,0,3,4,3,1,6,0.26,4,0,1,1,0,0,Matches,Manchester City,2024
344,Rúben Dias,pt POR,DF,27-360,22.2,22,0.99,15,0,0,5,0,2,1,0.04,1,0,0,0,0,0,Matches,Manchester City,2024
345,Sávio,br BRA,"FW,MF",21-029,19.3,107,5.55,76,2,15,4,7,3,15,0.78,10,0,2,1,1,1,Matches,Manchester City,2024
346,Rico Lewis,eng ENG,"DF,MF",20-169,20.2,31,1.54,30,0,0,0,1,0,3,0.15,3,0,0,0,0,0,Matches,Manchester City,2024
347,Manuel Akanji,ch SUI,DF,29-294,19.4,34,1.75,34,0,0,0,0,0,2,0.1,2,0,0,0,0,0,Matches,Manchester City,2024
348,Phil Foden,eng ENG,"MF,FW",24-346,18.8,84,4.47,56,18,2,5,3,0,9,0.48,5,1,0,3,0,0,Matches,Manchester City,2024
349,Kevin De Bruyne,be BEL,"MF,FW",33-315,17.1,104,6.08,67,24,3,6,2,2,11,0.64,9,1,0,1,0,0,Matches,Manchester City,2024
350,Matheus Nunes,pt POR,"DF,MF",26-255,16.6,39,2.35,32,1,2,2,2,0,6,0.36,4,0,1,1,0,0,Matches,Manchester City,2024
351,Jeremy Doku,be BEL,"FW,MF",22-347,15.5,68,4.38,52,1,12,1,2,0,13,0.84,10,0,3,0,0,0,Matches,Manchester City,2024
352,Stefan Ortega,de GER,GK,32-184,12.2,0,0.0,0,0,0,0,0,0,0,0.0,0,0,0,0,0,0,Matches,Manchester City,2024
353,Omar Marmoush,eg EGY,"FW,MF",26-091,11.1,33,2.98,18,3,1,4,7,0,1,0.09,0,0,0,0,1,0,Matches,Manchester City,2024
354,Kyle Walker,eng ENG,DF,34-346,10.8,17,1.58,17,0,0,0,0,0,0,0.0,0,0,0,0,0,0,Matches,Manchester City,2024
355,Nathan Aké,nl NED,DF,30-080,7.5,8,1.06,8,0,0,0,0,0,0,0.0,0,0,0,0,0,0,Matches,Manchester City,2024
356,Nicolás González,es ESP,MF,23-126,7.2,15,2.08,13,0,0,1,1,0,3,0.42,2,0,0,0,1,0,Matches,Manchester City,2024
357,Jack Grealish,eng ENG,"FW,MF",29-241,8.0,47,5.87,41,1,3,0,1,1,2,0.25,1,0,0,0,0,1,Matches,Manchester City,2024
358,John Stones,eng ENG,"DF,MF",30-346,6.1,8,1.31,8,0,0,0,0,0,2,0.33,2,0,0,0,0,0,Matches,Manchester City,2024
359,Nico O’Reilly,eng ENG,DF,20-049,5.7,12,2.11,9,1,1,0,1,0,2,0.35,2,0,0,0,0,0,Matches,Manchester City,2024
360,Abdukodir Khusanov,uz UZB,DF,21-069,5.6,5,0.89,5,0,0,0,0,0,0,0.0,0,0,0,0,0,0,Matches,Manchester City,2024
361,James Mcatee,eng ENG,"MF,FW",22-203,3.4,3,0.89,2,0,1,0,0,0,1,0.3,0,0,1,0,0,0,Matches,Manchester City,2024
362,Jahmai Simpson-Pusey,eng ENG,DF,19-186,1.1,0,0.0,0,0,0,0,0,0,0,0.0,0,0,0,0,0,0,Matches,Manchester City,2024
363,Rodri,es ESP,MF,28-321,0.7,2,2.77,2,0,0,0,0,0,0,0.0,0,0,0,0,0,0,Matches,Manchester City,2024
364,Divin Mubama,eng ENG,FW,20-196,0.3,0,0.0,0,0,0,0,0,0,0,0.0,0,0,0,0,0,0,Matches,Manchester City,2024
365,Oscar Bobb,no NOR,FW,21-301,0.2,2,12.0,1,0,1,0,0,0,0,0.0,0,0,0,0,0,0,Matches,Manchester City,2024
366,Vitor Reis,br BRA,DF,19-117,0.0,0,0.0,0,0,0,0,0,0,0,0.0,0,0,0,0,0,0,Matches,Manchester City,2024
367,André Onana,cm CMR,GK,29-037,33.0,4,0.12,3,1,0,0,0,0,0,0.0,0,0,0,0,0,0,Matches,Manchester United,2024
368,Bruno Fernandes,pt POR,MF,30-243,30.6,169,5.51,120,30,5,6,6,2,12,0.39,9,2,0,1,0,0,Matches,Manchester United,2024
369,Diogo Dalot,pt POR,DF,26-052,31.0,74,2.39,57,5,7,4,0,1,5,0.16,3,0,1,1,0,0,Matches,Manchester United,2024
370,Noussair Mazraoui,ma MAR,DF,27-176,29.3,50,1.71,40,2,1,2,3,2,1,0.03,1,0,0,0,0,0,Matches,Manchester United,2024
371,Matthijs de Ligt,nl NED,DF,25-270,23.6,14,0.59,12,0,0,2,0,0,1,0.04,1,0,0,0,0,0,Matches,Manchester United,2024
372,Alejandro Garnacho,ar ARG,"MF,FW",20-312,23.8,81,3.4,62,1,3,9,6,0,6,0.25,4,0,0,1,1,0,Matches,Manchester United,2024
373,Manuel Ugarte Ribeiro,uy URU,MF,24-028,19.0,31,1.64,24,0,0,2,2,3,4,0.21,3,0,0,1,0,0,Matches,Manchester United,2024
374,Lisandro Martínez,ar ARG,DF,27-111,19.5,26,1.34,23,0,0,2,0,1,2,0.1,2,0,0,0,0,0,Matches,Manchester United,2024
375,Rasmus Højlund,dk DEN,FW,22-094,19.4,30,1.55,20,0,3,4,3,0,1,0.05,0,0,0,0,1,0,Matches,Manchester United,2024
376,Kobbie Mainoo,eng ENG,MF,20-020,16.7,30,1.79,25,0,4,0,1,0,2,0.12,2,0,0,0,0,0,Matches,Manchester United,2024
377,Amad Diallo,ci CIV,"FW,MF",22-302,18.2,83,4.56,56,9,8,2,4,4,17,0.93,7,0,4,1,1,4,Matches,Manchester United,2024
378,Harry Maguire,eng ENG,DF,32-065,17.1,17,0.99,12,1,0,4,0,0,0,0.0,0,0,0,0,0,0,Matches,Manchester United,2024
379,Casemiro,br BRA,MF,33-075,14.8,49,3.31,45,1,0,3,0,0,3,0.2,3,0,0,0,0,0,Matches,Manchester United,2024
380,Joshua Zirkzee,nl NED,"FW,MF",23-352,15.6,31,1.99,28,0,0,2,1,0,3,0.19,1,0,0,1,1,0,Matches,Manchester United,2024
381,Marcus Rashford,eng ENG,"FW,MF",27-190,10.9,29,2.67,24,1,2,2,0,0,1,0.09,1,0,0,0,0,0,Matches,Manchester United,2024
382,Leny Yoro,fr FRA,DF,19-177,12.4,8,0.65,5,0,0,2,0,1,0,0.0,0,0,0,0,0,0,Matches,Manchester United,2024
383,Christian Eriksen,dk DEN,MF,33-084,11.4,51,4.46,34,14,0,3,0,0,7,0.61,5,2,0,0,0,0,Matches,Manchester United,2024
384,Patrick Dorgu,dk DEN,DF,20-195,7.0,13,1.86,12,0,0,0,1,0,1,0.14,0,0,0,0,1,0,Matches,Manchester United,2024
385,Mason Mount,eng ENG,"MF,FW",26-119,4.8,15,3.14,9,2,0,3,1,0,0,0.0,0,0,0,0,0,0,Matches,Manchester United,2024
386,Victor Lindelöf,se SWE,DF,30-296,5.4,4,0.75,4,0,0,0,0,0,0,0.0,0,0,0,0,0,0,Matches,Manchester United,2024
387,Jonny Evans,nir NIR,DF,37-126,3.2,2,0.62,2,0,0,0,0,0,0,0.0,0,0,0,0,0,0,Matches,Manchester United,2024
388,Harry Amass,eng ENG,DF,18-054,2.8,6,2.11,6,0,0,0,0,0,0,0.0,0,0,0,0,0,0,Matches,Manchester United,2024
389,Luke Shaw,eng ENG,DF,29-301,2.4,9,3.72,7,2,0,0,0,0,0,0.0,0,0,0,0,0,0,Matches,Manchester United,2024
390,Altay Bayındır,tr TUR,GK,27-025,2.0,0,0.0,0,0,0,0,0,0,0,0.0,0,0,0,0,0,0,Matches,Manchester United,2024
391,Tyler Fredricson,eng ENG,DF,20-075,1.8,3,1.63,3,0,0,0,0,0,0,0.0,0,0,0,0,0,0,Matches,Manchester United,2024
392,Tyrell Malacia,nl NED,DF,25-265,1.1,2,1.8,1,0,0,0,1,0,0,0.0,0,0,0,0,0,0,Matches,Manchester United,2024
393,Chidozie Obi-Martin,dk DEN,FW,17-161,1.7,2,1.16,0,0,1,1,0,0,0,0.0,0,0,0,0,0,0,Matches,Manchester United,2024
394,Ayden Heaven,eng ENG,DF,18-229,1.1,2,1.89,0,0,1,0,1,0,0,0.0,0,0,0,0,0,0,Matches,Manchester United,2024
395,Toby Collyer,eng ENG,MF,21-126,2.0,5,2.5,4,0,0,1,0,0,0,0.0,0,0,0,0,0,0,Matches,Manchester United,2024
396,Antony,br BRA,"DF,MF",25-074,1.6,8,5.11,6,0,1,0,1,0,0,0.0,0,0,0,0,0,0,Matches,Manchester United,2024
397,Scott McTominay,sct SCO,MF,28-152,0.2,1,4.74,0,0,0,1,0,0,0,0.0,0,0,0,0,0,0,Matches,Manchester United,2024
398,Bruno Guimarães,br BRA,MF,27-174,33.4,121,3.63,108,3,3,0,4,3,17,0.51,16,1,0,0,0,0,Matches,Newcastle United,2024
399,Dan Burn,eng ENG,DF,33-000,34.0,21,0.62,16,1,0,3,1,0,3,0.09,2,1,0,0,0,0,Matches,Newcastle United,2024
400,Alexander Isak,se SWE,FW,25-230,28.6,89,3.11,68,1,8,8,2,2,14,0.49,11,0,1,0,1,1,Matches,Newcastle United,2024
401,Fabian Schär,ch SUI,DF,33-140,29.6,32,1.08,23,1,1,2,2,3,4,0.14,2,0,0,2,0,0,Matches,Newcastle United,2024
402,Valentino Livramento,eng ENG,DF,22-178,28.6,39,1.37,37,0,0,1,1,0,2,0.07,2,0,0,0,0,0,Matches,Newcastle United,2024
403,Joelinton,br BRA,"MF,FW",28-268,26.6,61,2.29,46,2,1,5,1,6,9,0.34,7,0,0,1,0,1,Matches,Newcastle United,2024
404,Jacob Murphy,eng ENG,FW,30-074,23.8,73,3.07,57,4,4,3,3,2,14,0.59,13,0,0,0,1,0,Matches,Newcastle United,2024
405,Sandro Tonali,it ITA,MF,25-001,26.2,61,2.32,44,1,3,5,5,3,8,0.3,8,0,0,0,0,0,Matches,Newcastle United,2024
406,Nick Pope,eng ENG,GK,33-020,25.0,6,0.24,6,0,0,0,0,0,0,0.0,0,0,0,0,0,0,Matches,Newcastle United,2024
407,Anthony Gordon,eng ENG,FW,24-074,24.8,99,3.99,71,10,7,3,8,0,12,0.48,9,1,1,0,1,0,Matches,Newcastle United,2024
408,Lewis Hall,eng ENG,DF,20-243,24.3,63,2.59,44,18,0,0,1,0,6,0.25,5,1,0,0,0,0,Matches,Newcastle United,2024
409,Harvey Barnes,eng ENG,FW,27-151,16.7,57,3.4,40,1,6,5,5,0,9,0.54,6,0,1,1,1,0,Matches,Newcastle United,2024
410,Kieran Trippier,eng ENG,DF,34-232,14.2,50,3.51,30,18,0,2,0,0,6,0.42,4,2,0,0,0,0,Matches,Newcastle United,2024
411,Joe Willock,eng ENG,"MF,FW",25-262,11.4,44,3.86,35,0,3,3,1,2,4,0.35,4,0,0,0,0,0,Matches,Newcastle United,2024
412,Martin Dúbravka,sk SVK,GK,36-114,10.0,0,0.0,0,0,0,0,0,0,0,0.0,0,0,0,0,0,0,Matches,Newcastle United,2024
413,Sean Longstaff,eng ENG,MF,27-191,8.9,14,1.58,12,0,1,1,0,0,2,0.23,1,0,0,1,0,0,Matches,Newcastle United,2024
414,Lloyd Kelly,eng ENG,DF,26-215,3.4,2,0.59,2,0,0,0,0,0,1,0.3,1,0,0,0,0,0,Matches,Newcastle United,2024
415,Sven Botman,nl NED,DF,25-117,2.6,0,0.0,0,0,0,0,0,0,0,0.0,0,0,0,0,0,0,Matches,Newcastle United,2024
416,Emil Krafth,se SWE,DF,30-280,3.2,3,0.93,2,0,0,1,0,0,0,0.0,0,0,0,0,0,0,Matches,Newcastle United,2024
417,Callum Wilson,eng ENG,FW,33-071,3.2,6,1.89,3,0,0,1,1,1,0,0.0,0,0,0,0,0,0,Matches,Newcastle United,2024
418,Lewis Miley,eng ENG,MF,19-008,2.8,3,1.08,2,0,0,0,0,1,0,0.0,0,0,0,0,0,0,Matches,Newcastle United,2024
419,Miguel Almirón,py PAR,FW,31-088,1.7,8,4.59,6,0,1,1,0,0,0,0.0,0,0,0,0,0,0,Matches,Newcastle United,2024
420,William Osula,dk DEN,FW,21-278,1.2,2,1.73,1,0,0,0,0,1,0,0.0,0,0,0,0,0,0,Matches,Newcastle United,2024
421,Matt Targett,eng ENG,DF,29-233,0.2,0,0.0,0,0,0,0,0,0,0,0.0,0,0,0,0,0,0,Matches,Newcastle United,2024
422,Matz Sels,be BEL,GK,33-072,35.0,5,0.14,2,3,0,0,0,0,0,0.0,0,0,0,0,0,0,Matches,Nottingham Forest,2024
423,Nikola Milenković,rs SRB,DF,27-209,34.0,18,0.53,14,0,0,3,0,1,3,0.09,3,0,0,0,0,0,Matches,Nottingham Forest,2024
424,Murillo,br BRA,DF,22-309,33.4,40,1.2,27,7,0,3,1,2,2,0.06,1,1,0,0,0,0,Matches,Nottingham Forest,2024
425,Ola Aina,ng NGA,DF,28-213,30.4,58,1.91,46,5,3,1,2,1,3,0.1,2,0,0,0,0,1,Matches,Nottingham Forest,2024
426,Chris Wood,nz NZL,FW,33-153,29.9,40,1.34,32,0,2,4,0,2,5,0.17,4,0,0,0,0,1,Matches,Nottingham Forest,2024
427,Morgan Gibbs-White,eng ENG,MF,25-102,28.2,104,3.68,88,0,3,7,4,2,17,0.6,12,0,0,4,1,0,Matches,Nottingham Forest,2024
428,Elliot Anderson,eng ENG,MF,22-184,27.4,78,2.85,38,18,7,7,3,5,10,0.36,4,3,0,1,1,1,Matches,Nottingham Forest,2024
429,Anthony Elanga,se SWE,"FW,MF",23-012,24.8,89,3.59,50,19,5,7,8,0,14,0.57,10,2,1,0,1,0,Matches,Nottingham Forest,2024
430,Neco Williams,wls WAL,DF,24-026,25.8,46,1.78,33,5,0,5,3,0,6,0.23,4,1,0,1,0,0,Matches,Nottingham Forest,2024
431,Callum Hudson-Odoi,eng ENG,"FW,MF",24-183,23.9,94,3.93,74,3,10,3,4,0,11,0.46,7,0,2,0,2,0,Matches,Nottingham Forest,2024
432,Nicolás Domínguez,ar ARG,"MF,FW",26-315,19.3,32,1.66,24,1,0,2,3,2,0,0.0,0,0,0,0,0,0,Matches,Nottingham Forest,2024
433,Ryan Yates,eng ENG,MF,27-169,20.8,36,1.73,25,0,1,6,2,2,3,0.14,2,0,0,1,0,0,Matches,Nottingham Forest,2024
434,Álex Moreno,es ESP,"DF,MF",31-335,10.6,16,1.51,15,1,0,0,0,0,2,0.19,2,0,0,0,0,0,Matches,Nottingham Forest,2024
435,Jota Silva,pt POR,"FW,MF",25-281,9.4,29,3.09,22,0,1,3,3,0,3,0.32,2,0,0,0,1,0,Matches,Nottingham Forest,2024
436,Morato,br BRA,DF,23-313,9.0,3,0.33,3,0,0,0,0,0,0,0.0,0,0,0,0,0,0,Matches,Nottingham Forest,2024
437,James Ward-Prowse,eng ENG,MF,30-189,4.4,10,2.25,6,4,0,0,0,0,2,0.45,1,1,0,0,0,0,Matches,Nottingham Forest,2024
438,Danilo,br BRA,"MF,FW",24-010,3.0,7,2.37,7,0,0,0,0,0,2,0.68,2,0,0,0,0,0,Matches,Nottingham Forest,2024
439,Ibrahim Sangaré,ci CIV,MF,27-158,4.1,6,1.46,5,0,0,1,0,0,0,0.0,0,0,0,0,0,0,Matches,Nottingham Forest,2024
440,Taiwo Awoniyi,ng NGA,FW,27-270,4.5,9,1.98,5,0,1,2,1,0,1,0.22,0,0,0,1,0,0,Matches,Nottingham Forest,2024
441,Ramón Sosa,py PAR,"FW,MF",25-251,3.3,14,4.23,11,0,2,1,0,0,0,0.0,0,0,0,0,0,0,Matches,Nottingham Forest,2024
442,Willy Boly,ci CIV,DF,34-095,1.7,0,0.0,0,0,0,0,0,0,0,0.0,0,0,0,0,0,0,Matches,Nottingham Forest,2024
443,Harry Toffolo,eng ENG,DF,29-263,1.5,0,0.0,0,0,0,0,0,0,0,0.0,0,0,0,0,0,0,Matches,Nottingham Forest,2024
444,Eric da Silva Moreira,de GER,"MF,DF",19-006,0.3,0,0.0,0,0,0,0,0,0,0,0.0,0,0,0,0,0,0,Matches,Nottingham Forest,2024
445,Kyle Walker-Peters,eng ENG,DF,28-026,32.4,63,1.94,40,3,10,5,3,2,7,0.22,5,0,1,1,0,0,Matches,Southampton,2024
446,Mateus Fernandes,pt POR,MF,20-303,29.3,71,2.42,40,13,5,6,6,1,6,0.2,4,1,0,0,0,1,Matches,Southampton,2024
447,Taylor Harwood-Bellis,eng ENG,DF,23-099,29.5,37,1.25,32,0,0,3,1,1,2,0.07,1,0,0,1,0,0,Matches,Southampton,2024
448,Jan Bednarek,pl POL,DF,29-027,27.1,16,0.59,15,0,0,1,0,0,0,0.0,0,0,0,0,0,0,Matches,Southampton,2024
449,Aaron Ramsdale,eng ENG,GK,26-360,27.0,3,0.11,2,1,0,0,0,0,0,0.0,0,0,0,0,0,0,Matches,Southampton,2024
450,Flynn Downes,eng ENG,MF,26-109,20.9,30,1.44,26,2,0,1,0,1,2,0.1,1,1,0,0,0,0,Matches,Southampton,2024
451,Joe Aribo,ng NGA,"MF,DF",28-292,21.2,37,1.75,32,0,2,1,2,0,1,0.05,1,0,0,0,0,0,Matches,Southampton,2024
452,Tyler Dibling,eng ENG,"FW,MF",19-058,19.4,56,2.89,34,1,11,5,5,0,4,0.21,2,0,1,1,0,0,Matches,Southampton,2024
453,Ryan Manning,ie IRL,"DF,MF",28-329,16.2,50,3.08,25,22,0,1,1,1,3,0.18,0,2,0,0,1,0,Matches,Southampton,2024
454,Lesley Ugochukwu,fr FRA,MF,21-044,16.9,23,1.36,19,0,1,1,2,0,1,0.06,0,0,0,1,0,0,Matches,Southampton,2024
455,Yukinari Sugawara,jp JPN,"DF,MF",24-315,16.3,39,2.39,30,5,1,3,0,0,1,0.06,1,0,0,0,0,0,Matches,Southampton,2024
456,Adam Armstrong,eng ENG,"FW,MF",28-088,13.9,19,1.37,12,1,2,4,0,0,4,0.29,1,0,0,3,0,0,Matches,Southampton,2024
457,Jack Stephens,eng ENG,DF,31-102,13.4,13,0.97,13,0,0,0,0,0,0,0.0,0,0,0,0,0,0,Matches,Southampton,2024
458,Kamaldeen Sulemana,gh GHA,"FW,MF",23-083,13.1,28,2.14,15,1,9,2,1,0,3,0.23,1,0,1,1,0,0,Matches,Southampton,2024
459,Cameron Archer,eng ENG,FW,23-292,15.3,17,1.12,8,0,4,4,1,0,0,0.0,0,0,0,0,0,0,Matches,Southampton,2024
460,Paul Onuachu,ng NGA,FW,30-346,11.4,9,0.79,8,0,0,1,0,0,1,0.09,1,0,0,0,0,0,Matches,Southampton,2024
461,James Bree,eng ENG,DF,27-210,9.9,15,1.51,12,2,0,1,0,0,1,0.1,1,0,0,0,0,0,Matches,Southampton,2024
462,Nathan Wood-Gordon,eng ENG,DF,22-343,6.9,3,0.43,3,0,0,0,0,0,0,0.0,0,0,0,0,0,0,Matches,Southampton,2024
463,William Smallbone,ie IRL,MF,25-077,7.2,15,2.09,11,3,0,1,0,0,0,0.0,0,0,0,0,0,0,Matches,Southampton,2024
464,Alex McCarthy,eng ENG,GK,35-157,5.0,0,0.0,0,0,0,0,0,0,0,0.0,0,0,0,0,0,0,Matches,Southampton,2024
465,Adam Lallana,eng ENG,MF,36-364,4.0,9,2.24,8,0,0,0,1,0,2,0.5,2,0,0,0,0,0,Matches,Southampton,2024
466,Ben Brereton,cl CHI,FW,26-021,5.0,9,1.8,7,0,0,0,2,0,0,0.0,0,0,0,0,0,0,Matches,Southampton,2024
467,Ryan Fraser,sct SCO,"FW,DF",31-074,3.4,5,1.47,5,0,0,0,0,0,0,0.0,0,0,0,0,0,0,Matches,Southampton,2024
468,Ross Stewart,sct SCO,FW,28-302,3.2,2,0.63,1,0,0,1,0,0,0,0.0,0,0,0,0,0,0,Matches,Southampton,2024
469,Joe Lumley,eng ENG,GK,30-083,3.0,0,0.0,0,0,0,0,0,0,0,0.0,0,0,0,0,0,0,Matches,Southampton,2024
470,Welington,br BRA,"DF,MF",24-079,2.4,6,2.51,5,1,0,0,0,0,1,0.42,1,0,0,0,0,0,Matches,Southampton,2024
471,Armel Bella Kotchap,de GER,DF,23-149,3.7,2,0.54,1,0,0,0,0,1,0,0.0,0,0,0,0,0,0,Matches,Southampton,2024
472,Charlie Taylor,eng ENG,DF,31-233,3.0,2,0.68,2,0,0,0,0,0,1,0.34,1,0,0,0,0,0,Matches,Southampton,2024
473,Albert Grønbaek,dk DEN,"FW,MF",23-351,1.6,2,1.26,1,0,0,1,0,0,0,0.0,0,0,0,0,0,0,Matches,Southampton,2024
474,Maxwel Cornet,ci CIV,FW,28-224,0.8,0,0.0,0,0,0,0,0,0,0,0.0,0,0,0,0,0,0,Matches,Southampton,2024
475,Samuel Edozie,eng ENG,"DF,FW",22-101,0.7,4,5.54,3,0,0,0,1,0,0,0.0,0,0,0,0,0,0,Matches,Southampton,2024
476,Jay Robinson,eng ENG,"MF,FW",18-055,0.4,3,7.5,2,0,1,0,0,0,0,0.0,0,0,0,0,0,0,Matches,Southampton,2024
477,Samuel Amo-Ameyaw,eng ENG,"FW,DF",18-295,0.3,2,6.43,1,0,0,0,1,0,0,0.0,0,0,0,0,0,0,Matches,Southampton,2024
478,Ronnie Edwards,eng ENG,DF,22-042,0.1,0,0.0,0,0,0,0,0,0,0,0.0,0,0,0,0,0,0,Matches,Southampton,2024
479,Carlos Alcaraz,ar ARG,MF,22-160,0.1,1,9.0,1,0,0,0,0,0,0,0.0,0,0,0,0,0,0,Matches,Southampton,2024
480,Pedro Porro,es ESP,DF,25-238,27.4,104,3.8,69,22,3,5,4,1,8,0.29,4,3,1,0,0,0,Matches,Tottenham Hotspur,2024
481,Dejan Kulusevski,se SWE,"MF,FW",25-014,26.3,127,4.82,95,12,15,2,3,0,9,0.34,7,1,1,0,0,0,Matches,Tottenham Hotspur,2024
482,Dominic Solanke,eng ENG,FW,27-237,23.5,37,1.57,25,0,0,9,2,1,8,0.34,6,0,0,1,1,0,Matches,Tottenham Hotspur,2024
483,Brennan Johnson,wls WAL,FW,23-351,23.1,46,1.99,30,0,6,4,5,1,7,0.3,5,0,1,0,1,0,Matches,Tottenham Hotspur,2024
484,Guglielmo Vicario,it ITA,GK,28-214,23.0,4,0.17,4,0,0,0,0,0,0,0.0,0,0,0,0,0,0,Matches,Tottenham Hotspur,2024
485,Son Heung-min,kr KOR,FW,32-305,22.3,116,5.21,86,8,10,7,5,0,15,0.67,13,0,0,1,1,0,Matches,Tottenham Hotspur,2024
486,Destiny Udogie,it ITA,DF,22-162,20.4,35,1.72,31,0,0,1,1,2,3,0.15,2,0,0,0,0,1,Matches,Tottenham Hotspur,2024
487,James Maddison,eng ENG,MF,28-167,20.1,95,4.73,66,13,7,3,6,0,18,0.9,12,2,3,1,0,0,Matches,Tottenham Hotspur,2024
488,Pape Matar Sarr,sn SEN,MF,22-237,19.2,42,2.19,34,2,2,3,0,1,6,0.31,4,0,1,1,0,0,Matches,Tottenham Hotspur,2024
489,Rodrigo Bentancur,uy URU,MF,27-318,16.9,45,2.67,36,0,1,5,1,2,3,0.18,3,0,0,0,0,0,Matches,Tottenham Hotspur,2024
490,Cristian Romero,ar ARG,DF,27-012,15.7,20,1.27,16,0,0,4,0,0,4,0.25,3,0,0,1,0,0,Matches,Tottenham Hotspur,2024
491,Djed Spence,eng ENG,DF,24-273,17.8,28,1.57,22,1,4,1,0,0,5,0.28,3,1,1,0,0,0,Matches,Tottenham Hotspur,2024
492,Archie Gray,eng ENG,"DF,MF",19-058,16.5,5,0.3,4,1,0,0,0,0,0,0.0,0,0,0,0,0,0,Matches,Tottenham Hotspur,2024
493,Yves Bissouma,ml MLI,MF,28-252,14.4,15,1.04,14,0,0,0,0,1,0,0.0,0,0,0,0,0,0,Matches,Tottenham Hotspur,2024
494,Radu Drăgușin,ro ROU,DF,23-095,13.9,8,0.58,8,0,0,0,0,0,1,0.07,1,0,0,0,0,0,Matches,Tottenham Hotspur,2024
495,Ben Davies,wls WAL,DF,32-015,12.5,8,0.64,7,0,0,0,0,1,0,0.0,0,0,0,0,0,0,Matches,Tottenham Hotspur,2024
496,Lucas Bergvall,se SWE,MF,19-096,13.5,22,1.63,16,4,0,2,0,0,4,0.3,3,0,0,1,0,0,Matches,Tottenham Hotspur,2024
497,Micky van de Ven,nl NED,DF,24-020,10.6,11,1.04,8,0,0,2,1,0,2,0.19,2,0,0,0,0,0,Matches,Tottenham Hotspur,2024
498,Mathys Tel,fr FRA,FW,20-012,7.2,20,2.78,14,1,1,2,2,0,1,0.14,1,0,0,0,0,0,Matches,Tottenham Hotspur,2024
499,Fraser Forster,eng ENG,GK,37-053,7.0,0,0.0,0,0,0,0,0,0,0,0.0,0,0,0,0,0,0,Matches,Tottenham Hotspur,2024
500,Wilson Odobert,fr FRA,FW,20-162,7.0,14,2.01,12,0,0,2,0,0,1,0.14,1,0,0,0,0,0,Matches,Tottenham Hotspur,2024
501,Kevin Danso,at AUT,DF,26-232,6.4,7,1.1,6,0,0,1,0,0,2,0.31,2,0,0,0,0,0,Matches,Tottenham Hotspur,2024
502,Timo Werner,de GER,"FW,MF",29-064,5.7,18,3.13,14,0,2,1,1,0,3,0.52,3,0,0,0,0,0,Matches,Tottenham Hotspur,2024
503,Richarlison,br BRA,FW,27-364,5.3,8,1.51,5,0,0,2,1,0,1,0.19,1,0,0,0,0,0,Matches,Tottenham Hotspur,2024
504,Antonín Kinský,cz CZE,GK,22-057,4.0,1,0.25,1,0,0,0,0,0,0,0.0,0,0,0,0,0,0,Matches,Tottenham Hotspur,2024
505,Mikey Moore,eng ENG,FW,17-271,2.3,10,4.33,6,2,0,1,1,0,2,0.87,1,0,0,1,0,0,Matches,Tottenham Hotspur,2024
506,Brandon Austin,eng ENG,GK,26-121,1.0,0,0.0,0,0,0,0,0,0,0,0.0,0,0,0,0,0,0,Matches,Tottenham Hotspur,2024
507,Sergio Reguilón,es ESP,DF,28-144,1.4,1,0.73,1,0,0,0,0,0,0,0.0,0,0,0,0,0,0,Matches,Tottenham Hotspur,2024
508,Dane Scarlett,eng ENG,"FW,MF",21-046,0.4,1,2.65,1,0,0,0,0,0,1,2.65,1,0,0,0,0,0,Matches,Tottenham Hotspur,2024
509,Alfie Dorrington,eng ENG,DF,20-019,0.2,0,0.0,0,0,0,0,0,0,0,0.0,0,0,0,0,0,0,Matches,Tottenham Hotspur,2024
510,Will Lankshear,eng ENG,"FW,MF",20-019,0.1,0,0.0,0,0,0,0,0,0,0,0.0,0,0,0,0,0,0,Matches,Tottenham Hotspur,2024
511,Max Kilman,eng ENG,DF,27-351,34.2,29,0.85,26,0,2,0,0,1,3,0.09,2,0,1,0,0,0,Matches,West Ham United,2024
512,Aaron Wan-Bissaka,eng ENG,DF,27-164,32.0,85,2.65,68,4,7,3,1,2,8,0.25,7,0,0,1,0,0,Matches,West Ham United,2024
513,Jarrod Bowen,eng ENG,"FW,MF",28-140,30.2,104,3.44,63,13,5,12,9,2,13,0.43,9,2,1,1,0,0,Matches,West Ham United,2024
514,Mohammed Kudus,gh GHA,"FW,MF",24-280,26.9,101,3.76,71,1,15,10,2,2,7,0.26,5,0,1,1,0,0,Matches,West Ham United,2024
515,Lucas Paquetá,br BRA,"MF,FW",27-255,26.0,79,3.04,65,2,2,4,5,1,6,0.23,3,0,0,2,1,0,Matches,West Ham United,2024
516,Tomáš Souček,cz CZE,MF,30-071,25.9,43,1.66,35,0,0,5,2,1,3,0.12,2,0,0,0,1,0,Matches,West Ham United,2024
517,Emerson Palmieri,it ITA,DF,30-279,23.4,41,1.75,25,11,0,2,2,1,2,0.09,1,1,0,0,0,0,Matches,West Ham United,2024
518,Alphonse Areola,fr FRA,GK,32-071,23.1,3,0.13,2,1,0,0,0,0,0,0.0,0,0,0,0,0,0,Matches,West Ham United,2024
519,Konstantinos Mavropanos,gr GRE,DF,27-149,21.6,16,0.74,12,0,1,2,0,1,0,0.0,0,0,0,0,0,0,Matches,West Ham United,2024
520,Edson Álvarez,mx MEX,MF,27-197,18.1,25,1.38,21,0,2,1,1,0,2,0.11,2,0,0,0,0,0,Matches,West Ham United,2024
521,Jean-Clair Todibo,fr FRA,DF,25-130,17.4,5,0.29,4,0,0,0,0,1,0,0.0,0,0,0,0,0,0,Matches,West Ham United,2024
522,Carlos Soler,es ESP,"MF,FW",28-127,15.1,47,3.12,29,7,2,5,3,1,2,0.13,2,0,0,0,0,0,Matches,West Ham United,2024
523,Guido Rodríguez,ar ARG,MF,31-027,11.3,10,0.88,8,0,0,2,0,0,0,0.0,0,0,0,0,0,0,Matches,West Ham United,2024
524,Łukasz Fabiański,pl POL,GK,40-021,11.9,3,0.25,2,1,0,0,0,0,0,0.0,0,0,0,0,0,0,Matches,West Ham United,2024
525,Michail Antonio,jm JAM,FW,35-042,9.3,22,2.37,14,0,1,5,1,1,4,0.43,0,0,0,4,0,0,Matches,West Ham United,2024
526,Vladimír Coufal,cz CZE,DF,32-260,9.7,13,1.34,9,4,0,0,0,0,1,0.1,0,1,0,0,0,0,Matches,West Ham United,2024
527,James Ward-Prowse,eng ENG,MF,30-189,9.0,26,2.88,14,9,0,3,0,0,1,0.11,0,1,0,0,0,0,Matches,West Ham United,2024
528,Aaron Cresswell,eng ENG,DF,35-145,7.5,12,1.6,5,7,0,0,0,0,0,0.0,0,0,0,0,0,0,Matches,West Ham United,2024
529,Crysencio Summerville,nl NED,"FW,MF",23-191,8.7,35,4.01,21,3,5,0,5,1,1,0.11,1,0,0,0,0,0,Matches,West Ham United,2024
530,Oliver Scarles,eng ENG,DF,19-148,6.6,5,0.76,5,0,0,0,0,0,0,0.0,0,0,0,0,0,0,Matches,West Ham United,2024
531,Niclas Füllkrug,de GER,FW,32-089,7.4,19,2.56,17,0,0,2,0,0,2,0.27,1,0,0,1,0,0,Matches,West Ham United,2024
532,Danny Ings,eng ENG,"FW,MF",32-290,3.2,12,3.8,7,0,1,3,1,0,2,0.63,0,0,0,1,1,0,Matches,West Ham United,2024
533,Andy Irving,sct SCO,MF,24-361,1.8,5,2.68,4,0,1,0,0,0,0,0.0,0,0,0,0,0,0,Matches,West Ham United,2024
534,Evan Ferguson,ie IRL,FW,20-202,1.7,4,2.31,2,0,1,1,0,0,0,0.0,0,0,0,0,0,0,Matches,West Ham United,2024
535,Luis Guilherme,br BRA,"MF,FW",19-089,1.5,10,6.52,6,1,1,1,1,0,0,0.0,0,0,0,0,0,0,Matches,West Ham United,2024
536,Lewis Orford,eng ENG,MF,19-080,0.5,2,3.67,2,0,0,0,0,0,0,0.0,0,0,0,0,0,0,Matches,West Ham United,2024
537,Kaelan Casey,eng ENG,DF,20-193,0.0,0,0.0,0,0,0,0,0,0,0,0.0,0,0,0,0,0,0,Matches,West Ham United,2024
538,Rayan Aït-Nouri,dz ALG,DF,23-337,31.8,78,2.45,47,13,7,7,3,1,12,0.38,10,1,0,0,0,1,Matches,Wolverhampton Wanderers,2024
539,João Gomes,br BRA,MF,24-086,30.9,62,2.01,49,1,5,2,2,3,3,0.1,3,0,0,0,0,0,Matches,Wolverhampton Wanderers,2024
540,Nélson Semedo,pt POR,DF,31-174,29.6,52,1.76,37,1,7,1,3,3,6,0.2,6,0,0,0,0,0,Matches,Wolverhampton Wanderers,2024
541,Jørgen Strand Larsen,no NOR,FW,25-092,27.4,40,1.46,31,1,1,3,2,2,5,0.18,5,0,0,0,0,0,Matches,Wolverhampton Wanderers,2024
542,André,br BRA,MF,23-297,25.0,45,1.8,37,3,1,0,0,4,3,0.12,2,1,0,0,0,0,Matches,Wolverhampton Wanderers,2024
543,José Sá,pt POR,GK,32-112,27.0,4,0.15,4,0,0,0,0,0,0,0.0,0,0,0,0,0,0,Matches,Wolverhampton Wanderers,2024
544,Matheus Cunha,br BRA,"MF,FW",25-347,26.9,118,4.38,67,11,17,8,12,3,16,0.59,10,0,4,0,1,1,Matches,Wolverhampton Wanderers,2024
545,Toti Gomes,pt POR,DF,26-113,26.0,20,0.77,19,0,0,1,0,0,1,0.04,1,0,0,0,0,0,Matches,Wolverhampton Wanderers,2024
546,Matt Doherty,ie IRL,DF,33-113,21.8,24,1.1,18,3,1,1,1,0,3,0.14,3,0,0,0,0,0,Matches,Wolverhampton Wanderers,2024
547,Jean-Ricner Bellegarde,fr FRA,"MF,FW",26-316,17.2,53,3.08,33,3,4,4,7,2,10,0.58,8,0,0,0,1,1,Matches,Wolverhampton Wanderers,2024
548,Santiago Bueno,uy URU,DF,26-181,18.7,12,0.64,10,1,0,0,0,1,4,0.21,3,0,0,0,0,1,Matches,Wolverhampton Wanderers,2024
549,Mario Lemina,ga GAB,"MF,DF",31-250,15.2,26,1.71,21,0,2,2,0,1,5,0.33,5,0,0,0,0,0,Matches,Wolverhampton Wanderers,2024
550,Emmanuel Agbadou,ci CIV,DF,27-326,12.7,15,1.18,14,1,0,0,0,0,2,0.16,2,0,0,0,0,0,Matches,Wolverhampton Wanderers,2024
551,Craig Dawson,eng ENG,DF,35-003,10.8,7,0.65,6,0,0,1,0,0,2,0.19,1,0,0,1,0,0,Matches,Wolverhampton Wanderers,2024
552,Marshall Munetsi,zw ZIM,"MF,FW",28-321,9.8,16,1.64,12,0,0,1,2,1,1,0.1,1,0,0,0,0,0,Matches,Wolverhampton Wanderers,2024
553,Gonçalo Guedes,pt POR,"MF,FW",28-161,8.7,23,2.64,21,0,1,0,1,0,8,0.92,7,0,1,0,0,0,Matches,Wolverhampton Wanderers,2024
554,Sam Johnstone,eng ENG,GK,32-045,7.0,2,0.29,2,0,0,0,0,0,0,0.0,0,0,0,0,0,0,Matches,Wolverhampton Wanderers,2024
555,Pablo Sarabia,es ESP,"MF,FW",32-363,8.0,25,3.14,17,6,2,0,0,0,4,0.5,3,0,1,0,0,0,Matches,Wolverhampton Wanderers,2024
556,Rodrigo Gomes,pt POR,"DF,FW",21-306,7.5,21,2.82,18,0,2,1,0,0,0,0.0,0,0,0,0,0,0,Matches,Wolverhampton Wanderers,2024
557,Hwang Hee-chan,kr KOR,"MF,FW",29-103,7.2,9,1.24,8,0,0,1,0,0,1,0.14,1,0,0,0,0,0,Matches,Wolverhampton Wanderers,2024
558,Yerson Mosquera,co COL,DF,24-007,4.9,5,1.02,5,0,0,0,0,0,0,0.0,0,0,0,0,0,0,Matches,Wolverhampton Wanderers,2024
559,Tommy Doyle,eng ENG,MF,23-204,5.4,17,3.13,11,4,1,1,0,0,3,0.55,2,0,1,0,0,0,Matches,Wolverhampton Wanderers,2024
560,Carlos Forbs,pt POR,"MF,FW",21-051,2.7,5,1.89,3,0,2,0,0,0,1,0.38,1,0,0,0,0,0,Matches,Wolverhampton Wanderers,2024
561,Daniel Bentley,eng ENG,GK,31-300,1.0,0,0.0,0,0,0,0,0,0,0,0.0,0,0,0,0,0,0,Matches,Wolverhampton Wanderers,2024
562,Pedro Lima,br BRA,DF,18-312,0.8,4,5.14,2,0,0,0,0,2,0,0.0,0,0,0,0,0,0,Matches,Wolverhampton Wanderers,2024
563,Daniel Podence,pt POR,"MF,FW",29-200,0.5,0,0.0,0,0,0,0,0,0,0,0.0,0,0,0,0,0,0,Matches,Wolverhampton Wanderers,2024
564,Nasser Djiga,bf BFA,"DF,FW",22-175,0.2,0,0.0,0,0,0,0,0,0,0,0.0,0,0,0,0,0,0,Matches,Wolverhampton Wanderers,2024
565,Chiquinho,pt POR,MF,25-093,0.1,2,25.71,2,0,0,0,0,0,0,0.0,0,0,0,0,0,0,Matches,Wolverhampton Wanderers,2024
566,Alfie Pond,eng ENG,DF,21-069,0.0,0,0.0,0,0,0,0,0,0,0,0.0,0,0,0,0,0,0,Matches,Wolverhampton Wanderers,2024
567,Boubacar Traoré,ml MLI,MF,23-262,0.0,0,0.0,0,0,0,0,0,0,0,0.0,0,0,0,0,0,0,Matches,Wolverhampton Wanderers,2024
