,Player,Nation,Pos,Age,90s,Att,pass_types_Live,pass_types_Dead,pass_types_FK,pass_types_TB,pass_types_Sw,pass_types_Crs,pass_types_TI,pass_types_CK,corner_kicks_In,corner_kicks_Out,corner_kicks_Str,outcomes_Cmp,outcomes_Off,outcomes_Blocks,Matches,Team,Season
0,Pedri,es ESP,MF,22-165,28.6,2368,2238,126,61,23,15,53,15,40,22,1,0,2056,4,38,Matches,Barcelona,2024
1,Jules Koundé,fr FRA,DF,26-178,28.9,2140,1803,332,66,6,13,63,266,0,0,0,0,1856,5,25,Matches,Barcelona,2024
2,Robert Lewandowski,pl POL,FW,36-261,27.1,491,472,15,1,3,6,5,0,0,0,0,0,359,4,19,Matches,Barcelona,2024
3,Raphinha,br BRA,"FW,MF",28-146,27.8,1322,1103,207,44,10,15,195,18,128,41,40,0,929,12,34,Matches,Barcelona,2024
4,Lamine Yamal,es ESP,FW,17-300,27.7,1305,1258,39,4,28,3,90,17,18,5,0,0,970,8,50,Matches,Barcelona,2024
5,Pau Cubarsí,es ESP,DF,18-107,26.0,2442,2364,76,61,4,7,2,5,0,0,0,0,2283,2,6,Matches,Barcelona,2024
6,Iñigo Martínez,es ESP,DF,33-357,25.7,2307,2192,112,90,3,31,6,7,0,0,0,0,2102,3,14,Matches,Barcelona,2024
7,Alejandro Balde,es ESP,DF,21-203,23.1,1321,1138,179,27,2,2,65,152,0,0,0,0,1157,4,27,Matches,Barcelona,2024
8,Marc Casado,es ESP,MF,21-237,17.9,1367,1330,37,34,4,7,9,3,0,0,0,0,1221,0,17,Matches,Barcelona,2024
9,Iñaki Peña,es ESP,GK,26-068,14.5,588,484,104,27,0,0,0,0,0,0,0,0,521,0,0,Matches,Barcelona,2024
10,Wojciech Szczęsny,pl POL,GK,35-021,13.0,400,339,59,14,0,1,0,0,0,0,0,0,356,2,0,Matches,Barcelona,2024
11,Gavi,es ESP,"MF,FW",20-277,9.9,627,608,18,10,1,3,9,5,1,0,0,0,558,1,6,Matches,Barcelona,2024
12,Dani Olmo,es ESP,"MF,FW",27-002,11.4,540,519,19,7,10,6,16,0,6,4,1,0,430,2,18,Matches,Barcelona,2024
13,Ferrán Torres,es ESP,"FW,MF",25-069,11.3,337,311,24,5,2,2,17,1,9,2,0,0,249,2,13,Matches,Barcelona,2024
14,Eric García,es ESP,"MF,DF",24-120,13.7,1049,1014,33,22,2,1,3,10,0,0,0,0,969,2,7,Matches,Barcelona,2024
15,Fermin López,es ESP,"MF,FW",21-363,11.5,545,513,30,4,4,4,35,3,18,8,2,1,452,2,8,Matches,Barcelona,2024
16,Ronald Araújo,uy URU,DF,26-063,7.1,586,563,22,16,0,0,0,5,0,0,0,0,532,1,0,Matches,Barcelona,2024
17,Gerard Martín,es ESP,DF,23-128,9.8,677,581,95,10,1,1,32,85,0,0,0,0,561,1,22,Matches,Barcelona,2024
18,Frenkie de Jong,nl NED,MF,27-362,10.1,907,886,19,17,4,2,5,2,0,0,0,0,856,2,7,Matches,Barcelona,2024
19,Marc-André ter Stegen,de GER,GK,33-009,6.5,228,197,31,11,0,0,0,0,0,0,0,0,211,0,0,Matches,Barcelona,2024
20,Héctor Fort,es ESP,DF,18-280,6.0,455,404,50,3,0,2,11,47,0,0,0,0,410,1,12,Matches,Barcelona,2024
21,Pablo Torre,es ESP,"MF,FW",22-036,3.4,220,198,21,5,3,0,13,0,14,9,1,0,180,1,4,Matches,Barcelona,2024
22,Marc Bernal,es ESP,MF,17-348,2.7,160,154,6,6,0,1,0,0,0,0,0,0,148,0,2,Matches,Barcelona,2024
23,Ansu Fati,es ESP,FW,22-190,2.6,125,119,4,3,2,0,0,0,1,0,0,0,104,2,3,Matches,Barcelona,2024
24,Pau Victor Delgado,es ESP,FW,23-164,3.3,116,112,4,1,0,0,2,1,0,0,0,0,94,0,2,Matches,Barcelona,2024
25,Sergi Dominguez,es ESP,DF,20-038,1.9,180,173,7,4,0,0,0,1,0,0,0,0,171,0,0,Matches,Barcelona,2024
26,Andreas Christensen,dk DEN,DF,29-029,1.3,110,109,1,1,0,0,0,0,0,0,0,0,102,0,0,Matches,Barcelona,2024
27,Daniel Rodriguez,es ESP,FW,19-273,0.4,20,20,0,0,0,0,3,0,0,0,0,0,15,0,0,Matches,Barcelona,2024
28,Federico Valverde,uy URU,"MF,DF",26-291,29.7,1965,1887,69,34,3,41,24,31,3,3,0,0,1760,9,22,Matches,Real Madrid,2024
29,Kylian Mbappé,fr FRA,FW,26-140,28.3,988,929,55,3,6,19,29,8,4,0,0,0,817,4,27,Matches,Real Madrid,2024
30,Thibaut Courtois,be BEL,GK,32-363,28.0,976,812,163,27,0,2,0,0,0,0,0,0,815,1,0,Matches,Real Madrid,2024
31,Aurélien Tchouaméni,fr FRA,"DF,MF",25-102,27.3,1903,1817,84,56,0,8,10,6,0,0,0,0,1759,2,10,Matches,Real Madrid,2024
32,Antonio Rüdiger,de GER,DF,32-067,25.5,1858,1780,72,48,3,18,4,9,0,0,0,0,1706,6,5,Matches,Real Madrid,2024
33,Jude Bellingham,eng ENG,MF,21-314,24.6,1379,1326,44,20,17,19,14,10,1,0,0,0,1192,9,22,Matches,Real Madrid,2024
34,Vinicius Júnior,br BRA,FW,24-301,23.7,857,822,26,8,12,16,56,9,7,0,0,0,637,9,44,Matches,Real Madrid,2024
35,Lucas Vázquez,es ESP,DF,33-312,22.4,1530,1330,195,35,1,7,61,144,16,4,7,0,1333,5,27,Matches,Real Madrid,2024
36,Rodrygo,br BRA,"FW,MF",24-120,21.4,1093,986,102,23,1,3,81,17,57,24,22,0,939,5,15,Matches,Real Madrid,2024
37,Fran Garcia,es ESP,DF,25-268,20.3,1284,1108,174,24,0,5,46,150,0,0,0,0,1118,2,29,Matches,Real Madrid,2024
38,Raúl Asencio,es ESP,DF,22-085,15.9,908,849,58,30,1,8,0,8,0,0,0,0,851,1,2,Matches,Real Madrid,2024
39,Brahim Díaz,ma MAR,"FW,MF",25-279,14.3,608,586,16,8,6,0,8,7,0,0,0,0,527,6,13,Matches,Real Madrid,2024
40,Luka Modrić,hr CRO,MF,39-242,16.8,1585,1431,152,73,10,21,87,3,76,34,23,1,1393,2,11,Matches,Real Madrid,2024
41,Ferland Mendy,fr FRA,DF,29-335,11.2,671,581,88,19,0,2,1,69,0,0,0,0,630,2,8,Matches,Real Madrid,2024
42,Dani Ceballos,es ESP,MF,28-275,10.8,1093,1051,40,23,3,7,11,11,6,4,2,0,1034,2,9,Matches,Real Madrid,2024
43,Eduardo Camavinga,fr FRA,"MF,DF",22-180,12.2,793,746,42,17,4,4,2,25,0,0,0,0,700,5,11,Matches,Real Madrid,2024
44,Éder Militão,br BRA,DF,27-111,10.4,712,676,34,19,0,15,2,2,0,0,0,0,636,2,3,Matches,Real Madrid,2024
45,Arda Güler,tr TUR,"MF,FW",20-073,10.5,649,595,53,16,7,7,36,8,27,15,6,0,564,1,11,Matches,Real Madrid,2024
46,Dani Carvajal,es ESP,DF,33-118,6.8,463,409,53,7,0,0,14,46,0,0,0,0,399,1,9,Matches,Real Madrid,2024
47,Andriy Lunin,ua UKR,GK,26-087,5.0,165,127,38,6,0,1,0,0,0,0,0,0,143,0,1,Matches,Real Madrid,2024
48,David Alaba,at AUT,DF,32-319,3.5,228,214,13,4,0,2,3,2,0,0,0,0,206,1,2,Matches,Real Madrid,2024
49,Endrick,br BRA,FW,18-292,2.5,50,47,3,0,0,1,0,0,0,0,0,0,40,0,0,Matches,Real Madrid,2024
50,Fran,es ESP,GK,19-319,1.0,20,15,5,1,0,0,0,0,0,0,0,0,19,0,0,Matches,Real Madrid,2024
51,Jacobo Ramón,es ESP,DF,20-123,0.3,14,13,1,1,0,0,0,0,0,0,0,0,14,0,0,Matches,Real Madrid,2024
52,Jesús Vallejo,es ESP,DF,28-124,0.1,14,14,0,0,0,0,0,0,0,0,0,0,12,0,0,Matches,Real Madrid,2024
53,Chema,es ESP,MF,20-014,0.1,1,1,0,0,0,0,0,0,0,0,0,0,1,0,0,Matches,Real Madrid,2024
54,Lorenzo Aguado,es ESP,DF,22-232,0.1,1,0,1,0,0,0,0,1,0,0,0,0,1,0,0,Matches,Real Madrid,2024
55,Daniel Yáñez,es ESP,FW,18-042,0.0,0,0,0,0,0,0,0,0,0,0,0,0,0,0,0,Matches,Real Madrid,2024
56,Jan Oblak,si SVN,GK,32-122,33.0,871,547,323,59,0,1,0,0,0,0,0,0,691,1,0,Matches,Atletico Madrid,2024
57,Antoine Griezmann,fr FRA,"FW,MF",34-049,26.0,1368,1221,142,25,12,9,135,13,80,27,29,0,1012,5,39,Matches,Atletico Madrid,2024
58,Julián Álvarez,ar ARG,FW,25-098,25.2,858,785,71,8,8,10,60,6,38,16,11,0,643,2,27,Matches,Atletico Madrid,2024
59,Pablo Barrios,es ESP,MF,21-328,24.6,1445,1414,29,23,5,11,22,5,0,0,0,0,1244,2,27,Matches,Atletico Madrid,2024
60,Marcos Llorente,es ESP,"DF,MF",30-099,23.9,1359,1193,159,10,1,2,57,149,0,0,0,0,1158,7,34,Matches,Atletico Madrid,2024
61,Giuliano Simeone,ar ARG,MF,22-142,19.0,716,687,28,0,2,0,43,27,1,0,0,0,542,1,38,Matches,Atletico Madrid,2024
62,Robin Le Normand,es ESP,DF,28-179,20.9,1121,1091,30,23,0,5,1,4,0,0,0,0,1008,0,3,Matches,Atletico Madrid,2024
63,Clément Lenglet,fr FRA,DF,29-326,19.9,1229,1192,36,30,0,13,4,2,0,0,0,0,1066,1,13,Matches,Atletico Madrid,2024
64,Rodrigo De Paul,ar ARG,MF,30-350,20.0,1479,1372,97,66,23,14,56,17,12,2,7,0,1203,10,26,Matches,Atletico Madrid,2024
65,Conor Gallagher,eng ENG,MF,25-092,17.2,770,750,16,6,1,1,13,8,1,1,0,0,652,4,16,Matches,Atletico Madrid,2024
66,José María Giménez,uy URU,DF,30-109,20.2,1218,1147,70,49,1,18,0,5,0,0,0,0,1112,1,4,Matches,Atletico Madrid,2024
67,Javi Galán,es ESP,DF,30-171,17.3,909,741,164,18,1,2,50,146,0,0,0,0,756,4,19,Matches,Atletico Madrid,2024
68,Samuel Lino,br BRA,"MF,DF",25-137,14.4,693,665,28,3,1,3,35,23,2,0,0,0,547,0,29,Matches,Atletico Madrid,2024
69,Koke,es ESP,MF,33-121,17.9,1306,1245,53,44,2,6,13,5,4,0,0,0,1131,8,16,Matches,Atletico Madrid,2024
70,Nahuel Molina,ar ARG,DF,27-033,16.0,1077,906,165,13,1,5,50,143,9,3,6,0,859,6,35,Matches,Atletico Madrid,2024
71,Alexander Sørloth,no NOR,FW,29-155,14.8,313,299,9,0,1,0,4,0,0,0,0,0,198,5,5,Matches,Atletico Madrid,2024
72,Reinildo Mandava,mz MOZ,DF,31-108,10.5,612,517,95,11,0,1,8,84,0,0,0,0,515,0,7,Matches,Atletico Madrid,2024
73,César Azpilicueta,es ESP,DF,35-254,8.2,579,502,77,6,1,3,3,71,0,0,0,0,498,0,3,Matches,Atletico Madrid,2024
74,Axel Witsel,be BEL,DF,36-117,8.5,492,474,17,13,0,2,0,1,0,0,0,0,443,1,1,Matches,Atletico Madrid,2024
75,Rodrigo Riquelme,es ESP,"MF,DF",25-037,5.7,269,244,25,3,1,0,34,8,13,6,5,0,210,0,10,Matches,Atletico Madrid,2024
76,Ángel Correa,ar ARG,"FW,MF",30-061,8.1,248,236,10,0,1,2,20,1,6,1,1,0,182,2,12,Matches,Atletico Madrid,2024
77,Juan Musso,ar ARG,GK,31-003,1.0,29,13,15,4,0,1,0,0,0,0,0,0,23,1,0,Matches,Atletico Madrid,2024
78,Thomas Lemar,fr FRA,MF,29-178,0.7,46,41,5,3,0,0,2,1,1,0,0,0,38,0,0,Matches,Atletico Madrid,2024
79,Adrian Niño,es ESP,FW,20-324,0.1,0,0,0,0,0,0,0,0,0,0,0,0,0,0,0,Matches,Atletico Madrid,2024
80,Iñaki Williams,gh GHA,FW,30-328,29.0,818,787,26,0,7,7,114,21,0,0,0,0,515,5,35,Matches,Athletic Club,2024
81,Daniel Vivian,es ESP,DF,25-298,25.7,1549,1489,57,50,2,10,8,2,0,0,0,0,1346,3,13,Matches,Athletic Club,2024
82,Álex Berenguer,es ESP,"FW,MF",29-309,23.0,856,689,161,52,6,3,161,13,91,40,30,1,570,6,26,Matches,Athletic Club,2024
83,Mikel Jauregizar,es ESP,MF,21-178,21.8,1019,975,41,23,5,11,26,0,18,2,11,0,821,3,12,Matches,Athletic Club,2024
84,Nico Williams,es ESP,FW,22-301,21.3,687,623,60,8,0,3,107,12,40,12,20,0,486,4,34,Matches,Athletic Club,2024
85,Beñat Prados,es ESP,MF,24-090,17.9,750,735,14,11,4,3,8,3,0,0,0,0,611,1,9,Matches,Athletic Club,2024
86,Gorka Guruzeta,es ESP,FW,28-239,18.1,360,337,23,0,0,2,3,2,0,0,0,0,261,0,10,Matches,Athletic Club,2024
87,Aitor Paredes,es ESP,DF,25-010,18.1,875,842,32,26,0,6,1,0,0,0,0,0,734,1,5,Matches,Athletic Club,2024
88,Yuri Berchiche,es ESP,DF,35-088,18.7,1158,948,207,24,0,15,39,183,0,0,0,0,973,3,13,Matches,Athletic Club,2024
89,Yeray Álvarez,es ESP,DF,30-105,17.8,1047,995,48,37,1,16,3,2,0,0,0,0,881,4,12,Matches,Athletic Club,2024
90,Oihan Sancet,es ESP,MF,25-014,16.3,521,500,17,2,5,4,17,3,0,0,0,0,424,4,12,Matches,Athletic Club,2024
91,Unai Simón,es ESP,GK,27-332,17.0,536,396,136,38,0,0,0,0,0,0,0,0,367,4,0,Matches,Athletic Club,2024
92,Andoni Gorosabel,es ESP,DF,28-278,15.6,840,661,178,13,0,0,39,165,0,0,0,0,703,1,18,Matches,Athletic Club,2024
93,Óscar de Marcos,es ESP,DF,36-025,15.3,910,713,195,18,2,2,49,177,0,0,0,0,723,2,18,Matches,Athletic Club,2024
94,Iñigo Ruiz de Galarreta,es ESP,MF,31-276,13.9,725,691,30,23,6,6,26,0,5,0,5,0,589,4,16,Matches,Athletic Club,2024
95,Julen Agirrezabala,es ESP,GK,24-134,13.4,411,305,102,36,0,0,0,0,0,0,0,0,281,4,0,Matches,Athletic Club,2024
96,Unai Gómez,es ESP,"MF,FW",21-349,12.3,260,236,23,3,2,0,20,1,12,11,0,0,185,1,6,Matches,Athletic Club,2024
97,Adama Boiro,es ESP,DF,22-321,11.2,477,372,105,6,0,0,29,99,0,0,0,0,382,0,8,Matches,Athletic Club,2024
98,Mikel Vesga,es ESP,MF,31-353,9.8,478,468,9,7,2,4,7,1,0,0,0,0,388,1,4,Matches,Athletic Club,2024
99,Iñigo Lekue,es ESP,DF,32-005,7.6,376,293,81,10,0,0,12,71,0,0,0,0,292,2,5,Matches,Athletic Club,2024
100,Álvaro djaló,es ESP,FW,25-266,6.7,107,102,4,0,0,4,12,1,0,0,0,0,69,1,2,Matches,Athletic Club,2024
101,Unai Núñez,es ESP,DF,28-099,6.5,310,296,14,12,0,7,0,0,0,0,0,0,271,0,0,Matches,Athletic Club,2024
102,Maroan Sannadi,es ESP,FW,24-097,5.7,109,106,3,0,1,0,2,0,0,0,0,0,79,0,4,Matches,Athletic Club,2024
103,Alex Padilla,es ESP,GK,21-250,3.6,121,79,41,19,0,0,0,0,0,0,0,0,67,1,0,Matches,Athletic Club,2024
104,Ander Herrera,es ESP,MF,35-268,3.0,200,194,6,5,0,0,1,1,0,0,0,0,181,0,0,Matches,Athletic Club,2024
105,Peio Canales,es ESP,"MF,FW",20-112,2.1,80,73,7,3,0,1,6,0,3,1,2,0,65,0,0,Matches,Athletic Club,2024
106,Nicolás Serrano,es ESP,FW,22-065,1.2,44,37,7,2,0,0,13,0,5,4,0,0,25,0,0,Matches,Athletic Club,2024
107,Javi Martón,es ESP,"FW,MF",26-003,0.6,7,7,0,0,0,0,0,0,0,0,0,0,6,0,0,Matches,Athletic Club,2024
108,Adu Ares,es ESP,FW,23-209,0.2,9,9,0,0,0,0,1,0,0,0,0,0,5,0,1,Matches,Athletic Club,2024
109,Endika Buján,es ESP,FW,22-113,0.1,5,5,0,0,0,0,1,0,0,0,0,0,4,0,0,Matches,Athletic Club,2024
110,Diego Llorente,es ESP,DF,31-266,28.0,1595,1533,59,53,0,11,1,5,0,0,0,0,1383,3,9,Matches,Real Betis,2024
111,Johnny Cardoso,us USA,MF,23-231,21.7,991,968,21,20,2,10,3,1,0,0,0,0,843,2,17,Matches,Real Betis,2024
112,Marc Bartra,es ESP,DF,34-114,20.5,1043,981,55,45,3,15,1,5,0,0,0,0,845,7,7,Matches,Real Betis,2024
113,Romain Perraud,fr FRA,DF,27-229,20.1,1043,816,222,30,0,5,64,192,0,0,0,0,820,5,44,Matches,Real Betis,2024
114,Abde Ezzalzouli,ma MAR,"FW,MF",23-143,19.6,669,645,22,5,2,4,43,15,1,0,0,0,475,2,25,Matches,Real Betis,2024
115,Natan,br BRA,DF,24-092,20.2,1065,1006,56,43,0,7,2,11,0,0,0,0,945,3,0,Matches,Real Betis,2024
116,Sergi Altimira,es ESP,MF,23-257,19.5,1104,1084,19,16,4,13,4,3,0,0,0,0,980,1,17,Matches,Real Betis,2024
117,Youssouf Sabaly,sn SEN,DF,32-065,17.3,980,784,196,20,2,3,30,176,0,0,0,0,849,0,19,Matches,Real Betis,2024
118,Pablo Fornals,es ESP,"MF,FW",29-076,17.1,920,870,47,15,9,8,47,9,23,7,6,0,732,3,21,Matches,Real Betis,2024
119,Adrián,es ESP,GK,38-126,15.0,478,355,121,45,0,0,0,0,0,0,0,0,360,2,3,Matches,Real Betis,2024
120,Rui Silva,pt POR,GK,31-091,15.0,524,404,118,42,0,0,0,0,0,0,0,0,412,2,0,Matches,Real Betis,2024
121,Isco,es ESP,MF,33-018,14.6,992,865,125,57,5,19,78,4,58,25,22,0,810,2,22,Matches,Real Betis,2024
122,Vitor Roque,br BRA,FW,20-070,13.7,195,163,32,0,1,0,6,1,1,0,0,0,142,0,7,Matches,Real Betis,2024
123,Giovani Lo Celso,ar ARG,"MF,FW",29-030,14.5,869,725,143,67,11,7,90,9,63,32,22,0,682,1,20,Matches,Real Betis,2024
124,Ricardo Rodríguez,ch SUI,DF,32-257,12.3,661,544,116,15,0,3,15,101,0,0,0,0,540,1,7,Matches,Real Betis,2024
125,Antony,br BRA,FW,25-074,12.2,639,603,35,8,3,4,32,15,12,3,4,0,517,1,16,Matches,Real Betis,2024
126,Jesus Rodríguez,es ESP,FW,19-169,10.8,294,285,8,1,0,0,16,4,3,0,1,0,216,1,13,Matches,Real Betis,2024
127,Marc Roca,es ESP,MF,28-164,10.1,538,510,26,24,0,4,10,0,1,0,1,0,465,2,10,Matches,Real Betis,2024
128,Cucho,co COL,FW,26-019,9.7,245,225,19,0,1,4,9,0,0,0,0,0,175,1,8,Matches,Real Betis,2024
129,Aitor Ruibal,es ESP,"DF,FW",29-048,11.0,426,362,60,5,0,1,26,50,2,1,1,0,342,4,11,Matches,Real Betis,2024
130,Ezequiel Ávila,ar ARG,FW,31-092,7.5,238,215,21,3,0,2,29,10,2,1,1,0,166,2,9,Matches,Real Betis,2024
131,Héctor Bellerín,es ESP,DF,30-051,6.4,328,277,51,6,2,0,10,45,0,0,0,0,270,0,6,Matches,Real Betis,2024
132,Cédric Bakambu,cd COD,FW,34-028,6.9,105,101,3,0,1,0,2,0,0,0,0,0,68,1,6,Matches,Real Betis,2024
133,William Carvalho,pt POR,MF,33-032,4.3,301,292,8,8,0,3,1,0,0,0,0,0,261,1,4,Matches,Real Betis,2024
134,Fran Vieites,es ESP,GK,26-002,4.0,119,71,48,19,0,1,0,0,0,0,0,0,76,0,0,Matches,Real Betis,2024
135,Ángel Ortíz,es ESP,DF,20-288,3.8,208,171,36,3,0,0,18,33,0,0,0,0,152,1,10,Matches,Real Betis,2024
136,Iker Losada,es ESP,"MF,FW",23-281,3.7,142,141,1,1,2,1,4,0,0,0,0,0,107,0,6,Matches,Real Betis,2024
137,Assane Diao,sn SEN,FW,19-244,3.1,66,61,5,0,0,0,4,2,0,0,0,0,49,0,4,Matches,Real Betis,2024
138,Juanmi,es ESP,"FW,MF",31-354,2.7,70,67,3,1,0,0,1,2,0,0,0,0,58,0,5,Matches,Real Betis,2024
139,Nabil Fekir,fr FRA,MF,31-295,2.0,82,71,11,3,1,1,10,0,8,3,3,0,67,0,4,Matches,Real Betis,2024
140,Carlos Guirao,es ESP,MF,22-012,1.2,46,43,3,2,0,0,0,1,0,0,0,0,36,0,4,Matches,Real Betis,2024
141,Mateo Flores,es ESP,MF,21-032,1.7,69,67,2,2,0,0,1,0,0,0,0,0,56,0,2,Matches,Real Betis,2024
142,Rodri,es ESP,FW,24-358,1.3,66,61,5,1,0,1,6,1,3,2,1,0,56,0,3,Matches,Real Betis,2024
143,Sergio Arribas,es ESP,DF,22-088,1.0,54,40,13,1,0,0,0,12,0,0,0,0,37,1,2,Matches,Real Betis,2024
144,Pablo Garcia,es ESP,FW,18-267,0.3,8,8,0,0,0,0,1,0,0,0,0,0,5,0,0,Matches,Real Betis,2024
145,Sergi Cardona,es ESP,DF,25-305,30.7,1370,1131,233,23,1,1,105,209,1,0,0,0,1056,6,36,Matches,Villarreal,2024
146,Santi Comesaña,es ESP,MF,28-216,26.1,1291,1260,23,20,6,10,14,2,0,0,0,0,1091,8,22,Matches,Villarreal,2024
147,Kiko Femenía,es ESP,DF,34-096,24.7,1506,1250,254,50,1,8,47,203,0,0,0,0,1339,2,14,Matches,Villarreal,2024
148,Alex Baena,es ESP,MF,23-293,25.2,1153,970,172,46,19,16,188,22,100,39,41,0,766,11,36,Matches,Villarreal,2024
149,Logan Costa,cv CPV,DF,24-038,24.7,1334,1251,83,35,1,14,4,8,0,0,0,0,1162,0,8,Matches,Villarreal,2024
150,Thierno Barry,fr FRA,FW,22-200,24.3,317,308,9,0,3,1,5,0,0,0,0,0,198,0,8,Matches,Villarreal,2024
151,Daniel Parejo,es ESP,MF,36-023,23.2,1454,1361,89,57,3,14,34,1,31,16,5,2,1277,4,11,Matches,Villarreal,2024
152,Pape Gueye,sn SEN,MF,26-105,22.0,1008,960,37,29,8,18,19,1,2,1,0,0,805,11,19,Matches,Villarreal,2024
153,Diego Conde,es ESP,GK,26-193,20.8,606,477,128,32,0,0,0,0,0,0,0,0,486,1,0,Matches,Villarreal,2024
154,Yeremi Pino,es ESP,MF,22-201,18.5,606,598,8,1,4,1,46,6,1,0,0,0,445,0,36,Matches,Villarreal,2024
155,Ayoze Pérez,es ESP,FW,31-284,19.6,391,347,40,2,8,0,15,1,0,0,0,0,293,4,12,Matches,Villarreal,2024
156,Juan Foyth,ar ARG,DF,27-117,13.9,812,733,78,35,3,4,4,35,0,0,0,0,699,1,8,Matches,Villarreal,2024
157,Raúl Albiol,es ESP,DF,39-247,13.2,813,778,33,25,1,4,0,0,0,0,0,0,727,2,3,Matches,Villarreal,2024
158,Luiz Lúcio Reis Júnior,br BRA,GK,24-115,13.2,396,285,111,35,0,1,0,0,0,0,0,0,289,0,1,Matches,Villarreal,2024
159,Nicolas Pépé,ci CIV,"FW,MF",29-345,13.6,541,489,47,11,5,2,39,7,19,11,2,0,423,5,22,Matches,Villarreal,2024
160,Willy Kambwala,fr FRA,DF,20-257,10.4,466,427,36,20,0,2,0,1,0,0,0,0,406,3,4,Matches,Villarreal,2024
161,Eric Bailly,ci CIV,DF,31-027,6.9,320,300,19,11,0,0,0,2,0,0,0,0,280,1,1,Matches,Villarreal,2024
162,Ilias Akhomach,ma MAR,"MF,FW",21-023,6.5,185,177,7,2,1,2,18,2,3,2,0,0,136,1,7,Matches,Villarreal,2024
163,Gerard Moreno,es ESP,FW,33-032,7.2,269,255,10,0,1,1,10,0,0,0,0,0,204,4,9,Matches,Villarreal,2024
164,Denis Suárez,es ESP,MF,31-123,5.9,235,210,21,6,0,5,23,3,11,2,7,0,179,4,7,Matches,Villarreal,2024
165,Pau Navarro,es ESP,DF,20-014,7.2,409,349,58,13,0,1,2,45,0,0,0,0,361,2,2,Matches,Villarreal,2024
166,Tajon Buchanan,ca CAN,MF,26-090,3.3,110,105,4,1,0,0,16,3,0,0,0,0,74,1,4,Matches,Villarreal,2024
167,Arnaut Danjuma,nl NED,FW,28-098,2.2,30,28,2,0,0,1,0,0,0,0,0,0,23,0,1,Matches,Villarreal,2024
168,Alfonso Pedraza,es ESP,"DF,MF",29-030,3.1,140,124,16,1,2,1,21,15,0,0,0,0,97,0,11,Matches,Villarreal,2024
169,Juan Bernat,es ESP,"DF,MF",32-069,2.4,130,110,18,2,0,0,9,14,2,1,1,0,101,2,4,Matches,Villarreal,2024
170,Ramón Terrats,es ESP,"MF,FW",24-203,1.5,79,77,2,1,1,2,5,0,0,0,0,0,64,0,2,Matches,Villarreal,2024
171,Pau Cabanes,es ESP,"MF,FW",20-081,1.8,84,83,1,0,1,0,6,0,1,0,0,0,60,0,4,Matches,Villarreal,2024
172,Arnau Solà,es ESP,MF,22-035,0.1,2,2,0,0,0,0,0,0,0,0,0,0,1,0,0,Matches,Villarreal,2024
173,Thiago Ojeda,ar ARG,MF,22-117,0.1,8,8,0,0,0,0,1,0,0,0,0,0,7,0,0,Matches,Villarreal,2024
174,Karl Etta,cm CMR,MF,21-207,0.0,1,1,0,0,0,0,0,0,0,0,0,0,0,0,0,Matches,Villarreal,2024
175,Vicente Guaita,es ESP,GK,38-119,30.0,852,607,243,44,0,0,0,0,0,0,0,0,709,2,0,Matches,Celta Vigo,2024
176,Óscar Mingueza,es ESP,"MF,DF",25-361,26.6,1943,1612,323,56,11,10,123,241,26,11,11,0,1503,8,34,Matches,Celta Vigo,2024
177,Marcos Alonso,es ESP,DF,34-132,27.0,2197,2053,141,71,2,23,38,48,14,10,2,0,1956,3,22,Matches,Celta Vigo,2024
178,Carl Starfelt,se SWE,DF,29-342,25.2,1643,1614,29,22,1,5,0,0,0,0,0,0,1539,0,4,Matches,Celta Vigo,2024
179,Fran Beltrán,es ESP,MF,26-095,23.4,1319,1271,44,41,5,14,3,2,1,0,1,0,1171,4,14,Matches,Celta Vigo,2024
180,Javi Rodríguez,es ESP,DF,21-317,24.4,1485,1395,90,27,2,9,3,63,0,0,0,0,1282,0,16,Matches,Celta Vigo,2024
181,Borja Iglesias,es ESP,FW,32-112,19.9,449,389,52,1,8,8,5,2,0,0,0,0,318,8,21,Matches,Celta Vigo,2024
182,Ilaix Moriba,gn GUI,MF,22-110,19.7,864,837,23,18,3,10,5,4,0,0,0,0,745,4,6,Matches,Celta Vigo,2024
183,Iago Aspas,es ESP,"FW,MF",37-281,17.7,799,778,13,2,17,8,11,7,2,0,1,0,597,8,24,Matches,Celta Vigo,2024
184,Sergio Carreira,es ESP,"MF,DF",24-208,16.4,787,654,130,3,2,1,40,126,1,0,0,0,597,3,27,Matches,Celta Vigo,2024
185,Hugo Álvarez,es ESP,"MF,DF",21-311,16.4,958,805,148,16,0,2,31,122,10,4,1,0,756,5,29,Matches,Celta Vigo,2024
186,Hugo Sotelo,es ESP,MF,21-141,13.9,1016,939,77,37,3,19,50,1,39,14,18,0,872,0,10,Matches,Celta Vigo,2024
187,Pablo Durán,es ESP,"FW,MF",23-349,13.1,356,334,20,0,1,2,18,7,1,0,1,0,252,2,18,Matches,Celta Vigo,2024
188,Williot Swedberg,se SWE,"FW,MF",21-097,13.0,330,327,2,0,2,0,18,2,0,0,0,0,238,1,16,Matches,Celta Vigo,2024
189,Alfon,es ESP,"FW,MF",26-005,13.5,341,336,4,1,0,2,35,3,0,0,0,0,244,1,25,Matches,Celta Vigo,2024
190,Carlos Dominguez,es ESP,DF,24-087,10.0,773,748,24,22,0,6,0,2,0,0,0,0,674,1,5,Matches,Celta Vigo,2024
191,Jonathan Bamba,ci CIV,"FW,MF",29-044,9.0,364,347,14,2,3,1,25,11,1,0,0,0,287,3,12,Matches,Celta Vigo,2024
192,Damián Rodríguez,es ESP,MF,22-053,9.8,780,714,64,33,1,5,29,0,30,5,15,0,694,2,10,Matches,Celta Vigo,2024
193,Javier Manquillo,es ESP,DF,31-004,5.7,373,358,15,9,1,0,3,6,0,0,0,0,335,0,5,Matches,Celta Vigo,2024
194,Anastasios Douvikas,gr GRE,FW,25-280,7.8,107,85,21,0,0,0,1,0,0,0,0,0,76,1,6,Matches,Celta Vigo,2024
195,Jailson Siqueira,br BRA,"DF,MF",29-244,6.8,481,473,8,6,0,2,1,1,0,0,0,0,435,0,5,Matches,Celta Vigo,2024
196,Fer López,,"FW,MF",,5.9,224,219,2,0,5,4,2,0,2,1,1,0,190,3,4,Matches,Celta Vigo,2024
197,Yoel Lago,es ESP,DF,21-045,4.3,268,263,5,4,1,1,0,1,0,0,0,0,249,0,0,Matches,Celta Vigo,2024
198,Iván Villar,es ESP,GK,27-304,4.0,117,76,41,6,0,0,0,0,0,0,0,0,95,0,0,Matches,Celta Vigo,2024
199,Iker Losada,es ESP,"FW,MF",23-281,3.8,122,121,0,0,2,2,5,0,0,0,0,0,93,1,4,Matches,Celta Vigo,2024
200,Franco Cervi,ar ARG,"FW,MF",30-348,2.9,131,107,24,4,2,0,6,18,2,1,1,0,90,0,7,Matches,Celta Vigo,2024
201,Mihailo Ristić,rs SRB,"MF,DF",29-190,2.7,155,116,39,2,0,0,5,36,1,1,0,0,119,0,6,Matches,Celta Vigo,2024
202,Luca de la Torre,us USA,MF,26-351,0.0,5,5,0,0,0,0,0,0,0,0,0,0,4,0,0,Matches,Celta Vigo,2024
203,Joseph Aidoo,gh GHA,DF,29-222,0.0,7,7,0,0,0,0,0,0,0,0,0,0,6,0,1,Matches,Celta Vigo,2024
204,Tadeo Allende,ar ARG,FW,26-078,0.0,3,3,0,0,0,0,0,0,0,0,0,0,1,0,1,Matches,Celta Vigo,2024
205,Florian Lejeune,fr FRA,DF,33-354,32.9,1849,1750,97,77,0,30,7,6,0,0,0,0,1547,2,18,Matches,Rayo Vallecano,2024
206,Andrei Ratiu,ro ROU,DF,26-323,30.2,1622,1319,295,9,3,2,71,286,0,0,0,0,1328,8,48,Matches,Rayo Vallecano,2024
207,Augusto Batalla,ar ARG,GK,29-009,28.0,1035,769,263,96,0,2,0,0,0,0,0,0,697,3,3,Matches,Rayo Vallecano,2024
208,Jorge de Frutos,es ESP,"FW,MF",28-078,24.7,629,609,17,1,3,1,69,16,0,0,0,0,428,3,41,Matches,Rayo Vallecano,2024
209,Pep Chavarría,es ESP,"DF,FW",27-029,25.4,1374,1119,251,15,0,9,73,236,0,0,0,0,1100,4,35,Matches,Rayo Vallecano,2024
210,Álvaro García,es ESP,"FW,MF",32-194,25.2,768,748,16,1,2,5,100,6,1,1,0,0,494,4,37,Matches,Rayo Vallecano,2024
211,Abdul Mumin,gh GHA,DF,26-337,22.4,1085,1017,65,25,0,8,6,1,0,0,0,0,900,3,4,Matches,Rayo Vallecano,2024
212,Pathé Ciss,sn SEN,"MF,DF",31-054,21.0,1068,1034,27,18,5,6,4,4,0,0,0,0,905,7,13,Matches,Rayo Vallecano,2024
213,Isaac Palazón Camacho,es ESP,"MF,FW",30-133,20.0,828,718,101,14,9,5,78,4,65,33,19,0,644,9,20,Matches,Rayo Vallecano,2024
214,Unai López,es ESP,MF,29-191,16.8,1092,1033,57,20,4,6,26,12,16,7,5,0,922,2,13,Matches,Rayo Vallecano,2024
215,Óscar Valentín,es ESP,MF,30-262,18.6,753,737,15,15,0,3,2,0,0,0,0,0,622,1,16,Matches,Rayo Vallecano,2024
216,Adri Embarba,es ESP,"FW,MF",33-002,16.5,552,481,68,19,3,2,110,11,35,20,9,0,352,3,25,Matches,Rayo Vallecano,2024
217,Randy Nteka,ao ANG,FW,27-154,12.5,223,209,13,0,0,0,4,0,0,0,0,0,144,1,9,Matches,Rayo Vallecano,2024
218,Sergio Camello,es ESP,FW,24-088,12.6,263,248,13,0,7,2,6,2,0,0,0,0,207,2,12,Matches,Rayo Vallecano,2024
219,Pedro Díaz,es ESP,MF,26-338,11.5,486,449,33,11,1,8,38,0,22,10,10,0,385,4,7,Matches,Rayo Vallecano,2024
220,Iván Balliu,al ALB,DF,33-128,10.0,476,345,129,6,0,0,13,123,0,0,0,0,352,2,15,Matches,Rayo Vallecano,2024
221,Aridane Hernández,es ESP,DF,36-047,8.4,382,356,25,10,0,5,0,0,0,0,0,0,333,1,2,Matches,Rayo Vallecano,2024
222,Alfonso Espino,uy URU,DF,33-124,8.2,427,354,69,8,0,0,21,61,0,0,0,0,311,4,10,Matches,Rayo Vallecano,2024
223,Gerard Gumbau,es ESP,MF,30-142,8.6,382,341,40,15,0,4,38,2,23,14,7,0,287,1,10,Matches,Rayo Vallecano,2024
224,Cárdenas,es ESP,GK,28-042,6.0,179,111,67,21,0,0,0,0,0,0,0,0,94,1,0,Matches,Rayo Vallecano,2024
225,Óscar Trejo,ar ARG,MF,37-013,5.4,292,271,18,1,1,0,7,6,3,1,1,0,244,3,4,Matches,Rayo Vallecano,2024
226,Sergi Guardiola,es ESP,FW,33-345,4.0,84,81,3,0,0,0,4,0,0,0,0,0,56,0,5,Matches,Rayo Vallecano,2024
227,James Rodríguez,co COL,"MF,FW",33-301,1.6,98,84,14,4,1,0,13,2,6,4,2,0,78,0,0,Matches,Rayo Vallecano,2024
228,Pelayo Fernandez,es ESP,DF,22-010,1.0,24,23,1,1,0,0,0,0,0,0,0,0,20,0,0,Matches,Rayo Vallecano,2024
229,Etienne Eto'o,cm CMR,FW,22-264,0.4,5,5,0,0,0,0,0,0,0,0,0,0,1,0,0,Matches,Rayo Vallecano,2024
230,Raúl de Tomás,es ESP,"DF,FW",30-204,0.2,6,5,1,0,0,0,0,0,0,0,0,0,5,0,0,Matches,Rayo Vallecano,2024
231,Sergio Herrera,es ESP,GK,31-338,33.0,1103,762,337,98,0,2,0,0,0,0,0,0,772,4,0,Matches,Osasuna,2024
232,Jesús Areso,es ESP,DF,25-311,30.2,1392,1066,322,3,0,4,147,318,1,0,0,0,1000,4,59,Matches,Osasuna,2024
233,Catena,es ESP,DF,30-193,30.2,1360,1250,105,95,1,14,1,2,0,0,0,0,1136,5,7,Matches,Osasuna,2024
234,Lucas Torró,es ESP,MF,30-294,29.4,1271,1247,19,19,1,26,1,0,0,0,0,0,966,5,10,Matches,Osasuna,2024
235,Aimar Oroz,es ESP,"MF,FW",23-163,29.0,973,929,38,9,8,6,23,5,4,1,1,0,795,6,25,Matches,Osasuna,2024
236,Ante Budimir,hr CRO,FW,33-291,29.1,392,366,24,1,1,0,5,1,0,0,0,0,218,2,7,Matches,Osasuna,2024
237,Enzo Boyomo,cm CMR,DF,23-214,29.2,1247,1177,68,45,3,6,2,17,0,0,0,0,1085,2,9,Matches,Osasuna,2024
238,Rubén García,es ESP,"FW,MF",31-299,24.5,1099,971,121,38,1,21,120,10,62,28,11,2,818,7,35,Matches,Osasuna,2024
239,Jon Moncayola,es ESP,MF,26-361,22.9,965,864,96,40,1,9,100,5,43,14,16,0,721,5,19,Matches,Osasuna,2024
240,Abel,es ESP,DF,24-261,22.4,1035,817,214,13,3,2,83,201,0,0,0,0,749,4,46,Matches,Osasuna,2024
241,Bryan Zaragoza,es ESP,"FW,MF",24-014,16.9,448,397,48,12,4,4,80,13,18,8,2,0,287,3,14,Matches,Osasuna,2024
242,Jorge Herrando,es ESP,DF,24-070,15.2,732,694,36,22,0,6,2,8,0,0,0,0,625,2,5,Matches,Osasuna,2024
243,Juan Cruz Armada,es ESP,DF,32-285,13.0,511,384,126,14,0,1,9,112,0,0,0,0,392,1,7,Matches,Osasuna,2024
244,Pablo Ibáñez,es ESP,MF,26-231,11.4,407,390,12,4,2,2,8,3,1,0,0,0,306,5,11,Matches,Osasuna,2024
245,Moi Gómez,es ESP,"MF,FW",30-320,8.8,494,480,13,7,0,9,28,1,2,1,1,0,398,1,16,Matches,Osasuna,2024
246,Rubén Peña,es ESP,"FW,DF",33-295,7.6,286,253,32,2,0,1,50,26,4,2,1,0,169,1,18,Matches,Osasuna,2024
247,Raúl,es ESP,"FW,MF",24-187,7.7,152,140,10,0,0,1,6,0,0,0,0,0,102,2,7,Matches,Osasuna,2024
248,Iker Muñoz,es ESP,MF,22-185,5.6,256,252,4,2,1,0,5,1,0,0,0,0,203,0,8,Matches,Osasuna,2024
249,Kike Barja,es ESP,"FW,MF",28-038,2.9,101,87,13,2,0,0,33,3,8,0,7,0,65,1,7,Matches,Osasuna,2024
250,Nacho Vidal,es ESP,DF,30-105,1.4,49,37,12,0,0,0,2,12,0,0,0,0,37,0,2,Matches,Osasuna,2024
251,José Arnaiz,es ESP,"MF,FW",30-024,1.4,61,52,9,3,0,1,13,1,5,4,0,0,39,0,4,Matches,Osasuna,2024
252,Aitor Fernández,es ESP,GK,34-006,1.0,45,27,18,7,0,0,0,0,0,0,0,0,29,0,0,Matches,Osasuna,2024
253,Unai García,es ESP,DF,33-095,0.7,37,35,2,2,0,1,0,0,0,0,0,0,35,0,0,Matches,Osasuna,2024
254,Iker Benito,es ESP,"FW,MF",22-272,0.4,13,13,0,0,0,0,2,0,0,0,0,0,9,0,0,Matches,Osasuna,2024
255,Javi Martínez,es ESP,MF,25-138,0.1,9,9,0,0,0,0,0,0,0,0,0,0,9,0,0,Matches,Osasuna,2024
256,Antonio Raillo,es ESP,DF,33-213,31.6,1537,1393,142,60,1,4,2,1,0,0,0,0,1360,2,4,Matches,Mallorca,2024
257,Sergi Darder,es ESP,"MF,FW",31-138,26.6,1113,929,177,62,8,23,139,12,64,26,30,3,848,7,20,Matches,Mallorca,2024
258,Johan Mojica,co COL,DF,32-261,28.3,1482,1167,304,26,2,7,128,277,1,0,1,0,1090,11,49,Matches,Mallorca,2024
259,Dominik Greif,sk SVK,GK,28-033,28.0,950,679,265,92,0,2,0,0,0,0,0,0,662,6,0,Matches,Mallorca,2024
260,Martin Valjent,sk SVK,DF,29-149,27.7,1210,1120,85,40,1,4,9,44,0,0,0,0,1030,5,13,Matches,Mallorca,2024
261,Samu Costa,pt POR,MF,24-163,25.6,1245,1213,28,22,3,18,18,6,0,0,0,0,1003,4,29,Matches,Mallorca,2024
262,Pablo Maffeo,es ESP,DF,27-301,24.5,971,746,216,10,3,2,86,206,0,0,0,0,685,9,31,Matches,Mallorca,2024
263,Dani Rodríguez,es ESP,"MF,FW",36-337,21.8,670,567,100,28,7,8,113,4,54,25,27,0,462,3,17,Matches,Mallorca,2024
264,Vedat Muriqi,xk KVX,FW,31-015,19.6,416,406,6,0,3,2,9,0,0,0,0,0,254,4,15,Matches,Mallorca,2024
265,Cyle Larin,ca CAN,FW,30-022,18.0,289,282,6,0,0,0,6,2,0,0,0,0,193,1,11,Matches,Mallorca,2024
266,Omar Mascarell,gq EQG,MF,32-096,19.1,783,768,11,11,0,7,3,0,0,0,0,0,666,4,8,Matches,Mallorca,2024
267,Copete,es ESP,DF,25-211,16.0,740,692,47,28,2,0,6,0,0,0,0,0,617,1,5,Matches,Mallorca,2024
268,Manu Morlanes,es ESP,MF,26-117,14.4,665,640,23,19,2,4,7,2,1,0,1,0,594,2,3,Matches,Mallorca,2024
269,Roberto Navarro,es ESP,"MF,FW",23-027,14.2,473,451,17,5,5,0,29,5,7,2,2,0,357,5,13,Matches,Mallorca,2024
270,Takuma Asano,jp JPN,"FW,MF",30-180,11.0,203,201,2,1,0,3,19,0,0,0,0,0,136,0,13,Matches,Mallorca,2024
271,Antonio Sánchez,es ESP,"MF,DF",28-128,13.6,470,432,34,4,1,2,25,24,3,0,2,0,342,4,12,Matches,Mallorca,2024
272,Leo Román,es ESP,GK,24-307,6.0,206,149,57,16,0,0,0,0,0,0,0,0,120,0,0,Matches,Mallorca,2024
273,Mateu Morey,es ESP,DF,25-068,5.5,265,226,38,1,0,0,15,37,0,0,0,0,203,1,7,Matches,Mallorca,2024
274,Toni Lato,es ESP,DF,27-169,5.1,253,202,49,1,0,0,21,48,0,0,0,0,185,2,5,Matches,Mallorca,2024
275,Abdón Prats,es ESP,"FW,MF",32-153,5.1,87,82,5,0,0,0,0,0,0,0,0,0,58,0,1,Matches,Mallorca,2024
276,Marc Domenech,es ESP,"FW,MF",19-128,2.3,38,38,0,0,0,0,4,0,0,0,0,0,25,0,1,Matches,Mallorca,2024
277,Valery Fernández,es ESP,"MF,FW",25-167,3.3,87,85,2,0,0,0,3,2,0,0,0,0,76,0,1,Matches,Mallorca,2024
278,Chiquinho,pt POR,"MF,FW",25-093,1.6,34,25,9,3,1,0,9,2,4,1,3,0,22,0,1,Matches,Mallorca,2024
279,Siebe Van Der Heyden,be BEL,"DF,MF",26-344,1.1,73,65,8,0,0,1,2,8,0,0,0,0,65,0,0,Matches,Mallorca,2024
280,David López,es ESP,DF,22-095,0.9,35,34,0,0,0,0,0,0,0,0,0,0,31,1,1,Matches,Mallorca,2024
281,Javier Llabrés,es ESP,FW,22-240,0.6,24,24,0,0,0,0,4,0,0,0,0,0,20,0,0,Matches,Mallorca,2024
282,Jan Salas,es ESP,MF,19-272,0.3,16,16,0,0,0,0,0,0,0,0,0,0,13,0,0,Matches,Mallorca,2024
283,Daniel Luna,co COL,MF,22-002,0.2,13,11,2,0,0,0,3,1,1,1,0,0,8,0,0,Matches,Mallorca,2024
284,Álex Remiro,es ESP,GK,30-046,33.0,1182,857,321,101,0,3,0,0,0,0,0,0,866,4,1,Matches,Real Sociedad,2024
285,Martín Zubimendi,es ESP,MF,26-096,29.9,1610,1548,55,53,2,11,12,1,1,0,0,0,1340,7,21,Matches,Real Sociedad,2024
286,Sergio Gómez,es ESP,"MF,DF",24-247,28.2,1354,1120,226,52,1,9,214,45,122,40,64,0,1010,8,46,Matches,Real Sociedad,2024
287,Jon Aramburu,ve VEN,DF,22-290,24.7,1363,1083,279,33,0,3,40,246,0,0,0,0,1065,1,32,Matches,Real Sociedad,2024
288,Igor Zubeldia,es ESP,DF,28-040,22.7,1316,1270,38,35,3,11,1,1,0,0,0,0,1121,8,5,Matches,Real Sociedad,2024
289,Mikel Oyarzabal,es ESP,"FW,MF",28-018,22.3,455,425,30,0,2,2,9,4,0,0,0,0,332,0,16,Matches,Real Sociedad,2024
290,Takefusa Kubo,jp JPN,"MF,FW",23-339,22.9,822,780,35,9,6,2,70,5,20,9,6,0,588,7,37,Matches,Real Sociedad,2024
291,Nayef Aguerd,ma MAR,DF,29-040,19.6,1389,1330,53,38,0,34,2,3,0,0,0,0,1213,6,10,Matches,Real Sociedad,2024
292,Javi López,es ESP,DF,23-045,19.5,934,698,235,20,0,8,52,215,0,0,0,0,733,1,25,Matches,Real Sociedad,2024
293,Luka Sučić,hr CRO,MF,22-243,17.8,782,758,19,7,4,6,17,1,1,0,1,0,640,5,14,Matches,Real Sociedad,2024
294,Brais Méndez,es ESP,MF,28-122,15.5,720,652,62,29,2,12,44,5,23,6,13,0,560,6,17,Matches,Real Sociedad,2024
295,Aritz Elustondo,es ESP,DF,31-042,13.2,733,677,52,22,3,3,3,28,0,0,0,0,620,4,8,Matches,Real Sociedad,2024
296,Ander Barrenetxea,es ESP,"MF,FW",23-133,12.3,469,452,13,1,1,10,42,10,2,0,0,0,335,4,24,Matches,Real Sociedad,2024
297,Sheraldo Becker,sr SUR,"FW,MF",30-089,11.1,313,304,8,0,0,1,64,4,2,0,0,0,200,1,14,Matches,Real Sociedad,2024
298,Aihen Muñoz,es ESP,DF,27-266,10.3,533,404,127,5,0,1,26,122,0,0,0,0,378,2,12,Matches,Real Sociedad,2024
299,Pablo Marín,es ESP,MF,21-310,10.6,348,334,12,3,2,0,10,0,0,0,0,0,271,2,10,Matches,Real Sociedad,2024
300,Beñat Turrientes,es ESP,MF,23-098,9.1,364,338,26,14,0,4,18,1,10,5,1,0,322,0,1,Matches,Real Sociedad,2024
301,Orri Steinn Óskarsson,is ISL,FW,20-253,10.5,197,188,4,0,0,0,7,0,0,0,0,0,104,5,9,Matches,Real Sociedad,2024
302,Jon Pacheco,es ESP,DF,24-121,8.5,460,433,26,19,0,9,0,1,0,0,0,0,381,1,5,Matches,Real Sociedad,2024
303,Olasagasti,es ESP,MF,24-266,8.8,375,361,13,3,0,4,10,1,4,0,2,0,284,1,7,Matches,Real Sociedad,2024
304,Hamari Traoré,ml MLI,DF,33-102,6.4,391,313,78,12,0,1,6,66,0,0,0,0,324,0,7,Matches,Real Sociedad,2024
305,Jon Martin,es ESP,DF,19-128,8.0,458,448,10,10,0,1,0,0,0,0,0,0,394,0,2,Matches,Real Sociedad,2024
306,Umar Sadiq,ng NGA,FW,28-096,2.5,48,46,1,0,0,0,2,0,0,0,0,0,25,1,2,Matches,Real Sociedad,2024
307,Unai Marrero,es ESP,GK,23-212,1.0,30,19,10,2,0,0,0,0,0,0,0,0,22,1,0,Matches,Real Sociedad,2024
308,Arsen Zakharyan,ru RUS,"MF,FW",21-348,0.8,33,32,1,0,2,1,1,0,1,1,0,0,28,0,0,Matches,Real Sociedad,2024
309,Urko González,es ESP,MF,24-050,0.5,17,17,0,0,0,1,1,0,0,0,0,0,10,0,1,Matches,Real Sociedad,2024
310,Arkaitz Mariezkurrena,es ESP,"MF,FW",20-034,1.2,40,39,1,1,0,0,2,0,0,0,0,0,25,0,3,Matches,Real Sociedad,2024
311,Álvaro Odriozola,es ESP,DF,29-146,0.5,30,25,5,0,0,0,1,5,0,0,0,0,22,0,0,Matches,Real Sociedad,2024
312,Daniel Díaz,es ESP,MF,18-321,0.1,3,3,0,0,0,0,0,0,0,0,0,0,1,0,0,Matches,Real Sociedad,2024
313,Luken Beitia,es ESP,DF,20-313,0.1,5,5,0,0,0,0,0,0,0,0,0,0,5,0,0,Matches,Real Sociedad,2024
314,Jon Magunazelaia,es ESP,MF,24-300,0.1,13,13,0,0,1,0,0,0,0,0,0,0,7,0,1,Matches,Real Sociedad,2024
315,Cristhian Mosquera,es ESP,DF,20-316,32.9,1798,1713,81,49,0,6,1,21,0,0,0,0,1643,4,8,Matches,Valencia,2024
316,Diego López,es ESP,"MF,FW",22-361,27.7,845,806,36,0,4,3,63,33,0,0,0,0,607,3,46,Matches,Valencia,2024
317,Giorgi Mamardashvili,ge GEO,GK,24-222,30.0,931,623,306,101,0,3,0,0,0,0,0,0,611,2,1,Matches,Valencia,2024
318,César Tárrega,es ESP,DF,23-072,29.6,1415,1350,61,42,0,8,1,1,0,0,0,0,1187,4,12,Matches,Valencia,2024
319,Luis Rioja,es ESP,"MF,FW",31-205,28.6,1093,969,121,24,6,14,191,46,51,29,13,0,733,3,59,Matches,Valencia,2024
320,Javier Guerra,es ESP,MF,22-128,25.9,1147,1089,48,22,6,10,44,5,15,7,3,0,887,10,37,Matches,Valencia,2024
321,Dimitri Foulquier,fr FRA,DF,32-047,24.9,1241,972,263,42,2,4,57,221,0,0,0,0,978,6,42,Matches,Valencia,2024
322,Hugo Duro,es ESP,FW,25-180,21.8,395,356,38,1,0,1,7,1,0,0,0,0,275,1,14,Matches,Valencia,2024
323,Enzo Barrenechea,ar ARG,MF,23-352,21.2,1164,1115,44,43,3,19,3,1,0,0,0,0,999,5,11,Matches,Valencia,2024
324,Domingos André Ribeiro Almeida,pt POR,"MF,FW",24-344,19.5,824,742,74,23,4,4,56,9,29,6,16,0,699,8,13,Matches,Valencia,2024
325,José Luis Gayà,es ESP,DF,29-349,17.3,864,715,146,8,1,5,77,138,0,0,0,0,671,3,16,Matches,Valencia,2024
326,José Luis García Vayá,es ESP,MF,26-271,17.4,1133,988,138,67,3,22,107,0,70,22,34,3,883,7,11,Matches,Valencia,2024
327,Yarek Gasiorowski,es ESP,DF,20-117,10.5,482,448,34,17,1,1,3,16,0,0,0,0,387,0,7,Matches,Valencia,2024
328,Jesus Vazquez,es ESP,DF,22-127,9.1,399,297,99,4,0,0,21,94,0,0,0,0,305,3,21,Matches,Valencia,2024
329,Thierry Correia,pt POR,DF,26-061,8.5,441,349,91,7,0,1,18,84,0,0,0,0,330,1,16,Matches,Valencia,2024
330,Umar Sadiq,ng NGA,FW,28-096,7.5,150,135,14,0,0,3,0,1,0,0,0,0,107,1,5,Matches,Valencia,2024
331,Dani Gómez,es ESP,FW,26-283,5.9,83,72,11,0,0,0,0,2,0,0,0,0,62,0,6,Matches,Valencia,2024
332,Rafa Mir,es ESP,"FW,MF",27-325,6.6,144,142,2,0,0,0,5,0,0,0,0,0,109,0,6,Matches,Valencia,2024
333,Mouctar Diakhaby,gn GUI,DF,28-141,4.1,138,127,9,5,0,2,0,1,0,0,0,0,113,2,1,Matches,Valencia,2024
334,Hugo Guillamón,es ESP,MF,25-098,4.0,188,178,9,9,0,3,1,0,0,0,0,0,154,1,1,Matches,Valencia,2024
335,Stole Dimitrievski,mk MKD,GK,31-135,4.0,133,88,45,25,0,0,0,0,0,0,0,0,68,0,0,Matches,Valencia,2024
336,Francisco Perez,es ESP,"MF,FW",22-242,5.1,180,173,7,0,1,2,24,6,1,0,0,0,131,0,12,Matches,Valencia,2024
337,Sergi Canós,es ESP,"MF,FW",28-096,4.0,155,146,8,1,0,1,18,3,4,0,3,0,89,1,10,Matches,Valencia,2024
338,Ivan Jaime Pajuelo,es ESP,MF,24-225,2.1,80,75,4,1,0,0,6,0,3,1,0,0,64,1,3,Matches,Valencia,2024
339,Germán Valera,es ESP,MF,23-054,1.6,47,46,1,0,0,0,6,1,0,0,0,0,34,0,1,Matches,Valencia,2024
340,Max Aarons,eng ENG,"DF,MF",25-125,1.2,42,35,7,0,0,0,2,7,0,0,0,0,29,0,1,Matches,Valencia,2024
341,Maximiliano Caufriez,be BEL,DF,28-082,1.0,14,13,1,1,0,0,0,0,0,0,0,0,11,0,0,Matches,Valencia,2024
342,Rodrigo Abajas,es ESP,DF,21-362,0.7,29,21,8,0,0,0,1,8,0,0,0,0,17,0,2,Matches,Valencia,2024
343,Martín Tejón,es ESP,"MF,DF",21-027,0.5,26,26,0,0,0,0,1,0,0,0,0,0,20,0,0,Matches,Valencia,2024
344,Iker Córdoba,es ESP,DF,19-179,0.2,11,11,0,0,0,0,1,0,0,0,0,0,9,0,1,Matches,Valencia,2024
345,David Otorbi,es ESP,MF,17-205,0.2,4,4,0,0,0,0,0,0,0,0,0,0,2,0,0,Matches,Valencia,2024
346,Alberto Marí,es ESP,FW,23-302,0.1,4,4,0,0,0,0,0,0,0,0,0,0,2,0,0,Matches,Valencia,2024
347,David Soria,es ESP,GK,32-035,34.0,920,501,414,143,0,3,0,0,0,0,0,0,458,5,0,Matches,Getafe,2024
348,Omar Alderete,py PAR,DF,28-134,30.4,1048,969,66,60,3,28,6,0,0,0,0,0,693,13,13,Matches,Getafe,2024
349,Djené,tg TOG,"DF,MF",33-129,27.3,889,780,105,17,0,4,32,88,0,0,0,0,671,4,8,Matches,Getafe,2024
350,Luis Milla,es ESP,MF,30-214,28.9,1431,1147,274,155,4,23,182,1,101,42,43,1,1061,10,17,Matches,Getafe,2024
351,Iglesias,es ESP,DF,26-310,28.3,1102,769,324,24,0,12,77,300,0,0,0,0,630,9,38,Matches,Getafe,2024
352,Diego Rico,es ESP,DF,32-075,27.3,1383,970,402,41,0,9,129,350,11,0,11,0,942,11,40,Matches,Getafe,2024
353,Mauro Arambarri,uy URU,MF,29-221,26.9,747,722,21,13,2,8,14,0,1,1,0,0,552,4,11,Matches,Getafe,2024
354,Chrisantus Uche,ng NGA,"FW,MF",21-355,24.8,536,523,10,0,1,2,19,0,0,0,0,0,351,3,21,Matches,Getafe,2024
355,Domingos Duarte,pt POR,DF,30-060,17.0,548,519,27,25,0,6,0,2,0,0,0,0,427,2,0,Matches,Getafe,2024
356,Carles Pérez,es ESP,"MF,FW",27-082,15.9,336,317,17,9,2,0,42,1,7,4,1,0,226,2,11,Matches,Getafe,2024
357,Bertuğ Yıldırım,tr TUR,FW,22-301,11.6,177,169,8,0,0,0,7,0,0,0,0,0,96,0,3,Matches,Getafe,2024
358,Alex Sola,es ESP,"MF,FW",25-334,11.4,242,238,2,1,0,2,18,1,0,0,0,0,155,2,10,Matches,Getafe,2024
359,Ramón Terrats,es ESP,"MF,FW",24-203,10.1,267,238,26,12,2,3,27,3,11,3,7,0,175,3,8,Matches,Getafe,2024
360,Coba da Costa,es ESP,"MF,FW",22-287,9.9,256,254,2,0,2,0,35,1,1,0,0,0,162,0,10,Matches,Getafe,2024
361,Juan Berrocal,es ESP,DF,26-005,10.6,335,318,17,15,0,2,0,0,0,0,0,0,251,0,1,Matches,Getafe,2024
362,Allan Nyom,cm CMR,"DF,MF",36-364,7.7,295,235,59,5,0,0,15,54,0,0,0,0,234,1,1,Matches,Getafe,2024
363,Juanmi,es ESP,"FW,MF",31-354,7.4,136,130,6,0,0,0,0,3,0,0,0,0,104,0,10,Matches,Getafe,2024
364,Juan Bernat,es ESP,"MF,DF",32-069,7.0,187,171,14,0,0,0,13,14,0,0,0,0,132,2,14,Matches,Getafe,2024
365,Álvaro Rodríguez,uy URU,FW,20-299,7.9,193,189,0,0,1,1,4,0,0,0,0,0,96,4,1,Matches,Getafe,2024
366,Carles Aleñá,es ESP,"MF,FW",27-124,5.0,117,105,12,6,0,0,6,1,1,1,0,0,93,0,1,Matches,Getafe,2024
367,Borja Mayoral,es ESP,FW,28-034,9.3,197,176,19,1,0,4,8,3,0,0,0,0,153,2,4,Matches,Getafe,2024
368,Jesús Santiago,es ESP,MF,20-349,3.6,110,108,2,0,0,0,2,2,0,0,0,0,77,0,3,Matches,Getafe,2024
369,Nabil Aberdin,fr FRA,MF,22-259,2.9,61,58,2,2,0,1,0,0,0,0,0,0,36,1,3,Matches,Getafe,2024
370,Peter González,do DOM,"MF,FW",22-288,4.4,108,95,11,2,0,0,10,8,0,0,0,0,74,2,4,Matches,Getafe,2024
371,Abdoulaye Keita,es ESP,"FW,MF",22-250,1.1,27,26,1,0,0,1,1,1,0,0,0,0,15,0,1,Matches,Getafe,2024
372,Alberto Risco,es ESP,"MF,FW",19-252,0.8,34,33,0,0,0,0,4,0,0,0,0,0,25,1,1,Matches,Getafe,2024
373,John Joe,ie IRL,"MF,FW",21-197,0.5,20,20,0,0,0,0,0,0,0,0,0,0,16,0,1,Matches,Getafe,2024
374,Gorka Rivera Alonso,es ESP,"DF,MF",20-281,0.2,11,6,5,0,0,0,0,5,0,0,0,0,5,0,0,Matches,Getafe,2024
375,Ismael Bekhoucha,ma MAR,"DF,MF",20-170,0.1,5,4,1,0,0,0,0,1,0,0,0,0,3,0,0,Matches,Getafe,2024
376,David Argüelles,es ESP,MF,23-128,0.1,5,5,0,0,0,0,0,0,0,0,0,0,3,0,0,Matches,Getafe,2024
377,Joan García,es ESP,GK,24-005,34.0,1118,807,308,116,0,4,0,0,0,0,0,0,793,3,1,Matches,Espanyol,2024
378,Omar El Hilali,ma MAR,DF,21-239,32.1,1436,1116,317,57,1,16,43,260,0,0,0,0,1138,3,24,Matches,Espanyol,2024
379,Marash Kumbulla,al ALB,DF,25-090,30.0,1263,1210,49,31,0,6,5,2,0,0,0,0,1074,4,8,Matches,Espanyol,2024
380,Javi Puado,es ESP,"FW,MF",26-349,29.5,607,581,22,0,5,6,25,6,1,0,0,0,464,4,16,Matches,Espanyol,2024
381,Leandro Cabrera,uy URU,DF,33-326,29.0,1331,1179,142,51,1,12,15,10,0,0,0,0,1004,10,13,Matches,Espanyol,2024
382,Alex Král,cz CZE,MF,26-355,29.2,816,782,27,10,6,6,36,2,3,0,3,0,585,7,29,Matches,Espanyol,2024
383,Carlos Romero,es ESP,DF,23-192,24.4,840,677,162,18,1,3,69,125,19,5,5,0,606,1,27,Matches,Espanyol,2024
384,Jofre,es ESP,"MF,FW",23-326,22.4,485,468,14,1,2,2,48,11,2,0,2,0,327,3,26,Matches,Espanyol,2024
385,Pol Lozano,es ESP,MF,25-215,19.8,763,714,47,32,4,8,19,5,10,2,5,0,641,2,14,Matches,Espanyol,2024
386,Roberto Férnandez,es ESP,FW,22-310,13.1,200,186,14,0,0,0,2,0,0,0,0,0,144,0,9,Matches,Espanyol,2024
387,Álvaro Tejero,es ESP,"MF,DF",28-293,13.2,572,444,126,29,1,3,103,52,45,13,25,1,408,2,15,Matches,Espanyol,2024
388,Urko González,es ESP,MF,24-050,11.5,315,312,3,3,2,1,1,0,0,0,0,0,245,0,10,Matches,Espanyol,2024
389,Brian Oliván,es ESP,DF,31-038,11.3,458,362,95,13,0,3,55,73,9,1,6,0,317,1,13,Matches,Espanyol,2024
390,Antoniu,es ESP,"MF,FW",22-246,9.8,198,194,2,1,3,0,18,1,0,0,0,0,136,2,12,Matches,Espanyol,2024
391,Alejo Véliz,ar ARG,FW,21-232,11.2,169,144,25,0,0,0,0,1,0,0,0,0,112,0,2,Matches,Espanyol,2024
392,Edu Expósito,es ESP,MF,28-281,8.0,326,266,55,27,8,3,46,0,27,8,16,0,211,5,5,Matches,Espanyol,2024
393,José Gragera,es ESP,MF,24-160,6.3,217,206,10,10,0,1,0,0,0,0,0,0,190,1,2,Matches,Espanyol,2024
394,Sergi Gómez,es ESP,DF,33-042,7.2,348,336,12,10,0,0,1,0,0,0,0,0,309,0,1,Matches,Espanyol,2024
395,Walid Cheddira,ma MAR,FW,27-107,6.8,95,86,9,0,0,0,1,0,0,0,0,0,68,0,2,Matches,Espanyol,2024
396,Irvin Cardona,fr FRA,"FW,MF",27-274,6.7,161,154,6,0,1,2,14,4,0,0,0,0,100,1,6,Matches,Espanyol,2024
397,Álvaro Aguado,es ESP,MF,29-008,4.8,242,224,17,10,1,3,12,3,3,1,1,0,188,1,5,Matches,Espanyol,2024
398,Fernando Calero,es ESP,"DF,MF",29-237,5.3,211,200,10,6,0,1,0,0,0,0,0,0,177,1,0,Matches,Espanyol,2024
399,Justin Smith,ca CAN,MF,22-094,2.3,61,58,2,2,0,0,1,0,0,0,0,0,40,1,1,Matches,Espanyol,2024
400,Rafael Bauza,es ESP,MF,20-099,2.0,54,52,2,2,1,1,0,0,0,0,0,0,46,0,1,Matches,Espanyol,2024
401,Pere Milla,es ESP,"MF,FW",32-228,3.5,118,104,14,6,3,1,11,3,5,2,3,0,65,0,11,Matches,Espanyol,2024
402,Naci Ünüvar,nl NED,"MF,DF",21-330,0.3,18,18,0,0,0,0,2,0,0,0,0,0,13,0,2,Matches,Espanyol,2024
403,Roger Hinojo,es ESP,DF,20-077,0.1,10,9,1,0,0,0,2,1,0,0,0,0,5,0,1,Matches,Espanyol,2024
404,Paulo Gazzaniga,ar ARG,GK,33-127,33.5,1158,931,222,53,0,1,0,0,0,0,0,0,931,5,1,Matches,Girona,2024
405,Miguel Gutiérrez,es ESP,"DF,MF",23-286,27.3,1502,1234,255,40,4,11,153,193,22,2,18,0,1241,13,41,Matches,Girona,2024
406,Daley Blind,nl NED,DF,35-061,26.9,2352,2173,169,58,3,31,37,97,1,0,0,0,2087,10,26,Matches,Girona,2024
407,Arnau Martinez,es ESP,"DF,MF",22-014,25.7,1665,1424,235,41,5,5,53,193,1,0,1,0,1431,6,32,Matches,Girona,2024
408,David López,es ESP,DF,35-212,25.0,1884,1794,87,60,0,14,3,8,0,0,0,0,1729,3,8,Matches,Girona,2024
409,Ladislav Krejčí,cz CZE,DF,26-019,24.1,1947,1864,81,53,2,7,10,12,0,0,0,0,1756,2,6,Matches,Girona,2024
410,Yangel Herrera,ve VEN,MF,27-115,22.3,967,946,15,9,2,10,39,3,0,0,0,0,783,6,20,Matches,Girona,2024
411,Iván Martín,es ESP,MF,26-084,20.4,1286,1262,23,15,1,1,19,8,0,0,0,0,1160,1,16,Matches,Girona,2024
412,Bryan Gil,es ESP,"FW,MF",24-087,19.1,759,731,23,1,0,0,78,8,14,6,6,0,621,5,23,Matches,Girona,2024
413,Viktor Tsyhankov,ua UKR,"FW,MF",27-175,17.6,735,625,108,23,1,1,109,8,76,32,29,1,553,2,19,Matches,Girona,2024
414,Donny van de Beek,nl NED,MF,28-021,15.8,447,438,9,0,2,2,11,0,0,0,0,0,365,0,13,Matches,Girona,2024
415,Oriol Romeu,es ESP,MF,33-227,13.8,818,807,11,11,2,7,7,0,0,0,0,0,737,0,10,Matches,Girona,2024
416,Abel Ruiz,es ESP,FW,25-101,13.6,245,213,31,0,1,1,4,2,0,0,0,0,215,1,5,Matches,Girona,2024
417,Arnaut Danjuma,nl NED,"FW,MF",28-098,14.6,429,382,44,2,1,2,76,6,30,21,6,0,310,3,23,Matches,Girona,2024
418,Yaser Asprilla,co COL,"FW,MF",21-171,12.6,543,492,46,12,6,8,69,8,19,13,2,0,393,5,19,Matches,Girona,2024
419,Bojan Miovski,mk MKD,FW,25-319,9.5,109,91,17,0,0,0,3,0,0,0,0,0,82,1,4,Matches,Girona,2024
420,Alejandro Francés,es ESP,DF,22-281,10.6,665,551,113,19,1,6,19,94,0,0,0,0,565,1,17,Matches,Girona,2024
421,Arthur Melo,br BRA,MF,28-270,7.3,524,506,16,14,0,0,3,2,0,0,0,0,490,2,5,Matches,Girona,2024
422,Juanpe,es ESP,DF,34-009,6.8,505,469,35,28,0,11,1,5,0,0,0,0,440,1,5,Matches,Girona,2024
423,Cristhian Stuani,uy URU,FW,38-209,9.2,116,102,14,0,0,0,1,1,0,0,0,0,82,0,2,Matches,Girona,2024
424,Portu,es ESP,"FW,MF",32-353,6.2,190,174,13,3,1,0,24,1,8,5,2,0,134,3,6,Matches,Girona,2024
425,Jhon Solis,co COL,MF,20-218,5.2,267,264,2,2,1,0,2,0,0,0,0,0,243,1,0,Matches,Girona,2024
426,Silvi Clúa,es ESP,MF,20-100,1.8,95,91,2,2,0,0,0,0,0,0,0,0,75,2,2,Matches,Girona,2024
427,Gabriel Osei Misehouy,nl NED,"FW,MF",19-295,2.9,103,97,6,1,0,0,6,2,3,2,1,0,90,0,0,Matches,Girona,2024
428,Iker Almena,es ESP,"FW,DF",21-005,0.5,32,30,2,0,0,0,4,2,0,0,0,0,23,0,2,Matches,Girona,2024
429,Papa Ba,es ESP,MF,20-239,0.5,13,13,0,0,0,0,1,0,0,0,0,0,5,0,3,Matches,Girona,2024
430,Pau López,es ESP,GK,30-147,0.5,24,16,8,1,0,0,0,0,0,0,0,0,18,0,0,Matches,Girona,2024
431,Kim Minsu,kr KOR,"MF,FW",19-110,0.2,10,10,0,0,0,0,0,0,0,0,0,0,9,0,0,Matches,Girona,2024
432,Ferrán Ruiz,es ESP,MF,22-013,0.2,6,6,0,0,0,0,0,0,0,0,0,0,3,0,0,Matches,Girona,2024
433,Dodi Lukebakio,be BEL,FW,27-227,31.4,963,860,99,24,7,10,122,8,64,43,12,0,711,4,29,Matches,Sevilla,2024
434,Carmona,es ESP,DF,23-100,30.0,1684,1332,347,47,1,13,37,300,0,0,0,0,1359,5,33,Matches,Sevilla,2024
435,Loïc Bade,fr FRA,DF,25-028,28.2,1751,1684,59,45,1,17,7,6,0,0,0,0,1502,8,9,Matches,Sevilla,2024
436,Ørjan Nyland,no NOR,GK,34-241,26.7,913,714,195,46,0,0,0,1,0,0,0,0,584,4,0,Matches,Sevilla,2024
437,Isaac Romero,es ESP,FW,24-356,23.4,424,372,47,0,1,1,17,3,0,0,0,0,297,5,17,Matches,Sevilla,2024
438,Adrià Pedrosa,es ESP,DF,26-361,23.5,1098,857,235,36,1,9,89,194,5,4,1,0,805,6,31,Matches,Sevilla,2024
439,Nemanja Gudelj,rs SRB,"MF,DF",33-174,24.3,1217,1110,103,59,1,7,30,0,23,15,3,0,1055,4,5,Matches,Sevilla,2024
440,Kike Salas,es ESP,DF,23-016,21.4,1263,1143,117,45,1,10,7,59,0,0,0,0,991,3,14,Matches,Sevilla,2024
441,Djibril Sow,ch SUI,MF,28-092,20.7,903,881,20,16,0,4,9,1,2,0,0,0,802,2,8,Matches,Sevilla,2024
442,Lucien Agoume,fr FRA,MF,23-089,19.5,1005,972,28,24,4,7,11,4,0,0,0,0,823,5,15,Matches,Sevilla,2024
443,Saúl Ñíguez,es ESP,MF,30-169,16.2,618,604,12,5,3,4,18,3,1,1,0,0,484,2,15,Matches,Sevilla,2024
444,Albert Sambi Lokonga,be BEL,MF,25-199,15.6,861,835,25,20,4,10,2,5,0,0,0,0,770,1,3,Matches,Sevilla,2024
445,Juanlu Sánchez,es ESP,"MF,DF",21-267,15.5,523,477,45,2,0,2,31,40,0,0,0,0,426,1,29,Matches,Sevilla,2024
446,Peque,es ESP,"MF,FW",22-217,11.4,305,288,17,0,4,0,8,0,3,1,0,0,240,0,13,Matches,Sevilla,2024
447,Chidera Ejuke,ng NGA,FW,27-127,10.6,434,398,35,0,2,6,19,12,23,11,1,0,353,1,16,Matches,Sevilla,2024
448,Ruben Vargas,ch SUI,"FW,MF",26-277,7.5,247,219,28,3,0,0,37,9,16,12,2,0,166,0,13,Matches,Sevilla,2024
449,Álvaro Fernández,es ESP,GK,27-026,7.3,293,237,55,17,0,0,0,0,0,0,0,0,185,1,0,Matches,Sevilla,2024
450,Tanguy Nianzou,fr FRA,DF,22-336,5.8,314,300,14,11,0,1,0,0,0,0,0,0,285,0,0,Matches,Sevilla,2024
451,Marcão,br BRA,DF,28-338,5.1,261,242,18,10,0,0,0,0,0,0,0,0,230,1,4,Matches,Sevilla,2024
452,Kelechi Iheanacho,ng NGA,FW,28-218,4.4,80,76,4,0,0,2,0,1,0,0,0,0,60,0,1,Matches,Sevilla,2024
453,Jesús Navas,es ESP,"FW,MF",39-169,4.7,262,237,24,4,0,4,33,19,1,0,0,0,203,1,7,Matches,Sevilla,2024
454,Valentín Barco,ar ARG,"DF,FW",20-290,3.2,191,141,48,9,2,2,24,30,9,0,5,0,139,2,5,Matches,Sevilla,2024
455,Stanis Idumbo,be BEL,"FW,MF",19-314,3.2,76,72,3,0,1,0,0,3,0,0,0,0,63,1,3,Matches,Sevilla,2024
456,Lucas Ocampos,ar ARG,FW,30-302,1.9,91,85,5,0,0,2,4,4,1,1,0,0,65,1,4,Matches,Sevilla,2024
457,Suso,es ESP,"FW,MF",31-171,3.5,213,184,26,3,2,2,31,3,20,14,4,0,159,3,3,Matches,Sevilla,2024
458,Álvaro Pascual,es ESP,FW,23-128,2.2,13,13,0,0,0,0,2,0,0,0,0,0,9,0,2,Matches,Sevilla,2024
459,Akor Adams,ng NGA,FW,25-100,1.5,27,24,3,0,0,0,0,0,0,0,0,0,20,0,0,Matches,Sevilla,2024
460,Manu Bueno,es ESP,"MF,FW",20-286,1.3,57,55,2,2,0,0,1,0,0,0,0,0,51,0,0,Matches,Sevilla,2024
461,Gonzalo Montiel,ar ARG,"DF,MF",28-128,1.3,78,64,14,2,0,0,3,11,1,0,0,0,68,0,1,Matches,Sevilla,2024
462,Ramón Martínez,es ESP,DF,22-199,1.1,49,49,0,0,0,0,0,0,0,0,0,0,44,0,0,Matches,Sevilla,2024
463,Diego Iturralde,es ESP,FW,22-023,0.4,7,7,0,0,0,0,0,0,0,0,0,0,5,0,1,Matches,Sevilla,2024
464,Israel Domínguez,es ESP,FW,22-002,0.2,2,1,1,0,0,0,0,1,0,0,0,0,2,0,0,Matches,Sevilla,2024
465,Leandro Antonetti,pr PUR,FW,22-116,0.1,1,1,0,0,0,0,0,0,0,0,0,0,1,0,0,Matches,Sevilla,2024
466,Mateo Mejía,es ESP,FW,22-039,0.1,1,1,0,0,0,0,0,0,0,0,0,0,0,0,0,Matches,Sevilla,2024
467,Darío Fuentes,es ESP,DF,22-117,0.1,2,0,2,0,0,0,0,2,0,0,0,0,0,0,0,Matches,Sevilla,2024
468,Carlos Vicente,es ESP,"FW,MF",26-016,30.4,991,826,157,39,3,2,235,49,69,22,31,5,630,8,59,Matches,Alaves,2024
469,Nahuel Tenaglia,ar ARG,DF,29-077,29.3,1257,933,318,10,0,4,75,305,0,0,0,0,918,6,31,Matches,Alaves,2024
470,Abdel Abqar,ma MAR,DF,26-060,27.4,939,888,48,40,1,17,5,7,0,0,0,0,719,3,6,Matches,Alaves,2024
471,Antonio Sivera,es ESP,GK,28-271,27.2,844,515,327,137,0,0,0,0,0,0,0,0,469,2,1,Matches,Alaves,2024
472,Antonio Blanco,es ESP,MF,24-290,26.6,1127,1060,59,49,4,22,27,7,0,0,0,0,896,8,23,Matches,Alaves,2024
473,Kiké,es ESP,FW,35-165,25.6,529,512,14,2,4,5,12,1,0,0,0,0,348,3,15,Matches,Alaves,2024
474,Manu Sánchez,es ESP,DF,24-258,25.5,995,736,253,19,0,3,74,230,4,1,2,0,715,6,36,Matches,Alaves,2024
475,Jon Guridi,es ESP,"MF,FW",30-070,20.0,652,619,28,7,1,0,16,4,5,1,3,0,488,5,14,Matches,Alaves,2024
476,Moussa Diarra,ml MLI,DF,24-180,19.7,800,684,112,24,0,5,22,87,0,0,0,0,641,4,14,Matches,Alaves,2024
477,Ander Guevara,es ESP,MF,27-306,18.6,860,820,32,21,0,5,3,2,0,0,0,0,665,8,14,Matches,Alaves,2024
478,Santiago Mouriño,uy URU,DF,23-085,17.5,592,551,38,19,1,2,3,15,0,0,0,0,462,3,7,Matches,Alaves,2024
479,Carlos Martín,es ESP,"FW,MF",23-017,14.5,389,383,6,2,4,2,24,4,0,0,0,0,255,0,23,Matches,Alaves,2024
480,Joan Jordán,es ESP,MF,30-307,15.1,893,747,143,62,0,18,100,3,59,23,30,1,670,3,15,Matches,Alaves,2024
481,Tomás Conechny,ar ARG,"FW,MF",27-040,8.8,308,290,15,0,2,0,30,12,3,0,3,0,198,3,12,Matches,Alaves,2024
482,Carles Aleñá,es ESP,"MF,FW",27-124,8.5,359,344,15,6,2,0,24,2,6,5,0,0,272,0,15,Matches,Alaves,2024
483,Toni Martínez,es ESP,"FW,MF",27-313,10.1,216,203,10,0,2,2,6,1,0,0,0,0,128,3,1,Matches,Alaves,2024
484,Stoichkov,es ESP,"MF,FW",31-185,7.8,214,204,9,0,6,1,13,0,0,0,0,0,132,1,13,Matches,Alaves,2024
485,Aleksandar Sedlar,rs SRB,DF,33-147,5.7,208,197,11,6,0,1,0,3,0,0,0,0,170,0,1,Matches,Alaves,2024
486,Jesús Owono,gq EQG,GK,24-069,5.4,163,108,54,18,1,0,0,0,0,0,0,0,99,1,1,Matches,Alaves,2024
487,Pica,es ESP,DF,23-128,5.4,198,185,12,4,0,1,2,1,0,0,0,0,152,1,2,Matches,Alaves,2024
488,Carlos Benavídez,uy URU,MF,27-040,4.4,180,176,3,1,2,1,1,1,0,0,0,0,127,1,2,Matches,Alaves,2024
489,Abderrahman Rebbach,dz ALG,"FW,MF",26-271,4.3,118,108,10,1,0,1,17,2,7,4,0,0,74,0,6,Matches,Alaves,2024
490,Facundo Garcés,ar ARG,DF,25-246,3.5,85,78,7,6,0,0,0,1,0,0,0,0,65,0,2,Matches,Alaves,2024
491,Asier Villalibre,es ESP,FW,27-221,3.5,65,60,5,0,1,0,2,0,0,0,0,0,42,0,1,Matches,Alaves,2024
492,Hugo Novoa,es ESP,"DF,MF",22-128,2.6,69,59,10,0,0,1,7,10,0,0,0,0,53,0,3,Matches,Alaves,2024
493,Luka Romero,ar ARG,"FW,MF",20-172,2.2,49,43,6,1,0,0,10,0,4,0,3,0,34,0,1,Matches,Alaves,2024
494,Pau Cabanes,es ESP,"MF,FW",20-081,2.0,81,77,3,1,0,0,12,2,0,0,0,0,57,1,4,Matches,Alaves,2024
495,Adrian Rodriguez,es ESP,GK,24-148,1.4,50,13,37,13,0,0,0,0,0,0,0,0,19,0,1,Matches,Alaves,2024
496,Luis Rioja,es ESP,FW,31-205,0.3,11,9,2,1,0,0,6,1,0,0,0,0,5,0,0,Matches,Alaves,2024
497,Alberto Moleiro,es ESP,"FW,MF",21-221,27.4,938,910,25,11,9,1,27,6,2,0,1,0,766,3,23,Matches,Las Palmas,2024
498,Álex Suárez,es ESP,DF,32-052,25.8,1296,1157,138,64,1,8,0,34,0,0,0,0,1119,1,10,Matches,Las Palmas,2024
499,Javier Muñoz,es ESP,"MF,DF",30-070,27.8,1141,1054,84,21,3,18,51,49,3,0,1,1,890,3,28,Matches,Las Palmas,2024
500,Jasper Cillessen,nl NED,GK,36-017,25.9,1002,727,272,93,0,0,0,0,0,0,0,0,683,3,0,Matches,Las Palmas,2024
501,Scott McKenna,sct SCO,DF,28-178,25.4,1344,1285,57,35,0,4,2,5,0,0,0,0,1165,2,5,Matches,Las Palmas,2024
502,Mika Mármol,es ESP,DF,23-312,23.7,1320,1132,185,27,0,7,47,153,0,0,0,0,1004,3,22,Matches,Las Palmas,2024
503,Sandro Ramírez,es ESP,"FW,MF",29-304,21.4,640,544,88,26,3,3,115,5,57,15,35,0,412,8,22,Matches,Las Palmas,2024
504,Fábio Silva,pt POR,FW,22-294,20.7,466,421,44,1,3,3,21,5,0,0,0,0,309,1,24,Matches,Las Palmas,2024
505,Dario Essugo,pt POR,MF,20-056,18.9,829,815,12,9,4,8,1,1,0,0,0,0,701,2,7,Matches,Las Palmas,2024
506,Kirian Rodríguez,es ESP,MF,29-065,19.5,1204,1154,43,34,8,4,18,2,6,2,3,0,1026,7,15,Matches,Las Palmas,2024
507,Viti,es ESP,DF,27-235,19.5,827,646,178,16,1,3,43,162,0,0,0,0,666,3,18,Matches,Las Palmas,2024
508,Oliver McBurnie,sct SCO,FW,28-339,17.4,381,350,29,1,0,0,1,4,0,0,0,0,253,2,5,Matches,Las Palmas,2024
509,Álex Muñoz,es ESP,DF,30-283,15.2,741,607,133,12,0,2,25,113,0,0,0,0,590,1,13,Matches,Las Palmas,2024
510,José Campaña,es ESP,MF,31-343,12.2,759,688,68,46,3,11,28,4,18,8,6,0,642,3,8,Matches,Las Palmas,2024
511,Juan Herzog,es ESP,DF,21-361,10.7,458,425,31,16,0,2,0,6,0,0,0,0,392,2,3,Matches,Las Palmas,2024
512,Stefan Bajcetic,es ESP,"MF,DF",20-199,9.3,372,353,16,12,0,9,4,2,1,1,0,0,268,3,7,Matches,Las Palmas,2024
513,Marvin,es ESP,"DF,FW",24-310,9.1,386,326,60,11,0,0,47,49,0,0,0,0,279,0,18,Matches,Las Palmas,2024
514,Dinko Horkaš,hr CRO,GK,26-060,8.1,354,288,63,23,0,2,0,0,0,0,0,0,272,3,0,Matches,Las Palmas,2024
515,Manuel Fuster,es ESP,"FW,MF",27-199,8.8,472,426,42,20,3,4,56,7,15,6,7,0,363,4,11,Matches,Las Palmas,2024
516,Enzo Loiodice,fr FRA,MF,24-163,5.6,317,309,8,3,0,1,9,0,5,2,1,1,266,0,8,Matches,Las Palmas,2024
517,Jaime Mata,es ESP,FW,36-197,5.9,149,145,3,0,0,0,9,0,0,0,0,0,99,1,5,Matches,Las Palmas,2024
518,Adnan Januzaj,be BEL,"MF,FW",30-093,4.5,250,208,42,7,6,4,55,9,25,14,5,0,171,0,14,Matches,Las Palmas,2024
519,Andy Pelmard,fr FRA,DF,25-058,2.3,115,97,18,3,0,0,2,15,0,0,0,0,98,0,3,Matches,Las Palmas,2024
520,Benito Ramírez,es ESP,"DF,MF",29-302,4.3,268,231,36,5,0,0,30,29,2,0,1,0,214,1,10,Matches,Las Palmas,2024
521,Daley Sinkgraven,nl NED,DF,29-309,1.0,66,59,7,2,0,0,4,5,0,0,0,0,50,0,1,Matches,Las Palmas,2024
522,Marc Cardona,es ESP,"FW,DF",29-305,1.2,43,40,3,0,1,1,1,0,1,0,0,0,35,0,1,Matches,Las Palmas,2024
523,Fabio González,es ESP,MF,28-086,0.6,53,53,0,0,0,1,1,0,0,0,0,0,43,0,3,Matches,Las Palmas,2024
524,Pejiño,es ESP,FW,28-284,0.2,7,7,0,0,0,0,1,0,0,0,0,0,6,0,0,Matches,Las Palmas,2024
525,Valentín Pezzolesi,es ESP,DF,18-023,0.1,5,5,0,0,0,0,0,0,0,0,0,0,2,0,0,Matches,Las Palmas,2024
526,Aboubacar Bassinga,ci CIV,MF,19-300,0.0,4,4,0,0,1,0,0,0,0,0,0,0,2,0,0,Matches,Las Palmas,2024
527,Sergi,es ESP,DF,33-019,31.4,1455,1396,52,51,0,7,1,0,0,0,0,0,1211,7,8,Matches,Leganes,2024
528,Marko Dmitrović,rs SRB,GK,33-105,28.0,937,539,392,112,0,1,0,1,0,0,0,0,400,6,0,Matches,Leganes,2024
529,Seydouba Cissé,gn GUI,MF,24-088,23.2,976,945,27,12,2,10,8,6,2,1,0,0,822,4,11,Matches,Leganes,2024
530,Valentin Rosier,fr FRA,DF,28-263,27.1,1125,900,220,14,0,2,38,206,0,0,0,0,881,5,27,Matches,Leganes,2024
531,Yvan Neyou,cm CMR,MF,28-126,24.1,1030,1000,21,20,2,9,15,1,0,0,0,0,879,9,13,Matches,Leganes,2024
532,Javi Hernández,es ESP,DF,27-007,23.5,903,710,190,31,1,4,48,156,3,0,0,0,673,3,21,Matches,Leganes,2024
533,Renato Tapia,pe PER,"MF,DF",29-285,23.2,882,845,34,28,4,17,12,6,0,0,0,0,681,3,21,Matches,Leganes,2024
534,Juan Cruz,es ESP,"FW,MF",25-014,23.1,669,573,90,16,8,2,89,56,17,10,4,0,453,6,27,Matches,Leganes,2024
535,Matija Nastasić,rs SRB,DF,32-042,22.6,833,796,34,30,0,2,0,2,0,0,0,0,687,3,4,Matches,Leganes,2024
536,Dani Raba,es ESP,"FW,MF",29-192,18.1,537,422,107,44,13,2,73,5,37,14,16,0,349,8,14,Matches,Leganes,2024
537,Miguel,es ESP,FW,25-248,18.6,224,206,15,0,4,1,7,2,0,0,0,0,128,3,12,Matches,Leganes,2024
538,Darko Brašanac,rs SRB,MF,33-086,17.3,472,452,19,1,1,1,11,3,0,0,0,0,351,1,20,Matches,Leganes,2024
539,Jorge Sáenz,es ESP,DF,28-173,14.8,706,680,25,20,0,6,0,2,0,0,0,0,589,1,1,Matches,Leganes,2024
540,Adrià Altimira,es ESP,"DF,FW",24-042,14.1,461,385,74,3,2,3,17,71,0,0,0,0,361,2,8,Matches,Leganes,2024
541,Óscar Rodríguez Arnaiz,es ESP,"MF,FW",26-315,13.9,515,454,57,22,3,12,52,3,27,10,15,0,372,4,12,Matches,Leganes,2024
542,Diego,es ESP,"FW,MF",25-021,10.3,149,134,13,0,0,1,4,1,0,0,0,0,101,2,4,Matches,Leganes,2024
543,Munir El Haddadi,ma MAR,"FW,MF",29-250,7.4,190,179,8,4,1,0,11,0,1,0,1,0,131,3,5,Matches,Leganes,2024
544,Enric Franquesa,es ESP,"DF,FW",28-072,6.8,225,179,43,0,0,0,16,43,0,0,0,0,158,3,9,Matches,Leganes,2024
545,Juan Soriano,es ESP,GK,27-259,6.0,185,108,77,23,0,0,0,0,0,0,0,0,98,0,0,Matches,Leganes,2024
546,Sébastien Haller,ci CIV,FW,30-321,4.5,90,85,5,0,2,0,0,0,0,0,0,0,54,0,1,Matches,Leganes,2024
547,Roberto López,es ESP,MF,25-015,4.4,208,176,28,13,0,3,24,1,12,7,3,0,152,4,6,Matches,Leganes,2024
548,Yan Diomandé,ci CIV,"FW,MF",18-176,2.6,64,63,1,0,0,0,6,1,0,0,0,0,49,0,2,Matches,Leganes,2024
549,Julián Chicco,ar ARG,"MF,DF",27-116,3.3,139,131,8,2,0,1,3,6,0,0,0,0,110,0,1,Matches,Leganes,2024
550,Aritz Arambarri,es ESP,DF,27-098,2.0,67,65,2,2,0,1,0,0,0,0,0,0,49,0,1,Matches,Leganes,2024
551,Duk,cv CPV,"MF,FW",25-082,1.6,41,37,4,0,0,0,8,4,0,0,0,0,26,0,4,Matches,Leganes,2024
552,Borna Barišić,hr CRO,DF,32-180,0.1,4,2,1,0,0,0,0,1,0,0,0,0,3,1,0,Matches,Leganes,2024
553,Karl Jakob Hein,ee EST,GK,23-026,28.0,1071,775,294,87,0,0,0,0,0,0,0,0,785,2,0,Matches,Valladolid,2024
554,Luis Pérez,es ESP,DF,30-094,26.9,1137,903,229,25,2,6,99,204,0,0,0,0,856,5,27,Matches,Valladolid,2024
555,Javi Sánchez,es ESP,DF,28-056,22.5,1163,1095,60,34,0,11,0,6,0,0,0,0,1015,8,6,Matches,Valladolid,2024
556,Raúl Moro,es ESP,"MF,FW",22-155,22.2,669,585,79,16,5,11,125,23,40,15,11,0,438,5,25,Matches,Valladolid,2024
557,Lucas Oliveira Rosa,br BRA,DF,25-036,21.0,833,655,172,23,4,3,36,149,0,0,0,0,637,6,26,Matches,Valladolid,2024
558,Stanko Jurić,hr CRO,MF,28-266,19.2,755,734,20,19,1,1,0,1,0,0,0,0,636,1,14,Matches,Valladolid,2024
559,Mario Martín,es ESP,MF,21-065,17.9,736,699,35,22,2,3,9,2,1,1,0,0,625,2,12,Matches,Valladolid,2024
560,Eray Cömert,ch SUI,"DF,MF",27-094,16.9,780,728,50,41,0,11,0,2,0,0,0,0,680,2,5,Matches,Valladolid,2024
561,Anuar,ma MAR,"MF,FW",30-114,16.6,406,383,23,6,1,0,19,13,1,0,0,0,324,0,6,Matches,Valladolid,2024
562,Mamadou Sylla,sn SEN,"FW,MF",31-050,16.5,259,224,32,1,0,1,9,4,0,0,0,0,162,3,12,Matches,Valladolid,2024
563,Selim Amallah,ma MAR,MF,28-175,14.0,376,328,43,16,3,5,31,1,18,8,8,0,295,5,9,Matches,Valladolid,2024
564,David Torres,es ESP,DF,22-065,15.4,714,649,63,17,0,3,3,11,0,0,0,0,589,2,10,Matches,Valladolid,2024
565,Kike Pérez,es ESP,MF,28-084,13.2,564,481,78,37,2,13,33,5,18,4,10,0,440,5,7,Matches,Valladolid,2024
566,Marcos André,br BRA,FW,28-201,13.1,210,185,22,2,3,6,1,1,0,0,0,0,138,3,5,Matches,Valladolid,2024
567,Iván Sánchez,es ESP,"MF,FW",32-228,14.0,497,444,50,14,2,7,91,15,20,17,1,0,354,3,13,Matches,Valladolid,2024
568,Juanmi Latasa,es ESP,FW,24-047,12.0,208,186,21,2,1,2,5,0,0,0,0,0,122,1,1,Matches,Valladolid,2024
569,Juma Bah,sl SLE,DF,19-028,9.6,407,393,12,11,0,1,0,0,0,0,0,0,330,2,3,Matches,Valladolid,2024
570,Antonio Candela,it ITA,DF,25-012,8.0,381,314,66,8,1,2,18,58,0,0,0,0,293,1,5,Matches,Valladolid,2024
571,Adam Aznou,ma MAR,DF,18-341,7.5,262,203,56,6,0,0,8,48,2,2,0,0,186,3,11,Matches,Valladolid,2024
572,Chuky san jose,es ESP,MF,21-010,7.2,148,131,16,7,0,1,20,0,6,4,2,0,103,1,9,Matches,Valladolid,2024
573,Darwin Machís,ve VEN,"MF,FW",32-091,6.9,256,214,42,13,1,3,61,7,22,12,5,0,158,0,6,Matches,Valladolid,2024
574,Tamás Nikitscher,hu HUN,MF,25-187,6.3,211,206,5,5,0,1,0,0,0,0,0,0,195,0,1,Matches,Valladolid,2024
575,Florian Grillitsch,at AUT,MF,29-275,5.3,274,258,16,9,3,5,5,1,3,2,0,0,222,0,3,Matches,Valladolid,2024
576,Joseph Aidoo,gh GHA,DF,29-222,6.0,360,347,13,7,0,1,0,1,0,0,0,0,323,0,3,Matches,Valladolid,2024
577,André Ferreira,pt POR,GK,28-345,5.0,164,103,60,17,0,0,0,0,0,0,0,0,114,1,0,Matches,Valladolid,2024
578,Cenk Özkacar,tr TUR,DF,24-215,4.9,212,200,11,8,0,3,0,0,0,0,0,0,176,1,3,Matches,Valladolid,2024
579,Amath,sn SEN,"FW,DF",28-297,3.9,98,95,3,0,1,2,6,3,0,0,0,0,75,0,6,Matches,Valladolid,2024
580,Enzo Boyomo,cm CMR,DF,23-214,3.0,190,182,8,4,0,1,0,0,0,0,0,0,174,0,0,Matches,Valladolid,2024
581,Víctor Meseguer,es ESP,MF,25-334,4.6,189,183,6,3,1,1,3,1,0,0,0,0,148,0,6,Matches,Valladolid,2024
582,Henrique,br BRA,DF,31-014,2.2,136,119,17,5,0,0,2,12,0,0,0,0,117,0,2,Matches,Valladolid,2024
583,Raúl Chasco,es ESP,DF,21-238,1.4,58,37,21,5,1,1,3,16,0,0,0,0,35,0,2,Matches,Valladolid,2024
584,Arnau Rafús,es ESP,GK,22-012,1.0,43,35,8,3,0,0,0,0,0,0,0,0,33,0,1,Matches,Valladolid,2024
585,Mario Maroto,es ESP,MF,21-162,0.2,15,15,0,0,0,0,0,0,0,0,0,0,11,0,1,Matches,Valladolid,2024
586,Adrian Baquerin,es ESP,FW,18-066,0.1,3,3,0,0,0,0,0,0,0,0,0,0,3,0,0,Matches,Valladolid,2024
587,Kenedy,br BRA,"MF,FW",29-090,0.1,2,2,0,0,0,0,0,0,0,0,0,0,1,0,0,Matches,Valladolid,2024
