,Player,Nation,Pos,Age,90s,performance_CrdY,performance_CrdR,performance_2CrdY,performance_Fls,performance_Fld,performance_Off,performance_Crs,performance_Int,performance_TklW,performance_PKwon,performance_PKcon,performance_OG,performance_Recov,aerial_duels_Won,aerial_duels_Lost,aerial_duels_Won%,Matches,Team,Season
0,Pedri,es ESP,MF,22-165,28.6,2,0,0,9,46,2,53,26,30,0,0,0,232,6,6,50.0,Matches,Barcelona,2024
1,Jules Koundé,fr FRA,DF,26-178,28.9,4,0,0,22,19,7,63,20,43,0,0,0,107,30,23,56.6,Matches,Barcelona,2024
2,Robert Lewandowski,pl POL,FW,36-261,27.1,1,0,0,28,34,16,5,3,4,0,0,0,44,34,39,46.6,Matches,Barcelona,2024
3,Raphinha,br BRA,"FW,MF",28-146,27.8,4,0,0,9,35,8,195,8,21,2,0,0,84,9,5,64.3,Matches,Barcelona,2024
4,Lamine Yamal,es ESP,FW,17-300,27.7,3,0,0,26,54,12,90,13,26,2,0,0,105,1,1,50.0,Matches,Barcelona,2024
5,Pau Cubarsí,es ESP,DF,18-107,26.0,3,0,0,18,8,0,2,13,18,0,1,0,89,58,35,62.4,Matches,Barcelona,2024
6,Iñigo Martínez,es ESP,DF,33-357,25.7,4,0,0,15,26,0,6,18,13,1,0,0,112,57,31,64.8,Matches,Barcelona,2024
7,Alejandro Balde,es ESP,DF,21-203,23.1,2,0,0,14,35,0,65,5,10,0,0,0,108,14,8,63.6,Matches,Barcelona,2024
8,Marc Casado,es ESP,MF,21-237,17.9,4,1,1,26,36,0,9,22,25,0,0,0,90,8,23,25.8,Matches,Barcelona,2024
9,Iñaki Peña,es ESP,GK,26-068,14.5,1,0,0,0,0,0,0,0,0,0,0,0,63,1,0,100.0,Matches,Barcelona,2024
10,Wojciech Szczęsny,pl POL,GK,35-021,13.0,0,0,0,0,1,0,0,0,1,0,0,0,44,0,0,,Matches,Barcelona,2024
11,Gavi,es ESP,"MF,FW",20-277,9.9,4,0,0,32,19,1,9,10,15,0,0,0,50,19,24,44.2,Matches,Barcelona,2024
12,Dani Olmo,es ESP,"MF,FW",27-002,11.4,0,0,0,17,20,1,16,3,9,2,0,0,42,9,7,56.3,Matches,Barcelona,2024
13,Ferrán Torres,es ESP,"FW,MF",25-069,11.3,1,1,0,5,13,6,17,4,4,0,0,0,26,5,8,38.5,Matches,Barcelona,2024
14,Eric García,es ESP,"MF,DF",24-120,13.7,3,0,0,17,5,0,3,10,16,0,0,0,47,26,20,56.5,Matches,Barcelona,2024
15,Fermin López,es ESP,"MF,FW",21-363,11.5,3,1,0,22,16,5,35,4,14,0,0,0,60,8,17,32.0,Matches,Barcelona,2024
16,Ronald Araújo,uy URU,DF,26-063,7.1,2,0,0,9,3,0,0,8,9,0,0,0,23,30,18,62.5,Matches,Barcelona,2024
17,Gerard Martín,es ESP,DF,23-128,9.8,2,0,0,11,7,0,32,8,9,0,0,0,35,14,5,73.7,Matches,Barcelona,2024
18,Frenkie de Jong,nl NED,MF,27-362,10.1,3,0,0,11,16,0,5,5,9,0,1,0,45,7,5,58.3,Matches,Barcelona,2024
19,Marc-André ter Stegen,de GER,GK,33-009,6.5,0,0,0,0,2,0,0,0,0,0,0,0,8,1,0,100.0,Matches,Barcelona,2024
20,Héctor Fort,es ESP,DF,18-280,6.0,2,0,0,5,1,0,11,6,8,0,0,0,29,3,6,33.3,Matches,Barcelona,2024
21,Pablo Torre,es ESP,"MF,FW",22-036,3.4,0,0,0,4,8,1,13,3,4,0,0,0,15,1,6,14.3,Matches,Barcelona,2024
22,Marc Bernal,es ESP,MF,17-348,2.7,2,0,0,4,3,0,0,1,6,0,0,0,9,1,6,14.3,Matches,Barcelona,2024
23,Ansu Fati,es ESP,FW,22-190,2.6,1,0,0,2,2,2,0,1,1,0,0,0,7,2,7,22.2,Matches,Barcelona,2024
24,Pau Victor Delgado,es ESP,FW,23-164,3.3,2,0,0,7,3,0,2,2,1,0,0,0,14,3,1,75.0,Matches,Barcelona,2024
25,Sergi Dominguez,es ESP,DF,20-038,1.9,1,0,0,2,0,0,0,3,1,0,1,0,8,1,3,25.0,Matches,Barcelona,2024
26,Andreas Christensen,dk DEN,DF,29-029,1.3,2,0,0,2,0,0,0,0,1,0,0,0,7,6,2,75.0,Matches,Barcelona,2024
27,Daniel Rodriguez,es ESP,FW,19-273,0.4,0,0,0,0,0,0,3,0,0,0,0,0,0,0,0,,Matches,Barcelona,2024
28,Federico Valverde,uy URU,"MF,DF",26-291,29.7,3,0,0,9,14,1,24,51,26,0,0,0,150,25,13,65.8,Matches,Real Madrid,2024
29,Kylian Mbappé,fr FRA,FW,26-140,28.3,3,1,0,24,35,39,29,1,5,2,0,0,35,4,5,44.4,Matches,Real Madrid,2024
30,Thibaut Courtois,be BEL,GK,32-363,28.0,1,0,0,0,1,0,0,1,0,0,0,1,45,8,0,100.0,Matches,Real Madrid,2024
31,Aurélien Tchouaméni,fr FRA,"DF,MF",25-102,27.3,4,0,0,25,22,0,10,43,20,0,1,0,131,69,24,74.2,Matches,Real Madrid,2024
32,Antonio Rüdiger,de GER,DF,32-067,25.5,3,0,0,15,15,2,4,9,13,2,1,0,102,35,24,59.3,Matches,Real Madrid,2024
33,Jude Bellingham,eng ENG,MF,21-314,24.6,4,1,0,29,59,6,14,25,31,1,0,0,84,25,26,49.0,Matches,Real Madrid,2024
34,Vinicius Júnior,br BRA,FW,24-301,23.7,8,1,0,27,67,10,56,3,10,2,0,0,68,1,7,12.5,Matches,Real Madrid,2024
35,Lucas Vázquez,es ESP,DF,33-312,22.4,4,0,0,27,31,3,61,17,32,0,0,0,74,6,13,31.6,Matches,Real Madrid,2024
36,Rodrygo,br BRA,"FW,MF",24-120,21.4,0,0,0,8,37,1,81,11,14,1,0,0,71,7,16,30.4,Matches,Real Madrid,2024
37,Fran Garcia,es ESP,DF,25-268,20.3,0,0,0,11,16,3,46,23,26,0,0,0,93,15,19,44.1,Matches,Real Madrid,2024
38,Raúl Asencio,es ESP,DF,22-085,15.9,2,0,0,7,18,1,0,12,13,0,0,0,64,27,12,69.2,Matches,Real Madrid,2024
39,Brahim Díaz,ma MAR,"FW,MF",25-279,14.3,0,0,0,12,30,0,8,4,18,0,0,0,50,3,13,18.8,Matches,Real Madrid,2024
40,Luka Modrić,hr CRO,MF,39-242,16.8,7,0,0,19,15,2,87,23,18,0,0,0,90,5,11,31.3,Matches,Real Madrid,2024
41,Ferland Mendy,fr FRA,DF,29-335,11.2,1,1,0,5,7,0,1,9,14,0,0,0,36,4,2,66.7,Matches,Real Madrid,2024
42,Dani Ceballos,es ESP,MF,28-275,10.8,4,0,0,12,25,0,11,13,19,0,0,0,69,2,1,66.7,Matches,Real Madrid,2024
43,Eduardo Camavinga,fr FRA,"MF,DF",22-180,12.2,2,0,0,21,31,1,2,18,26,0,1,0,90,20,18,52.6,Matches,Real Madrid,2024
44,Éder Militão,br BRA,DF,27-111,10.4,2,0,0,18,8,0,2,12,17,0,0,0,44,21,12,63.6,Matches,Real Madrid,2024
45,Arda Güler,tr TUR,"MF,FW",20-073,10.5,1,0,0,13,28,4,36,5,11,1,0,0,39,6,8,42.9,Matches,Real Madrid,2024
46,Dani Carvajal,es ESP,DF,33-118,6.8,1,0,0,3,6,0,14,10,8,0,0,0,21,7,5,58.3,Matches,Real Madrid,2024
47,Andriy Lunin,ua UKR,GK,26-087,5.0,0,0,0,0,1,0,0,0,0,0,0,0,12,2,0,100.0,Matches,Real Madrid,2024
48,David Alaba,at AUT,DF,32-319,3.5,1,0,0,2,0,0,3,6,0,0,0,0,8,4,1,80.0,Matches,Real Madrid,2024
49,Endrick,br BRA,FW,18-292,2.5,1,0,0,9,8,2,0,3,1,1,0,0,4,5,4,55.6,Matches,Real Madrid,2024
50,Fran,es ESP,GK,19-319,1.0,0,0,0,0,0,0,0,0,0,0,0,0,1,0,0,,Matches,Real Madrid,2024
51,Jacobo Ramón,es ESP,DF,20-123,0.3,1,0,0,0,0,0,0,0,1,0,0,0,0,0,0,,Matches,Real Madrid,2024
52,Jesús Vallejo,es ESP,DF,28-124,0.1,0,0,0,0,0,0,0,0,0,0,0,0,1,0,1,0.0,Matches,Real Madrid,2024
53,Chema,es ESP,MF,20-014,0.1,0,0,0,1,0,0,0,0,0,0,0,0,0,1,1,50.0,Matches,Real Madrid,2024
54,Lorenzo Aguado,es ESP,DF,22-232,0.1,0,0,0,0,0,0,0,0,0,0,0,0,0,0,0,,Matches,Real Madrid,2024
55,Daniel Yáñez,es ESP,FW,18-042,0.0,0,0,0,0,1,0,0,0,0,0,0,0,0,0,0,,Matches,Real Madrid,2024
56,Jan Oblak,si SVN,GK,32-122,33.0,0,0,0,0,2,0,0,0,0,0,0,0,24,3,0,100.0,Matches,Atletico Madrid,2024
57,Antoine Griezmann,fr FRA,"FW,MF",34-049,26.0,2,0,0,11,24,14,135,6,17,0,0,0,83,21,22,48.8,Matches,Atletico Madrid,2024
58,Julián Álvarez,ar ARG,FW,25-098,25.2,5,0,0,26,7,7,60,0,16,0,0,0,69,13,31,29.5,Matches,Atletico Madrid,2024
59,Pablo Barrios,es ESP,MF,21-328,24.6,4,1,0,27,26,0,22,33,25,0,0,0,125,34,21,61.8,Matches,Atletico Madrid,2024
60,Marcos Llorente,es ESP,"DF,MF",30-099,23.9,0,1,0,18,23,3,57,22,45,1,0,0,107,13,14,48.1,Matches,Atletico Madrid,2024
61,Giuliano Simeone,ar ARG,MF,22-142,19.0,4,0,0,20,37,7,43,12,12,1,0,0,70,11,23,32.4,Matches,Atletico Madrid,2024
62,Robin Le Normand,es ESP,DF,28-179,20.9,8,0,0,34,22,3,1,8,16,0,1,0,60,52,37,58.4,Matches,Atletico Madrid,2024
63,Clément Lenglet,fr FRA,DF,29-326,19.9,9,0,0,27,19,2,4,20,14,0,2,0,72,36,37,49.3,Matches,Atletico Madrid,2024
64,Rodrigo De Paul,ar ARG,MF,30-350,20.0,6,0,0,15,38,0,56,5,23,0,0,0,110,4,7,36.4,Matches,Atletico Madrid,2024
65,Conor Gallagher,eng ENG,MF,25-092,17.2,2,0,0,27,38,1,13,19,30,1,0,0,102,9,20,31.0,Matches,Atletico Madrid,2024
66,José María Giménez,uy URU,DF,30-109,20.2,5,0,0,12,12,0,0,25,14,0,0,1,72,35,33,51.5,Matches,Atletico Madrid,2024
67,Javi Galán,es ESP,DF,30-171,17.3,8,0,0,34,32,4,50,9,29,0,1,0,63,24,22,52.2,Matches,Atletico Madrid,2024
68,Samuel Lino,br BRA,"MF,DF",25-137,14.4,3,0,0,13,26,2,35,7,13,1,0,0,74,11,11,50.0,Matches,Atletico Madrid,2024
69,Koke,es ESP,MF,33-121,17.9,4,0,0,20,13,0,13,18,22,0,0,1,108,8,9,47.1,Matches,Atletico Madrid,2024
70,Nahuel Molina,ar ARG,DF,27-033,16.0,0,0,0,11,5,1,50,11,17,0,0,0,60,10,12,45.5,Matches,Atletico Madrid,2024
71,Alexander Sørloth,no NOR,FW,29-155,14.8,4,0,0,23,12,5,4,1,4,0,0,0,38,90,44,67.2,Matches,Atletico Madrid,2024
72,Reinildo Mandava,mz MOZ,DF,31-108,10.5,4,0,0,19,18,1,8,16,11,0,1,0,52,10,14,41.7,Matches,Atletico Madrid,2024
73,César Azpilicueta,es ESP,DF,35-254,8.2,1,0,0,7,5,2,3,3,12,0,0,0,22,11,12,47.8,Matches,Atletico Madrid,2024
74,Axel Witsel,be BEL,DF,36-117,8.5,1,0,0,4,3,1,0,9,12,0,0,0,30,23,14,62.2,Matches,Atletico Madrid,2024
75,Rodrigo Riquelme,es ESP,"MF,DF",25-037,5.7,0,0,0,8,8,4,34,2,5,0,0,0,21,3,3,50.0,Matches,Atletico Madrid,2024
76,Ángel Correa,ar ARG,"FW,MF",30-061,8.1,3,1,0,14,10,4,20,4,2,0,0,0,36,1,8,11.1,Matches,Atletico Madrid,2024
77,Juan Musso,ar ARG,GK,31-003,1.0,0,0,0,0,1,0,0,0,0,0,0,0,0,0,0,,Matches,Atletico Madrid,2024
78,Thomas Lemar,fr FRA,MF,29-178,0.7,0,0,0,1,2,0,2,0,1,0,0,0,3,0,1,0.0,Matches,Atletico Madrid,2024
79,Adrian Niño,es ESP,FW,20-324,0.1,0,0,0,0,0,0,0,0,0,0,0,0,0,0,1,0.0,Matches,Atletico Madrid,2024
80,Iñaki Williams,gh GHA,FW,30-328,29.0,1,0,0,21,39,16,114,12,10,1,0,0,87,30,20,60.0,Matches,Athletic Club,2024
81,Daniel Vivian,es ESP,DF,25-298,25.7,3,0,0,27,16,1,8,38,23,0,1,0,149,32,29,52.5,Matches,Athletic Club,2024
82,Álex Berenguer,es ESP,"FW,MF",29-309,23.0,5,0,0,29,29,4,161,9,13,2,0,0,100,23,47,32.9,Matches,Athletic Club,2024
83,Mikel Jauregizar,es ESP,MF,21-178,21.8,4,1,0,40,36,0,26,26,43,1,0,0,129,29,34,46.0,Matches,Athletic Club,2024
84,Nico Williams,es ESP,FW,22-301,21.3,1,0,0,16,35,10,107,6,17,0,0,0,88,11,17,39.3,Matches,Athletic Club,2024
85,Beñat Prados,es ESP,MF,24-090,17.9,7,0,0,34,15,0,8,28,33,0,0,0,85,28,22,56.0,Matches,Athletic Club,2024
86,Gorka Guruzeta,es ESP,FW,28-239,18.1,2,0,0,35,20,5,3,8,8,0,0,0,52,36,65,35.6,Matches,Athletic Club,2024
87,Aitor Paredes,es ESP,DF,25-010,18.1,4,1,1,21,5,0,1,22,9,0,1,0,56,28,26,51.9,Matches,Athletic Club,2024
88,Yuri Berchiche,es ESP,DF,35-088,18.7,4,0,0,14,16,3,39,20,20,0,0,0,98,22,16,57.9,Matches,Athletic Club,2024
89,Yeray Álvarez,es ESP,DF,30-105,17.8,4,0,0,12,14,0,3,33,13,0,0,0,75,39,31,55.7,Matches,Athletic Club,2024
90,Oihan Sancet,es ESP,MF,25-014,16.3,2,0,0,13,19,3,17,5,7,0,0,0,66,10,12,45.5,Matches,Athletic Club,2024
91,Unai Simón,es ESP,GK,27-332,17.0,0,0,0,0,3,0,0,1,0,0,0,0,24,5,0,100.0,Matches,Athletic Club,2024
92,Andoni Gorosabel,es ESP,DF,28-278,15.6,5,0,0,24,4,1,39,17,25,0,0,0,55,18,26,40.9,Matches,Athletic Club,2024
93,Óscar de Marcos,es ESP,DF,36-025,15.3,0,0,0,13,5,1,49,14,13,0,0,0,83,7,12,36.8,Matches,Athletic Club,2024
94,Iñigo Ruiz de Galarreta,es ESP,MF,31-276,13.9,5,0,0,34,15,0,26,12,21,0,0,0,109,6,9,40.0,Matches,Athletic Club,2024
95,Julen Agirrezabala,es ESP,GK,24-134,13.4,1,1,0,3,1,0,0,0,0,0,2,0,21,5,0,100.0,Matches,Athletic Club,2024
96,Unai Gómez,es ESP,"MF,FW",21-349,12.3,1,0,0,10,17,0,20,2,6,0,0,0,35,26,27,49.1,Matches,Athletic Club,2024
97,Adama Boiro,es ESP,DF,22-321,11.2,2,0,0,10,8,0,29,12,11,0,0,0,44,15,7,68.2,Matches,Athletic Club,2024
98,Mikel Vesga,es ESP,MF,31-353,9.8,1,0,0,12,3,0,7,13,14,0,0,0,56,18,11,62.1,Matches,Athletic Club,2024
99,Iñigo Lekue,es ESP,DF,32-005,7.6,1,0,0,5,2,0,12,7,12,0,0,0,33,5,2,71.4,Matches,Athletic Club,2024
100,Álvaro djaló,es ESP,FW,25-266,6.7,1,0,0,16,14,5,12,1,5,0,0,0,25,9,17,34.6,Matches,Athletic Club,2024
101,Unai Núñez,es ESP,DF,28-099,6.5,4,0,0,9,5,0,0,17,4,0,0,0,26,13,12,52.0,Matches,Athletic Club,2024
102,Maroan Sannadi,es ESP,FW,24-097,5.7,0,0,0,14,17,4,2,0,0,1,0,0,15,11,14,44.0,Matches,Athletic Club,2024
103,Alex Padilla,es ESP,GK,21-250,3.6,0,0,0,0,1,0,0,0,0,0,0,1,4,1,0,100.0,Matches,Athletic Club,2024
104,Ander Herrera,es ESP,MF,35-268,3.0,2,0,0,6,3,0,1,2,4,0,0,0,14,3,2,60.0,Matches,Athletic Club,2024
105,Peio Canales,es ESP,"MF,FW",20-112,2.1,0,0,0,1,2,1,6,2,2,0,0,0,16,0,2,0.0,Matches,Athletic Club,2024
106,Nicolás Serrano,es ESP,FW,22-065,1.2,0,0,0,2,2,0,13,1,1,0,0,0,3,0,2,0.0,Matches,Athletic Club,2024
107,Javi Martón,es ESP,"FW,MF",26-003,0.6,1,0,0,1,0,1,0,0,0,0,0,0,2,2,1,66.7,Matches,Athletic Club,2024
108,Adu Ares,es ESP,FW,23-209,0.2,0,0,0,0,0,0,1,0,0,0,0,0,1,0,0,,Matches,Athletic Club,2024
109,Endika Buján,es ESP,FW,22-113,0.1,0,0,0,0,0,0,1,0,0,0,0,0,0,0,0,,Matches,Athletic Club,2024
110,Diego Llorente,es ESP,DF,31-266,28.0,4,0,0,20,23,0,1,43,20,0,1,1,93,77,45,63.1,Matches,Real Betis,2024
111,Johnny Cardoso,us USA,MF,23-231,21.7,4,0,0,33,26,0,3,46,28,0,0,0,125,28,16,63.6,Matches,Real Betis,2024
112,Marc Bartra,es ESP,DF,34-114,20.5,1,0,0,12,12,2,1,30,16,0,1,0,79,42,40,51.2,Matches,Real Betis,2024
113,Romain Perraud,fr FRA,DF,27-229,20.1,7,1,0,24,38,5,64,21,21,0,1,0,85,9,15,37.5,Matches,Real Betis,2024
114,Abde Ezzalzouli,ma MAR,"FW,MF",23-143,19.6,2,0,0,21,36,3,43,6,25,1,0,0,90,22,33,40.0,Matches,Real Betis,2024
115,Natan,br BRA,DF,24-092,20.2,3,1,0,15,10,0,2,23,21,0,0,0,58,53,25,67.9,Matches,Real Betis,2024
116,Sergi Altimira,es ESP,MF,23-257,19.5,3,0,0,31,31,0,4,20,32,1,0,0,104,10,19,34.5,Matches,Real Betis,2024
117,Youssouf Sabaly,sn SEN,DF,32-065,17.3,1,0,0,18,11,1,30,13,25,0,0,0,85,9,13,40.9,Matches,Real Betis,2024
118,Pablo Fornals,es ESP,"MF,FW",29-076,17.1,2,0,0,10,12,2,47,20,10,0,0,0,91,18,17,51.4,Matches,Real Betis,2024
119,Adrián,es ESP,GK,38-126,15.0,3,0,0,0,3,0,0,0,0,0,0,0,14,2,1,66.7,Matches,Real Betis,2024
120,Rui Silva,pt POR,GK,31-091,15.0,1,0,0,1,2,0,0,0,0,0,1,0,25,2,0,100.0,Matches,Real Betis,2024
121,Isco,es ESP,MF,33-018,14.6,5,0,0,20,38,4,78,8,9,0,0,0,62,12,19,38.7,Matches,Real Betis,2024
122,Vitor Roque,br BRA,FW,20-070,13.7,4,0,0,30,30,5,6,7,6,2,0,0,35,15,29,34.1,Matches,Real Betis,2024
123,Giovani Lo Celso,ar ARG,"MF,FW",29-030,14.5,4,0,0,13,60,0,90,5,22,0,0,0,67,5,11,31.3,Matches,Real Betis,2024
124,Ricardo Rodríguez,ch SUI,DF,32-257,12.3,0,0,0,11,6,0,15,6,13,0,0,0,47,25,16,61.0,Matches,Real Betis,2024
125,Antony,br BRA,FW,25-074,12.2,1,1,0,9,22,0,32,9,7,1,0,0,61,4,12,25.0,Matches,Real Betis,2024
126,Jesus Rodríguez,es ESP,FW,19-169,10.8,0,0,0,13,37,2,16,6,14,1,0,0,49,3,6,33.3,Matches,Real Betis,2024
127,Marc Roca,es ESP,MF,28-164,10.1,4,0,0,16,5,0,10,14,14,0,0,0,51,5,13,27.8,Matches,Real Betis,2024
128,Cucho,co COL,FW,26-019,9.7,0,0,0,9,7,3,9,6,8,1,0,0,22,26,27,49.1,Matches,Real Betis,2024
129,Aitor Ruibal,es ESP,"DF,FW",29-048,11.0,5,0,0,9,15,2,26,11,15,0,0,0,54,5,12,29.4,Matches,Real Betis,2024
130,Ezequiel Ávila,ar ARG,FW,31-092,7.5,5,1,0,13,18,5,29,2,3,0,0,0,28,6,8,42.9,Matches,Real Betis,2024
131,Héctor Bellerín,es ESP,DF,30-051,6.4,1,0,0,6,0,0,10,6,7,0,0,0,13,6,7,46.2,Matches,Real Betis,2024
132,Cédric Bakambu,cd COD,FW,34-028,6.9,4,0,0,21,6,11,2,0,4,1,0,0,20,12,26,31.6,Matches,Real Betis,2024
133,William Carvalho,pt POR,MF,33-032,4.3,0,0,0,5,3,0,1,3,3,0,0,0,26,6,3,66.7,Matches,Real Betis,2024
134,Fran Vieites,es ESP,GK,26-002,4.0,0,0,0,0,2,0,0,0,0,0,0,0,7,1,0,100.0,Matches,Real Betis,2024
135,Ángel Ortíz,es ESP,DF,20-288,3.8,0,0,0,6,6,0,18,5,7,0,0,0,14,5,7,41.7,Matches,Real Betis,2024
136,Iker Losada,es ESP,"MF,FW",23-281,3.7,0,0,0,1,2,0,4,3,7,0,0,0,19,3,4,42.9,Matches,Real Betis,2024
137,Assane Diao,sn SEN,FW,19-244,3.1,0,0,0,4,4,2,4,0,3,0,0,0,12,8,6,57.1,Matches,Real Betis,2024
138,Juanmi,es ESP,"FW,MF",31-354,2.7,2,0,0,6,7,1,1,1,4,0,0,0,14,6,1,85.7,Matches,Real Betis,2024
139,Nabil Fekir,fr FRA,MF,31-295,2.0,0,0,0,3,7,0,10,0,2,0,0,0,3,0,2,0.0,Matches,Real Betis,2024
140,Carlos Guirao,es ESP,MF,22-012,1.2,0,0,0,4,0,0,0,3,3,0,0,0,6,2,1,66.7,Matches,Real Betis,2024
141,Mateo Flores,es ESP,MF,21-032,1.7,1,0,0,4,1,0,1,2,1,0,0,0,12,0,2,0.0,Matches,Real Betis,2024
142,Rodri,es ESP,FW,24-358,1.3,0,0,0,2,2,1,6,1,1,0,0,0,10,0,2,0.0,Matches,Real Betis,2024
143,Sergio Arribas,es ESP,DF,22-088,1.0,0,0,0,0,0,0,0,3,4,0,0,0,3,1,0,100.0,Matches,Real Betis,2024
144,Pablo Garcia,es ESP,FW,18-267,0.3,0,0,0,0,0,0,1,0,0,0,0,0,2,0,0,,Matches,Real Betis,2024
145,Sergi Cardona,es ESP,DF,25-305,30.7,11,0,0,38,25,3,105,33,44,0,1,0,129,40,27,59.7,Matches,Villarreal,2024
146,Santi Comesaña,es ESP,MF,28-216,26.1,7,0,0,36,27,1,14,17,47,0,0,0,149,31,47,39.7,Matches,Villarreal,2024
147,Kiko Femenía,es ESP,DF,34-096,24.7,7,0,0,21,13,1,47,40,34,0,0,0,102,5,12,29.4,Matches,Villarreal,2024
148,Alex Baena,es ESP,MF,23-293,25.2,9,0,0,38,38,4,188,21,14,0,0,0,131,15,18,45.5,Matches,Villarreal,2024
149,Logan Costa,cv CPV,DF,24-038,24.7,3,0,0,16,3,2,4,17,19,1,2,0,92,41,34,54.7,Matches,Villarreal,2024
150,Thierno Barry,fr FRA,FW,22-200,24.3,4,0,0,46,48,19,5,0,8,1,1,0,34,94,48,66.2,Matches,Villarreal,2024
151,Daniel Parejo,es ESP,MF,36-023,23.2,7,0,0,18,30,1,34,22,37,0,0,0,131,21,9,70.0,Matches,Villarreal,2024
152,Pape Gueye,sn SEN,MF,26-105,22.0,5,2,1,29,58,4,19,24,25,0,1,0,113,29,22,56.9,Matches,Villarreal,2024
153,Diego Conde,es ESP,GK,26-193,20.8,2,0,0,0,1,0,0,1,2,0,0,0,27,1,0,100.0,Matches,Villarreal,2024
154,Yeremi Pino,es ESP,MF,22-201,18.5,10,0,0,44,26,14,46,8,27,1,0,0,79,11,12,47.8,Matches,Villarreal,2024
155,Ayoze Pérez,es ESP,FW,31-284,19.6,3,0,0,20,38,6,15,7,12,0,0,0,55,13,28,31.7,Matches,Villarreal,2024
156,Juan Foyth,ar ARG,DF,27-117,13.9,4,0,0,13,3,0,4,17,14,0,0,0,43,35,25,58.3,Matches,Villarreal,2024
157,Raúl Albiol,es ESP,DF,39-247,13.2,5,0,0,11,6,0,0,6,9,0,2,1,44,29,14,67.4,Matches,Villarreal,2024
158,Luiz Lúcio Reis Júnior,br BRA,GK,24-115,13.2,2,0,0,0,5,0,0,0,0,0,0,0,16,4,1,80.0,Matches,Villarreal,2024
159,Nicolas Pépé,ci CIV,"FW,MF",29-345,13.6,3,0,0,20,19,8,39,5,8,1,0,0,42,15,18,45.5,Matches,Villarreal,2024
160,Willy Kambwala,fr FRA,DF,20-257,10.4,1,1,0,5,0,0,0,8,8,0,0,0,24,14,16,46.7,Matches,Villarreal,2024
161,Eric Bailly,ci CIV,DF,31-027,6.9,2,1,0,7,1,0,0,6,4,0,1,0,19,11,7,61.1,Matches,Villarreal,2024
162,Ilias Akhomach,ma MAR,"MF,FW",21-023,6.5,1,0,0,9,21,1,18,3,7,0,0,0,30,6,6,50.0,Matches,Villarreal,2024
163,Gerard Moreno,es ESP,FW,33-032,7.2,0,0,0,10,9,1,10,2,4,1,0,0,21,16,4,80.0,Matches,Villarreal,2024
164,Denis Suárez,es ESP,MF,31-123,5.9,0,0,0,1,6,0,23,1,7,0,0,0,19,1,6,14.3,Matches,Villarreal,2024
165,Pau Navarro,es ESP,DF,20-014,7.2,1,0,0,7,7,0,2,3,14,0,0,0,38,4,11,26.7,Matches,Villarreal,2024
166,Tajon Buchanan,ca CAN,MF,26-090,3.3,2,0,0,10,14,4,16,1,4,0,0,0,20,3,2,60.0,Matches,Villarreal,2024
167,Arnaut Danjuma,nl NED,FW,28-098,2.2,1,0,0,1,1,3,0,0,1,0,0,0,2,2,0,100.0,Matches,Villarreal,2024
168,Alfonso Pedraza,es ESP,"DF,MF",29-030,3.1,0,0,0,2,2,0,21,4,2,0,0,0,12,4,1,80.0,Matches,Villarreal,2024
169,Juan Bernat,es ESP,"DF,MF",32-069,2.4,0,0,0,0,2,1,9,1,7,0,0,0,13,5,2,71.4,Matches,Villarreal,2024
170,Ramón Terrats,es ESP,"MF,FW",24-203,1.5,1,0,0,2,2,0,5,2,3,0,0,0,11,3,2,60.0,Matches,Villarreal,2024
171,Pau Cabanes,es ESP,"MF,FW",20-081,1.8,0,0,0,4,7,0,6,3,4,1,0,0,6,1,2,33.3,Matches,Villarreal,2024
172,Arnau Solà,es ESP,MF,22-035,0.1,0,0,0,1,0,0,0,0,0,0,0,0,0,0,0,,Matches,Villarreal,2024
173,Thiago Ojeda,ar ARG,MF,22-117,0.1,1,0,0,1,0,0,1,0,0,0,0,0,0,0,0,,Matches,Villarreal,2024
174,Karl Etta,cm CMR,MF,21-207,0.0,0,0,0,0,1,0,0,0,0,0,0,0,0,1,0,100.0,Matches,Villarreal,2024
175,Vicente Guaita,es ESP,GK,38-119,30.0,0,0,0,0,4,0,0,0,0,0,0,0,66,9,0,100.0,Matches,Celta Vigo,2024
176,Óscar Mingueza,es ESP,"MF,DF",25-361,26.6,6,1,0,21,22,2,123,20,20,1,0,0,128,10,10,50.0,Matches,Celta Vigo,2024
177,Marcos Alonso,es ESP,DF,34-132,27.0,9,1,1,27,25,2,38,32,20,0,0,0,164,62,41,60.2,Matches,Celta Vigo,2024
178,Carl Starfelt,se SWE,DF,29-342,25.2,5,0,0,21,11,0,0,31,20,0,0,0,77,60,51,54.1,Matches,Celta Vigo,2024
179,Fran Beltrán,es ESP,MF,26-095,23.4,3,0,0,29,9,0,3,23,30,0,1,0,105,19,21,47.5,Matches,Celta Vigo,2024
180,Javi Rodríguez,es ESP,DF,21-317,24.4,7,0,0,34,18,0,3,31,34,0,0,0,77,34,29,54.0,Matches,Celta Vigo,2024
181,Borja Iglesias,es ESP,FW,32-112,19.9,2,0,0,38,29,13,5,6,9,2,0,0,43,11,25,30.6,Matches,Celta Vigo,2024
182,Ilaix Moriba,gn GUI,MF,22-110,19.7,7,1,1,26,51,2,5,13,36,1,0,0,99,18,22,45.0,Matches,Celta Vigo,2024
183,Iago Aspas,es ESP,"FW,MF",37-281,17.7,5,1,1,16,31,5,11,7,8,1,0,0,50,7,7,50.0,Matches,Celta Vigo,2024
184,Sergio Carreira,es ESP,"MF,DF",24-208,16.4,0,0,0,16,6,2,40,17,16,0,0,0,59,3,14,17.6,Matches,Celta Vigo,2024
185,Hugo Álvarez,es ESP,"MF,DF",21-311,16.4,6,0,0,23,14,3,31,8,9,0,1,0,75,5,9,35.7,Matches,Celta Vigo,2024
186,Hugo Sotelo,es ESP,MF,21-141,13.9,4,0,0,18,9,1,50,5,17,0,0,0,70,2,10,16.7,Matches,Celta Vigo,2024
187,Pablo Durán,es ESP,"FW,MF",23-349,13.1,3,0,0,29,15,4,18,8,9,0,0,0,41,8,24,25.0,Matches,Celta Vigo,2024
188,Williot Swedberg,se SWE,"FW,MF",21-097,13.0,1,0,0,17,27,7,18,3,13,0,0,0,40,7,14,33.3,Matches,Celta Vigo,2024
189,Alfon,es ESP,"FW,MF",26-005,13.5,1,1,0,15,27,6,35,4,2,1,0,0,35,3,12,20.0,Matches,Celta Vigo,2024
190,Carlos Dominguez,es ESP,DF,24-087,10.0,1,0,0,7,7,0,0,8,11,0,0,1,36,25,9,73.5,Matches,Celta Vigo,2024
191,Jonathan Bamba,ci CIV,"FW,MF",29-044,9.0,1,0,0,7,17,4,25,5,7,0,0,0,52,5,10,33.3,Matches,Celta Vigo,2024
192,Damián Rodríguez,es ESP,MF,22-053,9.8,3,0,0,13,8,0,29,6,9,0,0,0,47,0,4,0.0,Matches,Celta Vigo,2024
193,Javier Manquillo,es ESP,DF,31-004,5.7,1,0,0,9,1,0,3,7,5,0,0,0,18,5,8,38.5,Matches,Celta Vigo,2024
194,Anastasios Douvikas,gr GRE,FW,25-280,7.8,2,0,0,10,27,9,1,3,4,0,0,0,15,14,23,37.8,Matches,Celta Vigo,2024
195,Jailson Siqueira,br BRA,"DF,MF",29-244,6.8,2,0,0,4,4,0,1,9,11,0,0,1,32,18,17,51.4,Matches,Celta Vigo,2024
196,Fer López,,"FW,MF",,5.9,2,0,0,13,6,0,2,2,3,0,0,0,23,2,7,22.2,Matches,Celta Vigo,2024
197,Yoel Lago,es ESP,DF,21-045,4.3,1,0,0,13,5,0,0,4,4,0,1,0,15,2,4,33.3,Matches,Celta Vigo,2024
198,Iván Villar,es ESP,GK,27-304,4.0,0,0,0,0,0,0,0,0,0,0,0,0,10,1,1,50.0,Matches,Celta Vigo,2024
199,Iker Losada,es ESP,"FW,MF",23-281,3.8,2,0,0,3,0,0,5,1,3,0,0,0,8,2,5,28.6,Matches,Celta Vigo,2024
200,Franco Cervi,ar ARG,"FW,MF",30-348,2.9,1,0,0,4,1,0,6,8,3,0,0,0,12,4,4,50.0,Matches,Celta Vigo,2024
201,Mihailo Ristić,rs SRB,"MF,DF",29-190,2.7,1,0,0,6,2,0,5,1,3,0,0,0,13,0,8,0.0,Matches,Celta Vigo,2024
202,Luca de la Torre,us USA,MF,26-351,0.0,0,0,0,1,0,0,0,0,0,0,0,0,0,0,1,0.0,Matches,Celta Vigo,2024
203,Joseph Aidoo,gh GHA,DF,29-222,0.0,0,0,0,0,0,0,0,0,0,0,0,0,1,0,0,,Matches,Celta Vigo,2024
204,Tadeo Allende,ar ARG,FW,26-078,0.0,1,0,0,0,0,0,0,0,0,0,0,0,1,0,0,,Matches,Celta Vigo,2024
205,Florian Lejeune,fr FRA,DF,33-354,32.9,7,0,0,46,16,0,7,30,26,0,1,0,137,76,52,59.4,Matches,Rayo Vallecano,2024
206,Andrei Ratiu,ro ROU,DF,26-323,30.2,5,0,0,22,17,5,71,26,37,0,0,0,159,17,27,38.6,Matches,Rayo Vallecano,2024
207,Augusto Batalla,ar ARG,GK,29-009,28.0,5,0,0,1,6,0,0,0,2,0,0,0,44,5,0,100.0,Matches,Rayo Vallecano,2024
208,Jorge de Frutos,es ESP,"FW,MF",28-078,24.7,3,1,0,35,27,3,69,17,19,0,0,0,105,13,18,41.9,Matches,Rayo Vallecano,2024
209,Pep Chavarría,es ESP,"DF,FW",27-029,25.4,3,0,0,27,23,3,73,26,30,0,1,0,101,21,25,45.7,Matches,Rayo Vallecano,2024
210,Álvaro García,es ESP,"FW,MF",32-194,25.2,4,0,0,16,18,13,100,30,22,1,1,0,84,6,15,28.6,Matches,Rayo Vallecano,2024
211,Abdul Mumin,gh GHA,DF,26-337,22.4,6,1,0,22,12,0,6,23,25,0,0,0,93,31,25,55.4,Matches,Rayo Vallecano,2024
212,Pathé Ciss,sn SEN,"MF,DF",31-054,21.0,10,0,0,42,24,0,4,34,22,0,2,0,133,46,28,62.2,Matches,Rayo Vallecano,2024
213,Isaac Palazón Camacho,es ESP,"MF,FW",30-133,20.0,4,0,0,35,43,3,78,8,17,0,0,0,92,14,34,29.2,Matches,Rayo Vallecano,2024
214,Unai López,es ESP,MF,29-191,16.8,8,1,0,17,18,1,26,20,16,0,0,0,108,10,16,38.5,Matches,Rayo Vallecano,2024
215,Óscar Valentín,es ESP,MF,30-262,18.6,3,0,0,52,29,0,2,21,40,0,0,0,99,28,35,44.4,Matches,Rayo Vallecano,2024
216,Adri Embarba,es ESP,"FW,MF",33-002,16.5,4,0,0,23,21,13,110,12,17,0,0,0,59,12,29,29.3,Matches,Rayo Vallecano,2024
217,Randy Nteka,ao ANG,FW,27-154,12.5,6,0,0,39,15,16,4,4,5,0,0,0,26,41,51,44.6,Matches,Rayo Vallecano,2024
218,Sergio Camello,es ESP,FW,24-088,12.6,2,0,0,11,10,2,6,4,3,0,0,0,32,11,26,29.7,Matches,Rayo Vallecano,2024
219,Pedro Díaz,es ESP,MF,26-338,11.5,2,0,0,7,6,0,38,6,13,0,0,0,69,4,6,40.0,Matches,Rayo Vallecano,2024
220,Iván Balliu,al ALB,DF,33-128,10.0,2,0,0,14,9,0,13,10,9,0,0,0,31,11,21,34.4,Matches,Rayo Vallecano,2024
221,Aridane Hernández,es ESP,DF,36-047,8.4,1,0,0,4,7,0,0,3,7,0,0,1,36,22,12,64.7,Matches,Rayo Vallecano,2024
222,Alfonso Espino,uy URU,DF,33-124,8.2,4,0,0,16,12,0,21,10,20,0,1,0,46,13,10,56.5,Matches,Rayo Vallecano,2024
223,Gerard Gumbau,es ESP,MF,30-142,8.6,4,0,0,19,11,2,38,5,12,0,0,0,23,15,21,41.7,Matches,Rayo Vallecano,2024
224,Cárdenas,es ESP,GK,28-042,6.0,0,0,0,0,1,0,0,0,0,0,0,0,6,0,0,,Matches,Rayo Vallecano,2024
225,Óscar Trejo,ar ARG,MF,37-013,5.4,1,0,0,17,11,1,7,4,5,0,0,0,21,4,7,36.4,Matches,Rayo Vallecano,2024
226,Sergi Guardiola,es ESP,FW,33-345,4.0,1,0,0,9,7,2,4,1,3,0,0,0,7,6,11,35.3,Matches,Rayo Vallecano,2024
227,James Rodríguez,co COL,"MF,FW",33-301,1.6,1,0,0,2,1,3,13,1,2,0,0,0,8,2,3,40.0,Matches,Rayo Vallecano,2024
228,Pelayo Fernandez,es ESP,DF,22-010,1.0,1,0,0,2,0,0,0,1,0,0,0,0,4,3,2,60.0,Matches,Rayo Vallecano,2024
229,Etienne Eto'o,cm CMR,FW,22-264,0.4,0,0,0,0,0,1,0,0,0,0,0,0,0,6,2,75.0,Matches,Rayo Vallecano,2024
230,Raúl de Tomás,es ESP,"DF,FW",30-204,0.2,0,0,0,1,2,0,0,0,2,0,0,0,2,0,0,,Matches,Rayo Vallecano,2024
231,Sergio Herrera,es ESP,GK,31-338,33.0,5,0,0,1,4,0,0,0,1,0,1,0,29,5,1,83.3,Matches,Osasuna,2024
232,Jesús Areso,es ESP,DF,25-311,30.2,7,0,0,30,17,7,147,8,34,0,0,0,105,25,17,59.5,Matches,Osasuna,2024
233,Catena,es ESP,DF,30-193,30.2,10,0,0,32,11,0,1,31,25,1,1,0,97,58,28,67.4,Matches,Osasuna,2024
234,Lucas Torró,es ESP,MF,30-294,29.4,10,0,0,73,37,1,1,43,39,0,2,0,157,150,54,73.5,Matches,Osasuna,2024
235,Aimar Oroz,es ESP,"MF,FW",23-163,29.0,8,0,0,26,58,5,23,18,18,0,0,0,141,15,21,41.7,Matches,Osasuna,2024
236,Ante Budimir,hr CRO,FW,33-291,29.1,3,0,0,42,30,14,5,2,9,6,0,0,50,124,124,50.0,Matches,Osasuna,2024
237,Enzo Boyomo,cm CMR,DF,23-214,29.2,5,0,0,40,7,0,2,36,37,0,0,0,101,25,34,42.4,Matches,Osasuna,2024
238,Rubén García,es ESP,"FW,MF",31-299,24.5,2,0,0,34,30,10,120,14,29,1,0,0,111,26,37,41.3,Matches,Osasuna,2024
239,Jon Moncayola,es ESP,MF,26-361,22.9,8,0,0,34,9,0,100,11,40,0,0,0,88,15,16,48.4,Matches,Osasuna,2024
240,Abel,es ESP,DF,24-261,22.4,3,0,0,24,32,3,83,18,35,0,1,0,105,19,17,52.8,Matches,Osasuna,2024
241,Bryan Zaragoza,es ESP,"FW,MF",24-014,16.9,4,0,0,14,30,7,80,1,9,0,0,0,42,1,9,10.0,Matches,Osasuna,2024
242,Jorge Herrando,es ESP,DF,24-070,15.2,3,0,0,25,2,0,2,12,11,0,1,0,36,29,11,72.5,Matches,Osasuna,2024
243,Juan Cruz Armada,es ESP,DF,32-285,13.0,4,0,0,13,2,2,9,8,10,0,0,0,36,6,5,54.5,Matches,Osasuna,2024
244,Pablo Ibáñez,es ESP,MF,26-231,11.4,3,0,0,23,22,0,8,14,9,0,0,0,51,17,22,43.6,Matches,Osasuna,2024
245,Moi Gómez,es ESP,"MF,FW",30-320,8.8,1,0,0,12,6,1,28,5,9,0,0,1,66,7,12,36.8,Matches,Osasuna,2024
246,Rubén Peña,es ESP,"FW,DF",33-295,7.6,1,0,0,11,7,0,50,5,3,1,0,0,31,6,14,30.0,Matches,Osasuna,2024
247,Raúl,es ESP,"FW,MF",24-187,7.7,0,0,0,9,12,6,6,0,6,0,0,0,13,18,16,52.9,Matches,Osasuna,2024
248,Iker Muñoz,es ESP,MF,22-185,5.6,2,0,0,9,11,0,5,4,2,0,0,0,24,10,11,47.6,Matches,Osasuna,2024
249,Kike Barja,es ESP,"FW,MF",28-038,2.9,3,0,0,9,4,1,33,3,4,0,0,0,9,5,5,50.0,Matches,Osasuna,2024
250,Nacho Vidal,es ESP,DF,30-105,1.4,0,0,0,2,1,0,2,0,0,0,0,0,5,3,1,75.0,Matches,Osasuna,2024
251,José Arnaiz,es ESP,"MF,FW",30-024,1.4,0,0,0,0,5,3,13,3,4,0,0,0,15,1,3,25.0,Matches,Osasuna,2024
252,Aitor Fernández,es ESP,GK,34-006,1.0,0,0,0,0,0,0,0,0,0,0,0,0,2,0,0,,Matches,Osasuna,2024
253,Unai García,es ESP,DF,33-095,0.7,0,0,0,3,3,0,0,0,0,0,0,0,2,1,3,25.0,Matches,Osasuna,2024
254,Iker Benito,es ESP,"FW,MF",22-272,0.4,0,0,0,1,1,0,2,1,0,0,0,0,3,0,1,0.0,Matches,Osasuna,2024
255,Javi Martínez,es ESP,MF,25-138,0.1,0,0,0,0,0,0,0,0,0,0,0,0,0,0,0,,Matches,Osasuna,2024
256,Antonio Raillo,es ESP,DF,33-213,31.6,6,1,0,44,9,2,2,27,17,0,0,0,89,115,77,59.9,Matches,Mallorca,2024
257,Sergi Darder,es ESP,"MF,FW",31-138,26.6,4,0,0,20,33,3,139,14,23,0,0,0,104,10,9,52.6,Matches,Mallorca,2024
258,Johan Mojica,co COL,DF,32-261,28.3,5,0,0,18,22,0,128,25,22,1,2,0,163,9,17,34.6,Matches,Mallorca,2024
259,Dominik Greif,sk SVK,GK,28-033,28.0,1,0,0,0,3,0,0,0,0,0,0,0,37,6,2,75.0,Matches,Mallorca,2024
260,Martin Valjent,sk SVK,DF,29-149,27.7,4,0,0,14,10,0,9,17,18,0,0,0,92,46,37,55.4,Matches,Mallorca,2024
261,Samu Costa,pt POR,MF,24-163,25.6,8,1,1,52,55,2,18,29,38,0,0,0,111,59,32,64.8,Matches,Mallorca,2024
262,Pablo Maffeo,es ESP,DF,27-301,24.5,5,0,0,18,36,1,86,24,37,0,0,0,98,19,15,55.9,Matches,Mallorca,2024
263,Dani Rodríguez,es ESP,"MF,FW",36-337,21.8,5,0,0,46,37,8,113,12,27,0,0,0,65,23,36,39.0,Matches,Mallorca,2024
264,Vedat Muriqi,xk KVX,FW,31-015,19.6,1,2,0,25,36,18,9,7,4,1,1,1,43,123,86,58.9,Matches,Mallorca,2024
265,Cyle Larin,ca CAN,FW,30-022,18.0,4,0,0,25,30,22,6,1,5,1,0,0,43,59,81,42.1,Matches,Mallorca,2024
266,Omar Mascarell,gq EQG,MF,32-096,19.1,4,1,0,23,13,0,3,45,13,0,0,0,69,36,18,66.7,Matches,Mallorca,2024
267,Copete,es ESP,DF,25-211,16.0,6,0,0,26,13,0,6,17,15,0,0,0,45,27,15,64.3,Matches,Mallorca,2024
268,Manu Morlanes,es ESP,MF,26-117,14.4,6,0,0,15,13,0,7,24,27,0,0,0,78,10,16,38.5,Matches,Mallorca,2024
269,Roberto Navarro,es ESP,"MF,FW",23-027,14.2,3,0,0,14,21,2,29,19,22,0,0,0,94,5,9,35.7,Matches,Mallorca,2024
270,Takuma Asano,jp JPN,"FW,MF",30-180,11.0,0,0,0,4,14,5,19,5,9,0,0,0,41,5,26,16.1,Matches,Mallorca,2024
271,Antonio Sánchez,es ESP,"MF,DF",28-128,13.6,2,0,0,23,11,3,25,17,16,0,0,0,66,5,11,31.3,Matches,Mallorca,2024
272,Leo Román,es ESP,GK,24-307,6.0,0,0,0,0,1,0,0,0,0,0,0,0,7,0,0,,Matches,Mallorca,2024
273,Mateu Morey,es ESP,DF,25-068,5.5,1,0,0,10,6,1,15,9,13,0,0,0,24,7,4,63.6,Matches,Mallorca,2024
274,Toni Lato,es ESP,DF,27-169,5.1,0,1,0,9,2,1,21,4,10,0,0,0,25,6,6,50.0,Matches,Mallorca,2024
275,Abdón Prats,es ESP,"FW,MF",32-153,5.1,4,0,0,6,19,2,0,1,1,1,0,0,13,19,32,37.3,Matches,Mallorca,2024
276,Marc Domenech,es ESP,"FW,MF",19-128,2.3,0,0,0,4,0,0,4,0,3,0,0,0,6,7,5,58.3,Matches,Mallorca,2024
277,Valery Fernández,es ESP,"MF,FW",25-167,3.3,1,0,0,3,1,1,3,0,7,0,0,0,19,1,4,20.0,Matches,Mallorca,2024
278,Chiquinho,pt POR,"MF,FW",25-093,1.6,2,0,0,6,8,0,9,2,0,0,0,0,10,0,5,0.0,Matches,Mallorca,2024
279,Siebe Van Der Heyden,be BEL,"DF,MF",26-344,1.1,0,0,0,2,0,0,2,2,1,0,0,0,5,2,1,66.7,Matches,Mallorca,2024
280,David López,es ESP,DF,22-095,0.9,0,0,0,0,0,0,0,1,1,0,0,0,1,0,3,0.0,Matches,Mallorca,2024
281,Javier Llabrés,es ESP,FW,22-240,0.6,0,0,0,0,1,1,4,0,0,0,0,0,3,1,0,100.0,Matches,Mallorca,2024
282,Jan Salas,es ESP,MF,19-272,0.3,0,0,0,0,2,0,0,0,1,0,0,0,2,1,0,100.0,Matches,Mallorca,2024
283,Daniel Luna,co COL,MF,22-002,0.2,0,0,0,0,1,0,3,0,0,0,0,0,2,0,0,,Matches,Mallorca,2024
284,Álex Remiro,es ESP,GK,30-046,33.0,0,0,0,0,5,0,0,0,0,0,0,0,57,5,0,100.0,Matches,Real Sociedad,2024
285,Martín Zubimendi,es ESP,MF,26-096,29.9,5,0,0,41,19,0,12,39,37,1,0,0,131,50,31,61.7,Matches,Real Sociedad,2024
286,Sergio Gómez,es ESP,"MF,DF",24-247,28.2,4,0,0,29,14,9,214,17,38,0,1,0,137,18,20,47.4,Matches,Real Sociedad,2024
287,Jon Aramburu,ve VEN,DF,22-290,24.7,8,0,0,47,39,3,40,28,65,0,1,0,118,37,30,55.2,Matches,Real Sociedad,2024
288,Igor Zubeldia,es ESP,DF,28-040,22.7,6,1,0,36,10,0,1,25,21,0,1,0,73,60,79,43.2,Matches,Real Sociedad,2024
289,Mikel Oyarzabal,es ESP,"FW,MF",28-018,22.3,4,1,0,12,20,16,9,4,11,1,0,0,41,29,72,28.7,Matches,Real Sociedad,2024
290,Takefusa Kubo,jp JPN,"MF,FW",23-339,22.9,5,0,0,18,65,8,70,13,18,0,0,0,104,10,14,41.7,Matches,Real Sociedad,2024
291,Nayef Aguerd,ma MAR,DF,29-040,19.6,5,0,0,11,19,0,2,13,24,0,1,0,73,61,32,65.6,Matches,Real Sociedad,2024
292,Javi López,es ESP,DF,23-045,19.5,4,0,0,28,26,1,52,8,23,0,0,0,87,10,19,34.5,Matches,Real Sociedad,2024
293,Luka Sučić,hr CRO,MF,22-243,17.8,3,0,0,11,15,3,17,13,17,0,0,0,98,24,24,50.0,Matches,Real Sociedad,2024
294,Brais Méndez,es ESP,MF,28-122,15.5,4,0,0,36,41,8,44,7,13,0,0,0,66,17,26,39.5,Matches,Real Sociedad,2024
295,Aritz Elustondo,es ESP,DF,31-042,13.2,2,1,0,21,18,0,3,9,9,0,0,0,48,28,23,54.9,Matches,Real Sociedad,2024
296,Ander Barrenetxea,es ESP,"MF,FW",23-133,12.3,5,0,0,27,12,3,42,10,16,0,1,0,79,7,12,36.8,Matches,Real Sociedad,2024
297,Sheraldo Becker,sr SUR,"FW,MF",30-089,11.1,1,1,0,8,15,9,64,1,2,0,0,0,30,7,16,30.4,Matches,Real Sociedad,2024
298,Aihen Muñoz,es ESP,DF,27-266,10.3,4,0,0,11,10,0,26,13,12,0,1,0,40,20,17,54.1,Matches,Real Sociedad,2024
299,Pablo Marín,es ESP,MF,21-310,10.6,3,0,0,18,13,0,10,4,14,0,0,0,48,14,24,36.8,Matches,Real Sociedad,2024
300,Beñat Turrientes,es ESP,MF,23-098,9.1,4,0,0,11,21,0,18,5,5,0,0,0,36,10,18,35.7,Matches,Real Sociedad,2024
301,Orri Steinn Óskarsson,is ISL,FW,20-253,10.5,1,0,0,7,6,10,7,2,6,0,0,0,15,31,55,36.0,Matches,Real Sociedad,2024
302,Jon Pacheco,es ESP,DF,24-121,8.5,3,0,0,18,5,0,0,8,9,0,0,0,33,19,16,54.3,Matches,Real Sociedad,2024
303,Olasagasti,es ESP,MF,24-266,8.8,2,0,0,14,7,0,10,13,9,0,0,0,40,12,22,35.3,Matches,Real Sociedad,2024
304,Hamari Traoré,ml MLI,DF,33-102,6.4,1,0,0,11,3,0,6,8,11,0,0,0,24,8,9,47.1,Matches,Real Sociedad,2024
305,Jon Martin,es ESP,DF,19-128,8.0,2,0,0,18,0,0,0,7,7,0,0,0,21,49,9,84.5,Matches,Real Sociedad,2024
306,Umar Sadiq,ng NGA,FW,28-096,2.5,1,0,0,8,1,5,2,1,1,0,0,0,5,9,11,45.0,Matches,Real Sociedad,2024
307,Unai Marrero,es ESP,GK,23-212,1.0,0,0,0,0,0,0,0,0,0,0,0,0,0,0,0,,Matches,Real Sociedad,2024
308,Arsen Zakharyan,ru RUS,"MF,FW",21-348,0.8,0,0,0,1,0,0,1,1,1,0,0,0,2,0,0,,Matches,Real Sociedad,2024
309,Urko González,es ESP,MF,24-050,0.5,1,0,0,1,0,0,1,0,0,0,0,0,0,0,2,0.0,Matches,Real Sociedad,2024
310,Arkaitz Mariezkurrena,es ESP,"MF,FW",20-034,1.2,1,0,0,7,1,0,2,1,0,0,0,0,7,3,2,60.0,Matches,Real Sociedad,2024
311,Álvaro Odriozola,es ESP,DF,29-146,0.5,1,0,0,2,1,0,1,0,1,0,0,0,2,1,0,100.0,Matches,Real Sociedad,2024
312,Daniel Díaz,es ESP,MF,18-321,0.1,0,0,0,1,0,0,0,0,1,0,0,0,0,1,0,100.0,Matches,Real Sociedad,2024
313,Luken Beitia,es ESP,DF,20-313,0.1,0,0,0,0,0,0,0,0,1,0,0,0,1,1,0,100.0,Matches,Real Sociedad,2024
314,Jon Magunazelaia,es ESP,MF,24-300,0.1,0,0,0,1,1,0,0,0,1,0,0,0,5,3,0,100.0,Matches,Real Sociedad,2024
315,Cristhian Mosquera,es ESP,DF,20-316,32.9,6,0,0,13,23,0,1,33,29,0,3,0,173,37,45,45.1,Matches,Valencia,2024
316,Diego López,es ESP,"MF,FW",22-361,27.7,2,0,0,19,30,13,63,13,17,1,1,0,93,14,52,21.2,Matches,Valencia,2024
317,Giorgi Mamardashvili,ge GEO,GK,24-222,30.0,1,0,0,0,5,0,0,1,2,0,0,0,24,3,2,60.0,Matches,Valencia,2024
318,César Tárrega,es ESP,DF,23-072,29.6,5,0,0,50,13,0,1,20,33,0,2,2,87,81,54,60.0,Matches,Valencia,2024
319,Luis Rioja,es ESP,"MF,FW",31-205,28.6,5,0,0,15,36,10,191,22,20,0,0,0,102,13,21,38.2,Matches,Valencia,2024
320,Javier Guerra,es ESP,MF,22-128,25.9,4,0,0,29,27,1,44,19,23,0,0,0,147,16,17,48.5,Matches,Valencia,2024
321,Dimitri Foulquier,fr FRA,DF,32-047,24.9,6,0,0,24,30,1,57,16,31,0,0,0,95,12,19,38.7,Matches,Valencia,2024
322,Hugo Duro,es ESP,FW,25-180,21.8,3,0,0,33,44,7,7,10,7,0,1,1,43,56,98,36.4,Matches,Valencia,2024
323,Enzo Barrenechea,ar ARG,MF,23-352,21.2,6,0,0,22,36,0,3,25,29,1,0,0,99,33,23,58.9,Matches,Valencia,2024
324,Domingos André Ribeiro Almeida,pt POR,"MF,FW",24-344,19.5,2,0,0,25,30,2,56,8,28,0,0,0,76,4,15,21.1,Matches,Valencia,2024
325,José Luis Gayà,es ESP,DF,29-349,17.3,6,0,0,26,11,2,77,20,36,0,0,0,80,9,10,47.4,Matches,Valencia,2024
326,José Luis García Vayá,es ESP,MF,26-271,17.4,8,1,0,25,15,1,107,15,21,0,0,0,93,22,18,55.0,Matches,Valencia,2024
327,Yarek Gasiorowski,es ESP,DF,20-117,10.5,1,0,0,5,2,0,3,26,16,0,0,0,40,24,13,64.9,Matches,Valencia,2024
328,Jesus Vazquez,es ESP,DF,22-127,9.1,3,0,0,15,10,1,21,7,16,0,0,0,36,10,12,45.5,Matches,Valencia,2024
329,Thierry Correia,pt POR,DF,26-061,8.5,1,0,0,15,14,0,18,4,18,0,0,0,38,4,8,33.3,Matches,Valencia,2024
330,Umar Sadiq,ng NGA,FW,28-096,7.5,4,0,0,27,12,9,0,1,5,0,0,0,13,22,18,55.0,Matches,Valencia,2024
331,Dani Gómez,es ESP,FW,26-283,5.9,0,0,0,7,8,10,0,2,2,0,0,0,14,7,24,22.6,Matches,Valencia,2024
332,Rafa Mir,es ESP,"FW,MF",27-325,6.6,2,0,0,6,7,5,5,4,6,0,0,0,15,10,17,37.0,Matches,Valencia,2024
333,Mouctar Diakhaby,gn GUI,DF,28-141,4.1,0,0,0,2,2,0,0,3,1,0,0,0,11,11,5,68.8,Matches,Valencia,2024
334,Hugo Guillamón,es ESP,MF,25-098,4.0,2,0,0,6,4,1,1,5,8,0,0,0,21,5,4,55.6,Matches,Valencia,2024
335,Stole Dimitrievski,mk MKD,GK,31-135,4.0,1,0,0,0,0,0,0,0,0,0,0,0,7,0,0,,Matches,Valencia,2024
336,Francisco Perez,es ESP,"MF,FW",22-242,5.1,1,0,0,4,10,0,24,3,11,0,0,0,21,5,6,45.5,Matches,Valencia,2024
337,Sergi Canós,es ESP,"MF,FW",28-096,4.0,3,0,0,12,6,1,18,5,7,0,0,0,20,4,7,36.4,Matches,Valencia,2024
338,Ivan Jaime Pajuelo,es ESP,MF,24-225,2.1,0,0,0,4,6,1,6,2,2,0,0,0,14,4,3,57.1,Matches,Valencia,2024
339,Germán Valera,es ESP,MF,23-054,1.6,0,0,0,2,4,0,6,4,1,0,0,0,4,1,2,33.3,Matches,Valencia,2024
340,Max Aarons,eng ENG,"DF,MF",25-125,1.2,1,0,0,0,1,0,2,0,3,0,0,0,5,2,1,66.7,Matches,Valencia,2024
341,Maximiliano Caufriez,be BEL,DF,28-082,1.0,0,0,0,3,0,0,0,1,1,0,1,0,1,2,5,28.6,Matches,Valencia,2024
342,Rodrigo Abajas,es ESP,DF,21-362,0.7,1,0,0,2,0,1,1,1,2,0,0,0,2,0,1,0.0,Matches,Valencia,2024
343,Martín Tejón,es ESP,"MF,DF",21-027,0.5,0,0,0,1,1,0,1,0,0,0,0,0,4,0,3,0.0,Matches,Valencia,2024
344,Iker Córdoba,es ESP,DF,19-179,0.2,0,0,0,0,0,0,1,0,0,0,0,0,1,1,0,100.0,Matches,Valencia,2024
345,David Otorbi,es ESP,MF,17-205,0.2,0,0,0,0,0,0,0,0,0,0,0,0,0,0,0,,Matches,Valencia,2024
346,Alberto Marí,es ESP,FW,23-302,0.1,0,0,0,1,0,0,0,0,0,0,0,0,0,0,0,,Matches,Valencia,2024
347,David Soria,es ESP,GK,32-035,34.0,1,0,0,0,0,0,0,1,4,0,0,0,26,6,0,100.0,Matches,Getafe,2024
348,Omar Alderete,py PAR,DF,28-134,30.4,7,0,0,30,10,7,6,36,27,1,3,0,107,94,48,66.2,Matches,Getafe,2024
349,Djené,tg TOG,"DF,MF",33-129,27.3,10,1,0,39,24,1,32,21,13,0,0,0,98,42,30,58.3,Matches,Getafe,2024
350,Luis Milla,es ESP,MF,30-214,28.9,4,0,0,35,43,0,182,21,34,0,1,0,153,29,35,45.3,Matches,Getafe,2024
351,Iglesias,es ESP,DF,26-310,28.3,4,0,0,40,38,1,77,41,46,0,0,0,97,33,32,50.8,Matches,Getafe,2024
352,Diego Rico,es ESP,DF,32-075,27.3,7,1,0,34,50,3,129,31,45,1,0,0,116,22,18,55.0,Matches,Getafe,2024
353,Mauro Arambarri,uy URU,MF,29-221,26.9,10,0,0,47,50,3,14,13,26,0,0,0,119,55,50,52.4,Matches,Getafe,2024
354,Chrisantus Uche,ng NGA,"FW,MF",21-355,24.8,8,2,1,50,65,17,19,9,17,0,0,0,100,82,116,41.4,Matches,Getafe,2024
355,Domingos Duarte,pt POR,DF,30-060,17.0,3,1,1,20,12,0,0,13,11,0,1,0,51,24,14,63.2,Matches,Getafe,2024
356,Carles Pérez,es ESP,"MF,FW",27-082,15.9,2,0,0,44,11,1,42,6,23,0,0,0,50,13,27,32.5,Matches,Getafe,2024
357,Bertuğ Yıldırım,tr TUR,FW,22-301,11.6,7,0,0,31,17,14,7,1,5,1,0,0,22,72,58,55.4,Matches,Getafe,2024
358,Alex Sola,es ESP,"MF,FW",25-334,11.4,4,0,0,24,26,7,18,7,14,0,0,0,47,18,28,39.1,Matches,Getafe,2024
359,Ramón Terrats,es ESP,"MF,FW",24-203,10.1,1,0,0,9,16,3,27,4,6,0,0,0,39,11,9,55.0,Matches,Getafe,2024
360,Coba da Costa,es ESP,"MF,FW",22-287,9.9,4,0,0,8,9,0,35,7,12,0,0,0,31,17,17,50.0,Matches,Getafe,2024
361,Juan Berrocal,es ESP,DF,26-005,10.6,6,1,1,15,1,0,0,13,7,0,1,0,33,29,12,70.7,Matches,Getafe,2024
362,Allan Nyom,cm CMR,"DF,MF",36-364,7.7,4,0,0,18,6,0,15,2,7,0,1,0,27,7,14,33.3,Matches,Getafe,2024
363,Juanmi,es ESP,"FW,MF",31-354,7.4,2,0,0,18,10,6,0,2,11,0,0,0,23,6,8,42.9,Matches,Getafe,2024
364,Juan Bernat,es ESP,"MF,DF",32-069,7.0,0,0,0,8,5,1,13,2,12,0,0,0,23,9,12,42.9,Matches,Getafe,2024
365,Álvaro Rodríguez,uy URU,FW,20-299,7.9,5,0,0,27,18,5,4,3,6,0,0,0,27,81,69,54.0,Matches,Getafe,2024
366,Carles Aleñá,es ESP,"MF,FW",27-124,5.0,1,0,0,8,11,2,6,0,3,0,0,0,12,10,9,52.6,Matches,Getafe,2024
367,Borja Mayoral,es ESP,FW,28-034,9.3,0,0,0,8,12,9,8,0,2,0,0,0,26,16,35,31.4,Matches,Getafe,2024
368,Jesús Santiago,es ESP,MF,20-349,3.6,5,0,0,14,5,0,2,1,7,0,0,0,18,1,4,20.0,Matches,Getafe,2024
369,Nabil Aberdin,fr FRA,MF,22-259,2.9,1,0,0,7,6,0,0,0,4,0,0,0,8,10,3,76.9,Matches,Getafe,2024
370,Peter González,do DOM,"MF,FW",22-288,4.4,1,0,0,7,9,1,10,1,5,0,0,0,16,10,13,43.5,Matches,Getafe,2024
371,Abdoulaye Keita,es ESP,"FW,MF",22-250,1.1,0,0,0,6,0,0,1,0,2,0,0,0,6,3,3,50.0,Matches,Getafe,2024
372,Alberto Risco,es ESP,"MF,FW",19-252,0.8,0,0,0,1,2,0,4,0,4,0,0,0,5,1,3,25.0,Matches,Getafe,2024
373,John Joe,ie IRL,"MF,FW",21-197,0.5,1,0,0,1,2,0,0,0,0,0,0,0,3,2,2,50.0,Matches,Getafe,2024
374,Gorka Rivera Alonso,es ESP,"DF,MF",20-281,0.2,0,0,0,1,1,0,0,0,0,0,0,0,1,0,1,0.0,Matches,Getafe,2024
375,Ismael Bekhoucha,ma MAR,"DF,MF",20-170,0.1,1,0,0,0,0,0,0,2,0,0,0,0,0,0,1,0.0,Matches,Getafe,2024
376,David Argüelles,es ESP,MF,23-128,0.1,0,0,0,0,0,0,0,0,0,0,0,0,0,0,0,,Matches,Getafe,2024
377,Joan García,es ESP,GK,24-005,34.0,2,0,0,0,6,0,0,0,0,0,0,0,33,21,1,95.5,Matches,Espanyol,2024
378,Omar El Hilali,ma MAR,DF,21-239,32.1,11,0,0,50,28,4,43,43,76,0,2,0,126,33,27,55.0,Matches,Espanyol,2024
379,Marash Kumbulla,al ALB,DF,25-090,30.0,7,0,0,32,29,0,5,31,24,0,0,0,68,59,42,58.4,Matches,Espanyol,2024
380,Javi Puado,es ESP,"FW,MF",26-349,29.5,6,0,0,18,25,5,25,5,15,1,0,0,90,8,26,23.5,Matches,Espanyol,2024
381,Leandro Cabrera,uy URU,DF,33-326,29.0,3,0,0,22,7,0,15,28,21,1,1,0,75,73,42,63.5,Matches,Espanyol,2024
382,Alex Král,cz CZE,MF,26-355,29.2,1,0,0,28,22,0,36,27,36,0,0,0,124,38,28,57.6,Matches,Espanyol,2024
383,Carlos Romero,es ESP,DF,23-192,24.4,7,0,0,27,14,1,69,23,37,0,2,0,106,12,22,35.3,Matches,Espanyol,2024
384,Jofre,es ESP,"MF,FW",23-326,22.4,5,0,0,26,58,3,48,15,15,0,0,0,102,3,15,16.7,Matches,Espanyol,2024
385,Pol Lozano,es ESP,MF,25-215,19.8,11,0,0,54,14,0,19,21,33,0,0,0,81,8,15,34.8,Matches,Espanyol,2024
386,Roberto Férnandez,es ESP,FW,22-310,13.1,1,0,0,26,23,8,2,3,4,1,0,0,27,27,39,40.9,Matches,Espanyol,2024
387,Álvaro Tejero,es ESP,"MF,DF",28-293,13.2,2,0,0,13,19,1,103,12,4,0,0,0,63,10,11,47.6,Matches,Espanyol,2024
388,Urko González,es ESP,MF,24-050,11.5,1,0,0,13,9,1,1,7,20,0,1,0,56,14,12,53.8,Matches,Espanyol,2024
389,Brian Oliván,es ESP,DF,31-038,11.3,2,0,0,13,6,3,55,10,10,0,0,0,28,3,10,23.1,Matches,Espanyol,2024
390,Antoniu,es ESP,"MF,FW",22-246,9.8,3,0,0,18,20,4,18,7,9,0,0,0,33,6,14,30.0,Matches,Espanyol,2024
391,Alejo Véliz,ar ARG,FW,21-232,11.2,3,0,0,17,27,5,0,4,1,0,0,0,20,46,51,47.4,Matches,Espanyol,2024
392,Edu Expósito,es ESP,MF,28-281,8.0,2,0,0,13,16,1,46,10,9,0,0,0,40,6,10,37.5,Matches,Espanyol,2024
393,José Gragera,es ESP,MF,24-160,6.3,0,0,0,18,8,0,0,5,16,0,0,0,18,11,5,68.8,Matches,Espanyol,2024
394,Sergi Gómez,es ESP,DF,33-042,7.2,1,0,0,6,1,0,1,7,5,0,0,0,15,11,20,35.5,Matches,Espanyol,2024
395,Walid Cheddira,ma MAR,FW,27-107,6.8,2,0,0,27,24,8,1,1,0,1,0,0,18,14,25,35.9,Matches,Espanyol,2024
396,Irvin Cardona,fr FRA,"FW,MF",27-274,6.7,1,0,0,8,8,5,14,4,5,0,0,0,19,8,11,42.1,Matches,Espanyol,2024
397,Álvaro Aguado,es ESP,MF,29-008,4.8,3,0,0,5,7,0,12,4,2,0,0,0,35,3,2,60.0,Matches,Espanyol,2024
398,Fernando Calero,es ESP,"DF,MF",29-237,5.3,0,0,0,4,5,0,0,13,6,0,0,0,16,6,11,35.3,Matches,Espanyol,2024
399,Justin Smith,ca CAN,MF,22-094,2.3,0,0,0,5,2,0,1,4,3,0,0,0,8,3,0,100.0,Matches,Espanyol,2024
400,Rafael Bauza,es ESP,MF,20-099,2.0,1,0,0,8,0,0,0,0,3,0,0,0,4,3,2,60.0,Matches,Espanyol,2024
401,Pere Milla,es ESP,"MF,FW",32-228,3.5,3,0,0,4,10,2,11,2,1,0,0,0,18,6,6,50.0,Matches,Espanyol,2024
402,Naci Ünüvar,nl NED,"MF,DF",21-330,0.3,0,0,0,0,1,1,2,0,2,0,0,0,3,0,0,,Matches,Espanyol,2024
403,Roger Hinojo,es ESP,DF,20-077,0.1,0,0,0,0,0,0,2,0,0,0,0,0,0,0,2,0.0,Matches,Espanyol,2024
404,Paulo Gazzaniga,ar ARG,GK,33-127,33.5,4,0,0,1,3,0,0,0,1,0,0,0,46,1,2,33.3,Matches,Girona,2024
405,Miguel Gutiérrez,es ESP,"DF,MF",23-286,27.3,4,0,0,29,34,6,153,16,24,0,1,0,144,4,16,20.0,Matches,Girona,2024
406,Daley Blind,nl NED,DF,35-061,26.9,2,0,0,17,13,1,37,23,23,0,0,0,105,16,21,43.2,Matches,Girona,2024
407,Arnau Martinez,es ESP,"DF,MF",22-014,25.7,2,0,0,17,34,2,53,25,22,0,1,0,108,28,20,58.3,Matches,Girona,2024
408,David López,es ESP,DF,35-212,25.0,4,0,0,9,15,1,3,12,22,0,1,0,86,30,28,51.7,Matches,Girona,2024
409,Ladislav Krejčí,cz CZE,DF,26-019,24.1,8,0,0,22,15,0,10,32,15,1,0,1,91,54,22,71.1,Matches,Girona,2024
410,Yangel Herrera,ve VEN,MF,27-115,22.3,9,1,0,61,61,4,39,28,35,1,0,0,95,46,40,53.5,Matches,Girona,2024
411,Iván Martín,es ESP,MF,26-084,20.4,1,0,0,20,14,3,19,11,16,0,0,0,100,3,15,16.7,Matches,Girona,2024
412,Bryan Gil,es ESP,"FW,MF",24-087,19.1,4,0,0,22,40,4,78,10,20,0,0,0,78,0,5,0.0,Matches,Girona,2024
413,Viktor Tsyhankov,ua UKR,"FW,MF",27-175,17.6,1,0,0,12,26,3,109,11,11,1,0,0,57,7,14,33.3,Matches,Girona,2024
414,Donny van de Beek,nl NED,MF,28-021,15.8,5,0,0,22,8,3,11,10,18,0,0,0,48,10,9,52.6,Matches,Girona,2024
415,Oriol Romeu,es ESP,MF,33-227,13.8,5,0,0,26,14,0,7,11,22,0,1,0,66,12,15,44.4,Matches,Girona,2024
416,Abel Ruiz,es ESP,FW,25-101,13.6,3,0,0,6,13,5,4,4,2,0,0,0,20,7,19,26.9,Matches,Girona,2024
417,Arnaut Danjuma,nl NED,"FW,MF",28-098,14.6,2,0,0,14,16,14,76,2,6,0,1,0,37,1,3,25.0,Matches,Girona,2024
418,Yaser Asprilla,co COL,"FW,MF",21-171,12.6,2,0,0,10,20,1,69,5,9,0,0,0,48,3,2,60.0,Matches,Girona,2024
419,Bojan Miovski,mk MKD,FW,25-319,9.5,0,0,0,13,11,8,3,2,5,1,0,0,13,13,22,37.1,Matches,Girona,2024
420,Alejandro Francés,es ESP,DF,22-281,10.6,2,0,0,16,14,1,19,15,21,0,0,0,29,4,11,26.7,Matches,Girona,2024
421,Arthur Melo,br BRA,MF,28-270,7.3,2,0,0,11,21,0,3,5,9,0,0,0,39,0,3,0.0,Matches,Girona,2024
422,Juanpe,es ESP,DF,34-009,6.8,2,0,0,3,2,0,1,8,5,0,0,0,19,20,9,69.0,Matches,Girona,2024
423,Cristhian Stuani,uy URU,FW,38-209,9.2,3,0,0,28,4,9,1,5,7,0,0,0,11,17,16,51.5,Matches,Girona,2024
424,Portu,es ESP,"FW,MF",32-353,6.2,4,0,0,10,9,6,24,0,5,0,0,0,20,8,9,47.1,Matches,Girona,2024
425,Jhon Solis,co COL,MF,20-218,5.2,2,0,0,7,5,0,2,4,5,0,0,0,23,3,3,50.0,Matches,Girona,2024
426,Silvi Clúa,es ESP,MF,20-100,1.8,0,0,0,5,0,0,0,2,7,0,0,0,4,6,3,66.7,Matches,Girona,2024
427,Gabriel Osei Misehouy,nl NED,"FW,MF",19-295,2.9,0,0,0,1,5,2,6,0,1,0,0,0,11,0,3,0.0,Matches,Girona,2024
428,Iker Almena,es ESP,"FW,DF",21-005,0.5,0,0,0,0,1,0,4,0,0,0,0,0,2,0,0,,Matches,Girona,2024
429,Papa Ba,es ESP,MF,20-239,0.5,0,0,0,1,4,0,1,0,1,0,0,0,1,0,0,,Matches,Girona,2024
430,Pau López,es ESP,GK,30-147,0.5,0,0,0,0,1,0,0,0,0,0,0,0,1,0,0,,Matches,Girona,2024
431,Kim Minsu,kr KOR,"MF,FW",19-110,0.2,0,0,0,0,1,0,0,0,0,0,0,0,1,0,1,0.0,Matches,Girona,2024
432,Ferrán Ruiz,es ESP,MF,22-013,0.2,0,0,0,0,0,0,0,1,0,0,0,0,1,0,1,0.0,Matches,Girona,2024
433,Dodi Lukebakio,be BEL,FW,27-227,31.4,3,1,0,35,49,23,122,5,13,0,0,0,107,15,19,44.1,Matches,Sevilla,2024
434,Carmona,es ESP,DF,23-100,30.0,10,0,0,41,39,1,37,63,55,0,0,0,156,33,20,62.3,Matches,Sevilla,2024
435,Loïc Bade,fr FRA,DF,25-028,28.2,6,0,0,24,8,0,7,28,25,0,1,0,131,62,27,69.7,Matches,Sevilla,2024
436,Ørjan Nyland,no NOR,GK,34-241,26.7,2,0,0,1,0,0,0,0,2,0,0,0,25,7,0,100.0,Matches,Sevilla,2024
437,Isaac Romero,es ESP,FW,24-356,23.4,9,0,0,36,35,11,17,7,6,1,1,0,57,28,51,35.4,Matches,Sevilla,2024
438,Adrià Pedrosa,es ESP,DF,26-361,23.5,7,0,0,36,17,1,89,20,32,0,0,0,92,11,27,28.9,Matches,Sevilla,2024
439,Nemanja Gudelj,rs SRB,"MF,DF",33-174,24.3,5,0,0,23,14,0,30,25,20,0,0,0,64,42,25,62.7,Matches,Sevilla,2024
440,Kike Salas,es ESP,DF,23-016,21.4,5,0,0,17,14,0,7,30,25,0,0,0,84,67,25,72.8,Matches,Sevilla,2024
441,Djibril Sow,ch SUI,MF,28-092,20.7,5,0,0,21,37,0,9,22,12,0,0,0,103,22,22,50.0,Matches,Sevilla,2024
442,Lucien Agoume,fr FRA,MF,23-089,19.5,4,1,0,41,6,2,11,31,24,0,1,0,113,35,34,50.7,Matches,Sevilla,2024
443,Saúl Ñíguez,es ESP,MF,30-169,16.2,7,1,0,40,11,1,18,19,30,0,1,0,81,37,32,53.6,Matches,Sevilla,2024
444,Albert Sambi Lokonga,be BEL,MF,25-199,15.6,4,0,0,20,21,0,2,9,15,0,0,0,66,28,11,71.8,Matches,Sevilla,2024
445,Juanlu Sánchez,es ESP,"MF,DF",21-267,15.5,5,1,1,13,7,1,31,12,26,0,0,0,53,17,18,48.6,Matches,Sevilla,2024
446,Peque,es ESP,"MF,FW",22-217,11.4,1,0,0,19,25,2,8,7,5,0,1,0,38,8,24,25.0,Matches,Sevilla,2024
447,Chidera Ejuke,ng NGA,FW,27-127,10.6,0,0,0,6,16,4,19,5,13,0,0,0,61,4,9,30.8,Matches,Sevilla,2024
448,Ruben Vargas,ch SUI,"FW,MF",26-277,7.5,0,0,0,11,9,3,37,3,4,0,0,0,31,7,6,53.8,Matches,Sevilla,2024
449,Álvaro Fernández,es ESP,GK,27-026,7.3,2,0,0,0,2,0,0,0,0,0,0,0,7,1,0,100.0,Matches,Sevilla,2024
450,Tanguy Nianzou,fr FRA,DF,22-336,5.8,3,1,1,10,5,0,0,8,5,0,0,1,9,17,2,89.5,Matches,Sevilla,2024
451,Marcão,br BRA,DF,28-338,5.1,6,1,1,8,9,0,0,6,6,0,1,0,23,13,5,72.2,Matches,Sevilla,2024
452,Kelechi Iheanacho,ng NGA,FW,28-218,4.4,0,0,0,5,1,7,0,0,0,0,0,0,7,2,8,20.0,Matches,Sevilla,2024
453,Jesús Navas,es ESP,"FW,MF",39-169,4.7,0,0,0,1,4,3,33,4,2,0,0,0,10,5,5,50.0,Matches,Sevilla,2024
454,Valentín Barco,ar ARG,"DF,FW",20-290,3.2,0,0,0,7,5,0,24,2,9,0,0,0,16,0,2,0.0,Matches,Sevilla,2024
455,Stanis Idumbo,be BEL,"FW,MF",19-314,3.2,0,0,0,1,7,0,0,4,5,0,0,0,19,1,0,100.0,Matches,Sevilla,2024
456,Lucas Ocampos,ar ARG,FW,30-302,1.9,0,0,0,3,2,0,4,0,2,0,0,0,6,3,4,42.9,Matches,Sevilla,2024
457,Suso,es ESP,"FW,MF",31-171,3.5,2,0,0,3,10,1,31,2,1,0,0,0,18,2,3,40.0,Matches,Sevilla,2024
458,Álvaro Pascual,es ESP,FW,23-128,2.2,1,0,0,6,5,0,2,2,0,0,0,0,4,1,2,33.3,Matches,Sevilla,2024
459,Akor Adams,ng NGA,FW,25-100,1.5,0,0,0,1,0,1,0,0,0,0,0,0,4,6,10,37.5,Matches,Sevilla,2024
460,Manu Bueno,es ESP,"MF,FW",20-286,1.3,0,0,0,2,3,0,1,0,3,0,0,0,6,0,1,0.0,Matches,Sevilla,2024
461,Gonzalo Montiel,ar ARG,"DF,MF",28-128,1.3,1,0,0,3,1,0,3,2,2,0,0,0,4,1,0,100.0,Matches,Sevilla,2024
462,Ramón Martínez,es ESP,DF,22-199,1.1,0,0,0,0,0,0,0,2,1,0,0,0,3,3,1,75.0,Matches,Sevilla,2024
463,Diego Iturralde,es ESP,FW,22-023,0.4,0,0,0,1,1,0,0,1,0,0,0,0,1,1,0,100.0,Matches,Sevilla,2024
464,Israel Domínguez,es ESP,FW,22-002,0.2,0,0,0,0,1,1,0,0,0,0,0,0,0,0,1,0.0,Matches,Sevilla,2024
465,Leandro Antonetti,pr PUR,FW,22-116,0.1,0,0,0,0,0,0,0,0,0,0,0,0,1,0,0,,Matches,Sevilla,2024
466,Mateo Mejía,es ESP,FW,22-039,0.1,0,0,0,0,1,0,0,0,0,0,0,0,0,1,0,100.0,Matches,Sevilla,2024
467,Darío Fuentes,es ESP,DF,22-117,0.1,1,0,0,0,0,0,0,0,0,0,0,0,0,0,0,,Matches,Sevilla,2024
468,Carlos Vicente,es ESP,"FW,MF",26-016,30.4,2,0,0,31,51,8,235,13,26,0,0,0,112,31,53,36.9,Matches,Alaves,2024
469,Nahuel Tenaglia,ar ARG,DF,29-077,29.3,11,0,0,33,42,2,75,37,52,1,0,0,106,40,46,46.5,Matches,Alaves,2024
470,Abdel Abqar,ma MAR,DF,26-060,27.4,13,0,0,47,31,2,5,39,23,1,2,0,87,40,35,53.3,Matches,Alaves,2024
471,Antonio Sivera,es ESP,GK,28-271,27.2,6,1,0,4,4,0,0,0,1,0,3,1,20,5,1,83.3,Matches,Alaves,2024
472,Antonio Blanco,es ESP,MF,24-290,26.6,11,1,1,63,24,0,27,39,37,0,0,0,139,27,31,46.6,Matches,Alaves,2024
473,Kiké,es ESP,FW,35-165,25.6,5,1,1,46,54,20,12,1,12,1,0,0,78,100,94,51.5,Matches,Alaves,2024
474,Manu Sánchez,es ESP,DF,24-258,25.5,6,1,0,49,18,1,74,28,45,0,1,0,90,7,26,21.2,Matches,Alaves,2024
475,Jon Guridi,es ESP,"MF,FW",30-070,20.0,6,0,0,32,13,5,16,12,17,0,1,0,81,42,53,44.2,Matches,Alaves,2024
476,Moussa Diarra,ml MLI,DF,24-180,19.7,6,0,0,25,21,1,22,21,23,1,1,0,70,30,26,53.6,Matches,Alaves,2024
477,Ander Guevara,es ESP,MF,27-306,18.6,2,0,0,28,15,0,3,11,26,0,0,0,102,25,36,41.0,Matches,Alaves,2024
478,Santiago Mouriño,uy URU,DF,23-085,17.5,6,0,0,28,18,1,3,25,24,0,0,0,78,30,27,52.6,Matches,Alaves,2024
479,Carlos Martín,es ESP,"FW,MF",23-017,14.5,3,0,0,30,28,6,24,5,20,0,0,0,54,15,18,45.5,Matches,Alaves,2024
480,Joan Jordán,es ESP,MF,30-307,15.1,3,0,0,26,11,1,100,8,17,0,0,0,58,16,13,55.2,Matches,Alaves,2024
481,Tomás Conechny,ar ARG,"FW,MF",27-040,8.8,6,0,0,25,11,4,30,6,9,0,0,0,43,20,20,50.0,Matches,Alaves,2024
482,Carles Aleñá,es ESP,"MF,FW",27-124,8.5,1,0,0,7,19,0,24,2,10,0,0,0,31,7,6,53.8,Matches,Alaves,2024
483,Toni Martínez,es ESP,"FW,MF",27-313,10.1,1,0,0,14,12,7,6,0,6,0,1,0,28,73,56,56.6,Matches,Alaves,2024
484,Stoichkov,es ESP,"MF,FW",31-185,7.8,1,0,0,9,16,5,13,1,9,0,0,0,44,5,15,25.0,Matches,Alaves,2024
485,Aleksandar Sedlar,rs SRB,DF,33-147,5.7,1,1,0,9,5,0,0,9,9,0,0,0,16,8,6,57.1,Matches,Alaves,2024
486,Jesús Owono,gq EQG,GK,24-069,5.4,0,0,0,1,2,0,0,0,1,0,1,0,3,0,0,,Matches,Alaves,2024
487,Pica,es ESP,DF,23-128,5.4,1,0,0,6,3,0,2,8,7,0,0,0,12,17,10,63.0,Matches,Alaves,2024
488,Carlos Benavídez,uy URU,MF,27-040,4.4,2,0,0,16,6,1,1,8,9,0,0,0,25,6,4,60.0,Matches,Alaves,2024
489,Abderrahman Rebbach,dz ALG,"FW,MF",26-271,4.3,1,0,0,5,6,2,17,0,2,0,0,0,16,1,11,8.3,Matches,Alaves,2024
490,Facundo Garcés,ar ARG,DF,25-246,3.5,0,0,0,1,2,0,0,2,0,0,1,0,3,8,4,66.7,Matches,Alaves,2024
491,Asier Villalibre,es ESP,FW,27-221,3.5,2,0,0,11,7,1,2,1,1,0,0,0,7,19,10,65.5,Matches,Alaves,2024
492,Hugo Novoa,es ESP,"DF,MF",22-128,2.6,0,0,0,1,1,2,7,0,5,0,0,0,9,1,8,11.1,Matches,Alaves,2024
493,Luka Romero,ar ARG,"FW,MF",20-172,2.2,0,0,0,3,3,1,10,1,4,1,0,0,9,2,4,33.3,Matches,Alaves,2024
494,Pau Cabanes,es ESP,"MF,FW",20-081,2.0,1,0,0,5,5,0,12,0,2,0,0,0,11,1,3,25.0,Matches,Alaves,2024
495,Adrian Rodriguez,es ESP,GK,24-148,1.4,1,0,0,0,3,0,0,0,0,0,0,0,0,0,0,,Matches,Alaves,2024
496,Luis Rioja,es ESP,FW,31-205,0.3,0,0,0,1,1,0,6,0,1,0,0,0,1,0,0,,Matches,Alaves,2024
497,Alberto Moleiro,es ESP,"FW,MF",21-221,27.4,5,0,0,29,37,2,27,16,11,0,0,0,123,5,21,19.2,Matches,Las Palmas,2024
498,Álex Suárez,es ESP,DF,32-052,25.8,12,0,0,25,21,1,0,12,22,0,1,2,63,24,48,33.3,Matches,Las Palmas,2024
499,Javier Muñoz,es ESP,"MF,DF",30-070,27.8,4,0,0,28,25,2,51,29,34,0,0,0,106,13,26,33.3,Matches,Las Palmas,2024
500,Jasper Cillessen,nl NED,GK,36-017,25.9,1,0,0,0,5,0,0,0,0,0,0,0,20,2,2,50.0,Matches,Las Palmas,2024
501,Scott McKenna,sct SCO,DF,28-178,25.4,5,1,0,12,8,1,2,9,12,0,1,1,66,76,42,64.4,Matches,Las Palmas,2024
502,Mika Mármol,es ESP,DF,23-312,23.7,4,0,0,29,7,2,47,36,23,0,1,0,69,21,17,55.3,Matches,Las Palmas,2024
503,Sandro Ramírez,es ESP,"FW,MF",29-304,21.4,6,0,0,23,39,5,115,16,15,1,1,0,87,12,15,44.4,Matches,Las Palmas,2024
504,Fábio Silva,pt POR,FW,22-294,20.7,7,0,0,39,43,20,21,4,7,0,0,0,48,51,52,49.5,Matches,Las Palmas,2024
505,Dario Essugo,pt POR,MF,20-056,18.9,10,2,2,32,30,0,1,41,42,0,0,0,105,27,29,48.2,Matches,Las Palmas,2024
506,Kirian Rodríguez,es ESP,MF,29-065,19.5,2,0,0,9,18,0,18,10,17,0,0,0,100,13,17,43.3,Matches,Las Palmas,2024
507,Viti,es ESP,DF,27-235,19.5,5,0,0,27,27,0,43,24,43,0,0,0,73,16,19,45.7,Matches,Las Palmas,2024
508,Oliver McBurnie,sct SCO,FW,28-339,17.4,1,0,0,27,16,8,1,5,7,0,0,0,35,73,71,50.7,Matches,Las Palmas,2024
509,Álex Muñoz,es ESP,DF,30-283,15.2,3,0,0,29,12,2,25,16,29,0,1,0,33,23,21,52.3,Matches,Las Palmas,2024
510,José Campaña,es ESP,MF,31-343,12.2,3,0,0,7,19,0,28,18,14,0,1,0,78,15,4,78.9,Matches,Las Palmas,2024
511,Juan Herzog,es ESP,DF,21-361,10.7,1,0,0,3,7,0,0,14,11,0,0,0,34,27,14,65.9,Matches,Las Palmas,2024
512,Stefan Bajcetic,es ESP,"MF,DF",20-199,9.3,4,0,0,18,12,0,4,14,13,0,1,0,56,12,9,57.1,Matches,Las Palmas,2024
513,Marvin,es ESP,"DF,FW",24-310,9.1,3,0,0,13,15,0,47,9,10,0,1,0,44,9,13,40.9,Matches,Las Palmas,2024
514,Dinko Horkaš,hr CRO,GK,26-060,8.1,1,0,0,1,0,0,0,0,0,0,1,0,9,0,0,,Matches,Las Palmas,2024
515,Manuel Fuster,es ESP,"FW,MF",27-199,8.8,2,0,0,12,26,1,56,4,8,0,0,0,46,3,10,23.1,Matches,Las Palmas,2024
516,Enzo Loiodice,fr FRA,MF,24-163,5.6,3,0,0,9,5,1,9,5,4,0,0,0,20,6,4,60.0,Matches,Las Palmas,2024
517,Jaime Mata,es ESP,FW,36-197,5.9,8,0,0,16,12,11,9,3,1,0,0,0,17,22,25,46.8,Matches,Las Palmas,2024
518,Adnan Januzaj,be BEL,"MF,FW",30-093,4.5,4,0,0,3,12,0,55,0,5,0,0,0,22,2,8,20.0,Matches,Las Palmas,2024
519,Andy Pelmard,fr FRA,DF,25-058,2.3,1,0,0,2,3,0,2,2,0,0,0,0,4,1,1,50.0,Matches,Las Palmas,2024
520,Benito Ramírez,es ESP,"DF,MF",29-302,4.3,2,1,0,4,6,0,30,1,5,0,0,0,27,3,9,25.0,Matches,Las Palmas,2024
521,Daley Sinkgraven,nl NED,DF,29-309,1.0,0,0,0,2,2,0,4,1,1,0,0,0,6,1,0,100.0,Matches,Las Palmas,2024
522,Marc Cardona,es ESP,"FW,DF",29-305,1.2,1,0,0,1,2,0,1,0,1,0,0,0,7,0,5,0.0,Matches,Las Palmas,2024
523,Fabio González,es ESP,MF,28-086,0.6,0,0,0,1,0,0,1,0,0,0,0,0,3,1,0,100.0,Matches,Las Palmas,2024
524,Pejiño,es ESP,FW,28-284,0.2,0,0,0,1,0,0,1,0,1,0,0,0,2,0,0,,Matches,Las Palmas,2024
525,Valentín Pezzolesi,es ESP,DF,18-023,0.1,0,0,0,0,0,0,0,0,0,0,0,0,1,0,0,,Matches,Las Palmas,2024
526,Aboubacar Bassinga,ci CIV,MF,19-300,0.0,0,0,0,1,0,0,0,0,0,0,0,0,0,0,0,,Matches,Las Palmas,2024
527,Sergi,es ESP,DF,33-019,31.4,2,1,0,29,9,7,1,39,28,1,1,1,79,60,58,50.8,Matches,Leganes,2024
528,Marko Dmitrović,rs SRB,GK,33-105,28.0,0,0,0,1,6,0,0,0,1,0,1,0,31,9,0,100.0,Matches,Leganes,2024
529,Seydouba Cissé,gn GUI,MF,24-088,23.2,3,1,0,37,23,1,8,11,30,1,1,0,143,23,32,41.8,Matches,Leganes,2024
530,Valentin Rosier,fr FRA,DF,28-263,27.1,8,0,0,43,17,8,38,50,51,0,0,0,119,24,16,60.0,Matches,Leganes,2024
531,Yvan Neyou,cm CMR,MF,28-126,24.1,14,0,0,32,49,0,15,25,33,0,0,0,113,22,19,53.7,Matches,Leganes,2024
532,Javi Hernández,es ESP,DF,27-007,23.5,5,0,0,41,15,4,48,22,15,0,0,0,106,20,21,48.8,Matches,Leganes,2024
533,Renato Tapia,pe PER,"MF,DF",29-285,23.2,7,0,0,32,32,0,12,23,31,0,0,0,139,25,20,55.6,Matches,Leganes,2024
534,Juan Cruz,es ESP,"FW,MF",25-014,23.1,2,0,0,13,20,7,89,11,19,0,0,0,102,14,18,43.8,Matches,Leganes,2024
535,Matija Nastasić,rs SRB,DF,32-042,22.6,3,0,0,14,6,2,0,19,11,1,2,0,47,35,17,67.3,Matches,Leganes,2024
536,Dani Raba,es ESP,"FW,MF",29-192,18.1,5,0,0,36,53,9,73,14,21,1,0,0,78,4,15,21.1,Matches,Leganes,2024
537,Miguel,es ESP,FW,25-248,18.6,3,0,0,22,30,12,7,4,7,0,0,0,24,29,92,24.0,Matches,Leganes,2024
538,Darko Brašanac,rs SRB,MF,33-086,17.3,4,0,0,37,13,4,11,15,11,1,0,0,59,20,38,34.5,Matches,Leganes,2024
539,Jorge Sáenz,es ESP,DF,28-173,14.8,3,1,0,21,12,0,0,21,21,0,1,1,46,34,28,54.8,Matches,Leganes,2024
540,Adrià Altimira,es ESP,"DF,FW",24-042,14.1,5,0,0,24,21,3,17,14,16,0,1,0,56,9,16,36.0,Matches,Leganes,2024
541,Óscar Rodríguez Arnaiz,es ESP,"MF,FW",26-315,13.9,6,1,0,18,23,1,52,18,16,1,1,0,52,11,23,32.4,Matches,Leganes,2024
542,Diego,es ESP,"FW,MF",25-021,10.3,2,0,0,19,19,6,4,2,0,1,0,0,16,37,64,36.6,Matches,Leganes,2024
543,Munir El Haddadi,ma MAR,"FW,MF",29-250,7.4,1,1,0,14,29,6,11,1,8,0,0,0,30,9,19,32.1,Matches,Leganes,2024
544,Enric Franquesa,es ESP,"DF,FW",28-072,6.8,1,0,0,8,6,0,16,5,9,0,0,0,29,5,5,50.0,Matches,Leganes,2024
545,Juan Soriano,es ESP,GK,27-259,6.0,1,1,0,0,3,0,0,0,1,0,0,1,5,0,0,,Matches,Leganes,2024
546,Sébastien Haller,ci CIV,FW,30-321,4.5,0,0,0,4,5,7,0,0,0,0,0,0,10,26,17,60.5,Matches,Leganes,2024
547,Roberto López,es ESP,MF,25-015,4.4,0,0,0,1,3,0,24,1,6,0,0,0,28,1,5,16.7,Matches,Leganes,2024
548,Yan Diomandé,ci CIV,"FW,MF",18-176,2.6,1,0,0,3,9,1,6,3,1,0,0,0,18,1,9,10.0,Matches,Leganes,2024
549,Julián Chicco,ar ARG,"MF,DF",27-116,3.3,0,0,0,1,3,0,3,3,7,0,0,0,11,1,10,9.1,Matches,Leganes,2024
550,Aritz Arambarri,es ESP,DF,27-098,2.0,0,0,0,0,0,0,0,3,1,0,0,0,4,6,8,42.9,Matches,Leganes,2024
551,Duk,cv CPV,"MF,FW",25-082,1.6,1,0,0,5,12,0,8,0,3,0,0,0,9,1,4,20.0,Matches,Leganes,2024
552,Borna Barišić,hr CRO,DF,32-180,0.1,0,0,0,0,0,0,0,0,0,0,0,0,0,0,0,,Matches,Leganes,2024
553,Karl Jakob Hein,ee EST,GK,23-026,28.0,0,0,0,0,2,0,0,0,0,0,0,0,37,7,0,100.0,Matches,Valladolid,2024
554,Luis Pérez,es ESP,DF,30-094,26.9,2,0,0,12,24,3,99,28,27,0,1,0,75,15,31,32.6,Matches,Valladolid,2024
555,Javi Sánchez,es ESP,DF,28-056,22.5,6,0,0,19,3,0,0,22,16,0,2,0,57,34,31,52.3,Matches,Valladolid,2024
556,Raúl Moro,es ESP,"MF,FW",22-155,22.2,2,0,0,4,13,11,125,10,11,0,0,0,72,7,12,36.8,Matches,Valladolid,2024
557,Lucas Oliveira Rosa,br BRA,DF,25-036,21.0,6,0,0,35,19,1,36,28,33,0,0,0,87,18,10,64.3,Matches,Valladolid,2024
558,Stanko Jurić,hr CRO,MF,28-266,19.2,7,1,1,38,9,0,0,24,24,0,0,0,92,50,22,69.4,Matches,Valladolid,2024
559,Mario Martín,es ESP,MF,21-065,17.9,8,3,1,47,39,1,9,19,30,0,1,0,77,27,30,47.4,Matches,Valladolid,2024
560,Eray Cömert,ch SUI,"DF,MF",27-094,16.9,6,0,0,16,13,0,0,21,12,0,0,0,41,17,19,47.2,Matches,Valladolid,2024
561,Anuar,ma MAR,"MF,FW",30-114,16.6,7,0,0,28,39,9,19,15,23,1,0,0,61,20,28,41.7,Matches,Valladolid,2024
562,Mamadou Sylla,sn SEN,"FW,MF",31-050,16.5,5,0,0,15,30,13,9,3,3,2,0,0,32,40,57,41.2,Matches,Valladolid,2024
563,Selim Amallah,ma MAR,MF,28-175,14.0,6,0,0,29,23,1,31,14,15,0,0,0,64,5,14,26.3,Matches,Valladolid,2024
564,David Torres,es ESP,DF,22-065,15.4,5,0,0,13,3,0,3,10,8,0,0,1,27,20,21,48.8,Matches,Valladolid,2024
565,Kike Pérez,es ESP,MF,28-084,13.2,6,0,0,32,21,1,33,7,26,0,0,0,60,12,15,44.4,Matches,Valladolid,2024
566,Marcos André,br BRA,FW,28-201,13.1,5,0,0,12,28,5,1,3,6,0,0,0,44,47,44,51.6,Matches,Valladolid,2024
567,Iván Sánchez,es ESP,"MF,FW",32-228,14.0,4,0,0,15,39,3,91,13,19,0,0,0,55,10,11,47.6,Matches,Valladolid,2024
568,Juanmi Latasa,es ESP,FW,24-047,12.0,6,1,0,32,30,5,5,0,1,0,1,0,20,74,50,59.7,Matches,Valladolid,2024
569,Juma Bah,sl SLE,DF,19-028,9.6,1,0,0,6,6,0,0,12,7,0,0,0,35,31,13,70.5,Matches,Valladolid,2024
570,Antonio Candela,it ITA,DF,25-012,8.0,0,0,0,3,6,1,18,6,6,0,0,0,20,1,5,16.7,Matches,Valladolid,2024
571,Adam Aznou,ma MAR,DF,18-341,7.5,1,0,0,12,12,0,8,7,19,0,0,0,44,7,1,87.5,Matches,Valladolid,2024
572,Chuky san jose,es ESP,MF,21-010,7.2,1,0,0,2,10,4,20,0,2,0,0,0,19,0,10,0.0,Matches,Valladolid,2024
573,Darwin Machís,ve VEN,"MF,FW",32-091,6.9,0,0,0,4,12,2,61,5,4,0,0,0,33,6,2,75.0,Matches,Valladolid,2024
574,Tamás Nikitscher,hu HUN,MF,25-187,6.3,2,0,0,12,5,0,0,9,6,0,0,0,22,9,5,64.3,Matches,Valladolid,2024
575,Florian Grillitsch,at AUT,MF,29-275,5.3,1,0,0,4,10,0,5,4,6,0,0,0,31,2,1,66.7,Matches,Valladolid,2024
576,Joseph Aidoo,gh GHA,DF,29-222,6.0,0,0,0,2,2,0,0,4,5,0,0,0,25,6,8,42.9,Matches,Valladolid,2024
577,André Ferreira,pt POR,GK,28-345,5.0,0,0,0,0,0,0,0,0,0,0,0,0,6,0,1,0.0,Matches,Valladolid,2024
578,Cenk Özkacar,tr TUR,DF,24-215,4.9,0,0,0,2,0,0,0,11,3,0,0,0,19,7,10,41.2,Matches,Valladolid,2024
579,Amath,sn SEN,"FW,DF",28-297,3.9,1,0,0,3,5,2,6,2,0,0,0,0,12,1,6,14.3,Matches,Valladolid,2024
580,Enzo Boyomo,cm CMR,DF,23-214,3.0,0,0,0,3,0,0,0,1,2,0,0,0,11,3,5,37.5,Matches,Valladolid,2024
581,Víctor Meseguer,es ESP,MF,25-334,4.6,1,0,0,8,5,0,3,2,6,0,0,0,25,10,8,55.6,Matches,Valladolid,2024
582,Henrique,br BRA,DF,31-014,2.2,0,0,0,3,7,0,2,2,2,0,1,0,7,0,1,0.0,Matches,Valladolid,2024
583,Raúl Chasco,es ESP,DF,21-238,1.4,0,0,0,3,0,0,3,2,1,0,0,0,2,0,0,,Matches,Valladolid,2024
584,Arnau Rafús,es ESP,GK,22-012,1.0,0,0,0,0,0,0,0,0,0,0,0,0,3,0,0,,Matches,Valladolid,2024
585,Mario Maroto,es ESP,MF,21-162,0.2,0,0,0,0,0,0,0,2,0,0,0,0,1,1,1,50.0,Matches,Valladolid,2024
586,Adrian Baquerin,es ESP,FW,18-066,0.1,0,0,0,0,1,0,0,0,0,0,0,0,1,1,0,100.0,Matches,Valladolid,2024
587,Kenedy,br BRA,"MF,FW",29-090,0.1,0,0,0,0,0,0,0,0,0,0,0,0,1,0,0,,Matches,Valladolid,2024
