Player,Nation,Pos,Age,90s,sca_SCA,sca_SCA90,sca_types_PassLive,sca_types_PassDead,sca_types_TO,sca_types_Sh,sca_types_Fld,sca_types_Def,gca_GCA,gca_GCA90,gca_types_PassLive,gca_types_PassDead,gca_types_TO,gca_types_Sh,gca_types_Fld,gca_types_Def,Matches,Team,Season
David Raya,es ESP,GK,29-243,36.0,4,0.11,3,1,0,0,0,0,1,0.03,1,0,0,0,0,0,Matches,Arsenal,2024
William Saliba,fr FRA,DF,24-053,33.3,26,0.78,24,0,0,1,0,1,1,0.03,1,0,0,0,0,0,Matches,Arsenal,2024
Declan Rice,eng ENG,MF,26-122,29.4,106,3.61,57,33,4,5,5,2,10,0.34,6,2,1,1,0,0,Matches,Arsenal,2024
Thomas Partey,gh GHA,"MF,DF",31-337,29.1,60,2.06,50,2,1,2,1,4,13,0.45,8,2,0,1,1,1,Matches,Arsenal,2024
Gabriel Magalhães,br BRA,DF,27-148,26.3,35,1.33,31,0,0,3,1,0,6,0.23,4,0,0,1,1,0,Matches,Arsenal,2024
Leandro Trossard,be BEL,FW,30-163,27.0,86,3.18,67,2,6,5,4,2,7,0.26,7,0,0,0,0,0,Matches,Arsenal,2024
Jurriën Timber,nl NED,DF,23-333,26.9,52,1.94,46,1,3,0,1,1,9,0.34,8,0,1,0,0,0,Matches,Arsenal,2024
Martin Ødegaard,no NOR,MF,26-150,24.7,120,4.87,98,13,2,5,2,0,16,0.65,13,2,0,1,0,0,Matches,Arsenal,2024
Gabriel Martinelli,br BRA,"FW,MF",23-332,23.7,66,2.79,50,1,8,4,3,0,6,0.25,3,0,1,1,1,0,Matches,Arsenal,2024
Kai Havertz,de GER,"FW,MF",25-339,20.4,41,2.01,34,0,1,6,0,0,3,0.15,2,0,0,1,0,0,Matches,Arsenal,2024
Bukayo Saka,eng ENG,"FW,MF",23-253,18.1,109,6.04,66,19,11,9,4,0,22,1.22,13,5,2,1,1,0,Matches,Arsenal,2024
Mikel Merino,es ESP,"MF,FW",28-328,16.6,41,2.47,34,0,0,5,2,0,4,0.24,3,0,0,1,0,0,Matches,Arsenal,2024
Myles Lewis-Skelly,eng ENG,DF,18-232,14.0,25,1.79,18,0,1,0,6,0,0,0.0,0,0,0,0,0,0,Matches,Arsenal,2024
Ben White,eng ENG,DF,27-220,11.3,18,1.59,18,0,0,0,0,0,1,0.09,1,0,0,0,0,0,Matches,Arsenal,2024
Riccardo Calafiori,it ITA,DF,22-362,10.4,13,1.25,11,0,1,1,0,0,2,0.19,2,0,0,0,0,0,Matches,Arsenal,2024
Ethan Nwaneri,eng ENG,"FW,MF",18-056,9.1,22,2.41,12,4,3,2,1,0,3,0.33,3,0,0,0,0,0,Matches,Arsenal,2024
Jorginho,it ITA,MF,33-147,7.8,12,1.55,10,0,0,0,2,0,0,0.0,0,0,0,0,0,0,Matches,Arsenal,2024
Jakub Kiwior,pl POL,DF,25-090,10.5,6,0.57,5,0,1,0,0,0,0,0.0,0,0,0,0,0,0,Matches,Arsenal,2024
Gabriel Jesus,br BRA,FW,28-043,6.8,18,2.66,10,0,1,5,1,1,4,0.59,1,0,0,3,0,0,Matches,Arsenal,2024
Raheem Sterling,eng ENG,"FW,MF",30-159,4.9,18,3.71,14,0,2,2,0,0,3,0.62,3,0,0,0,0,0,Matches,Arsenal,2024
Oleksandr Zinchenko,ua UKR,"DF,MF",28-152,5.1,16,3.14,11,1,1,2,1,0,2,0.39,2,0,0,0,0,0,Matches,Arsenal,2024
Kieran Tierney,sct SCO,"DF,FW",27-345,2.2,8,3.71,7,1,0,0,0,0,0,0.0,0,0,0,0,0,0,Matches,Arsenal,2024
Nathan Butler-Oyedeji,eng ENG,FW,22-132,0.1,0,0.0,0,0,0,0,0,0,0,0.0,0,0,0,0,0,0,Matches,Arsenal,2024
Takehiro Tomiyasu,jp JPN,DF,26-192,0.1,1,12.86,1,0,0,0,0,0,0,0.0,0,0,0,0,0,0,Matches,Arsenal,2024
Reiss Nelson,eng ENG,FW,25-157,0.0,0,0.0,0,0,0,0,0,0,0,0.0,0,0,0,0,0,0,Matches,Arsenal,2024
Emiliano Martínez,ar ARG,GK,32-256,34.0,6,0.18,5,1,0,0,0,0,1,0.03,1,0,0,0,0,0,Matches,Aston Villa,2024
Youri Tielemans,be BEL,MF,28-009,33.3,119,3.57,78,31,3,4,2,1,12,0.36,9,3,0,0,0,0,Matches,Aston Villa,2024
Morgan Rogers,eng ENG,"FW,MF",22-294,32.7,102,3.12,77,0,13,7,5,0,15,0.46,13,0,1,0,1,0,Matches,Aston Villa,2024
Ezri Konsa,eng ENG,DF,27-205,30.6,23,0.75,18,2,1,2,0,0,3,0.1,3,0,0,0,0,0,Matches,Aston Villa,2024
Ollie Watkins,eng ENG,FW,29-137,26.9,51,1.89,34,0,4,7,6,0,11,0.41,7,0,1,1,2,0,Matches,Aston Villa,2024
Lucas Digne,fr FRA,DF,31-300,26.1,66,2.53,42,18,1,4,0,1,5,0.19,5,0,0,0,0,0,Matches,Aston Villa,2024
John McGinn,sct SCO,"MF,FW",30-210,23.0,68,2.95,52,6,0,4,5,1,7,0.3,6,1,0,0,0,0,Matches,Aston Villa,2024
Matty Cash,pl POL,DF,27-282,21.0,23,1.1,20,1,1,0,0,1,3,0.14,2,0,0,0,0,1,Matches,Aston Villa,2024
Pau Torres,es ESP,DF,28-120,20.4,12,0.59,9,0,0,3,0,0,2,0.1,1,0,0,1,0,0,Matches,Aston Villa,2024
Jacob Ramsey,eng ENG,"FW,MF",23-353,17.7,51,2.88,40,0,4,1,6,0,8,0.45,7,0,0,0,1,0,Matches,Aston Villa,2024
Boubacar Kamara,fr FRA,MF,25-174,17.3,25,1.45,18,1,1,2,1,2,2,0.12,2,0,0,0,0,0,Matches,Aston Villa,2024
Amadou Onana,be BEL,MF,23-273,16.3,29,1.78,22,2,1,4,0,0,4,0.25,2,1,0,1,0,0,Matches,Aston Villa,2024
Leon Bailey,jm JAM,"FW,MF",27-280,12.6,38,3.01,23,1,8,3,3,0,4,0.32,4,0,0,0,0,0,Matches,Aston Villa,2024
Tyrone Mings,eng ENG,DF,32-064,12.4,18,1.45,15,0,0,1,1,1,2,0.16,1,0,0,1,0,0,Matches,Aston Villa,2024
Ian Maatsen,nl NED,DF,23-067,10.7,49,4.59,36,3,4,5,0,1,7,0.66,6,0,1,0,0,0,Matches,Aston Villa,2024
Diego Carlos,br BRA,DF,32-062,9.2,4,0.43,3,0,0,1,0,0,0,0.0,0,0,0,0,0,0,Matches,Aston Villa,2024
Marco Asensio,es ESP,MF,29-115,6.8,28,4.14,17,7,0,1,2,1,3,0.44,2,0,0,1,0,0,Matches,Aston Villa,2024
Axel Disasi,fr FRA,DF,27-066,5.4,9,1.65,7,0,1,0,0,1,0,0.0,0,0,0,0,0,0,Matches,Aston Villa,2024
Lamare Bogarde,nl NED,"DF,MF",21-131,5.3,10,1.89,8,1,0,0,0,1,1,0.19,1,0,0,0,0,0,Matches,Aston Villa,2024
Andrés García,es ESP,"DF,MF",22-098,3.5,3,0.85,3,0,0,0,0,0,0,0.0,0,0,0,0,0,0,Matches,Aston Villa,2024
Jáder Durán,co COL,FW,21-154,7.1,18,2.54,9,0,0,4,3,2,1,0.14,0,0,0,0,0,1,Matches,Aston Villa,2024
Marcus Rashford,eng ENG,FW,27-197,4.9,27,5.49,14,5,3,2,3,0,3,0.61,2,0,0,1,0,0,Matches,Aston Villa,2024
Ross Barkley,eng ENG,MF,31-162,6.3,18,2.84,15,1,2,0,0,0,3,0.47,3,0,0,0,0,0,Matches,Aston Villa,2024
Jaden Philogene Bidace,eng ENG,"FW,MF",23-097,3.7,5,1.36,3,0,0,0,1,1,0,0.0,0,0,0,0,0,0,Matches,Aston Villa,2024
Donyell Malen,nl NED,FW,26-127,3.3,5,1.53,4,0,1,0,0,0,0,0.0,0,0,0,0,0,0,Matches,Aston Villa,2024
Robin Olsen,se SWE,GK,35-128,2.0,2,1.0,0,2,0,0,0,0,1,0.5,0,1,0,0,0,0,Matches,Aston Villa,2024
Kosta Nedeljković,rs SRB,DF,19-151,1.4,0,0.0,0,0,0,0,0,0,0,0.0,0,0,0,0,0,0,Matches,Aston Villa,2024
Emi Buendía,ar ARG,"MF,FW",28-142,1.1,3,2.76,2,0,0,1,0,0,0,0.0,0,0,0,0,0,0,Matches,Aston Villa,2024
Milos Kerkez,hu HUN,DF,21-190,35.2,77,2.19,62,4,1,2,5,3,9,0.26,7,0,1,0,0,1,Matches,Bournemouth,2024
Antoine Semenyo,gh GHA,FW,25-129,33.6,127,3.78,82,4,19,15,5,2,13,0.39,7,1,2,1,2,0,Matches,Bournemouth,2024
Illia Zabarnyi,ua UKR,DF,22-257,32.5,28,0.86,25,1,0,0,0,2,0,0.0,0,0,0,0,0,0,Matches,Bournemouth,2024
Lewis Cook,eng ENG,"MF,DF",28-102,32.3,88,2.73,68,18,0,2,0,0,5,0.15,2,1,0,2,0,0,Matches,Bournemouth,2024
Kepa Arrizabalaga,es ESP,GK,30-225,29.0,4,0.14,2,2,0,0,0,0,0,0.0,0,0,0,0,0,0,Matches,Bournemouth,2024
Justin Kluivert,nl NED,"MF,FW",26-011,24.5,97,3.96,71,8,6,6,5,1,11,0.45,10,0,0,0,1,0,Matches,Bournemouth,2024
Ryan Christie,sct SCO,MF,30-083,23.5,85,3.62,72,7,0,3,2,1,9,0.38,8,1,0,0,0,0,Matches,Bournemouth,2024
Evanilson,br BRA,FW,25-222,23.9,56,2.35,35,0,3,9,9,0,8,0.34,2,0,1,1,4,0,Matches,Bournemouth,2024
Dean Huijsen,es ESP,DF,20-032,25.8,42,1.63,39,1,0,1,1,0,3,0.12,3,0,0,0,0,0,Matches,Bournemouth,2024
Dango Ouattara,bf BFA,FW,23-094,22.3,72,3.23,57,0,3,10,1,1,6,0.27,4,0,1,1,0,0,Matches,Bournemouth,2024
Tyler Adams,us USA,MF,26-091,19.8,38,1.92,33,0,0,1,0,4,4,0.2,3,0,0,0,0,1,Matches,Bournemouth,2024
Marcus Tavernier,eng ENG,"FW,MF",26-055,19.6,88,4.5,61,12,3,8,4,0,11,0.56,5,3,0,2,1,0,Matches,Bournemouth,2024
Adam Smith,eng ENG,DF,34-017,16.4,20,1.22,15,1,1,0,2,1,2,0.12,1,0,0,0,1,0,Matches,Bournemouth,2024
Marcos Senesi,ar ARG,DF,28-006,11.4,16,1.4,16,0,0,0,0,0,1,0.09,1,0,0,0,0,0,Matches,Bournemouth,2024
David Brooks,wls WAL,"FW,MF",27-312,9.5,39,4.11,33,3,2,1,0,0,2,0.21,1,0,0,1,0,0,Matches,Bournemouth,2024
Alex Scott,eng ENG,MF,21-268,8.4,29,3.46,19,2,0,2,3,3,2,0.24,2,0,0,0,0,0,Matches,Bournemouth,2024
James Hill,eng ENG,DF,23-126,5.0,8,1.61,5,2,0,0,0,1,1,0.2,1,0,0,0,0,0,Matches,Bournemouth,2024
Julian Araujo,mx MEX,DF,23-276,4.8,4,0.84,4,0,0,0,0,0,0,0.0,0,0,0,0,0,0,Matches,Bournemouth,2024
Mark Travers,ie IRL,GK,25-363,5.0,0,0.0,0,0,0,0,0,0,0,0.0,0,0,0,0,0,0,Matches,Bournemouth,2024
Enes Ünal,tr TUR,"FW,MF",28-006,3.8,9,2.35,6,0,0,2,1,0,3,0.78,2,0,0,0,1,0,Matches,Bournemouth,2024
Neto,br BRA,GK,35-301,2.0,0,0.0,0,0,0,0,0,0,0,0.0,0,0,0,0,0,0,Matches,Bournemouth,2024
Luis Sinisterra,co COL,"FW,MF",25-333,2.6,14,5.29,11,0,1,2,0,0,1,0.38,1,0,0,0,0,0,Matches,Bournemouth,2024
Philip Billing,dk DEN,MF,28-339,2.0,16,7.83,13,0,0,1,0,2,0,0.0,0,0,0,0,0,0,Matches,Bournemouth,2024
Max Aarons,eng ENG,DF,25-132,1.0,2,2.09,2,0,0,0,0,0,0,0.0,0,0,0,0,0,0,Matches,Bournemouth,2024
Daniel Jebbison,eng ENG,FW,21-276,0.9,5,5.42,4,0,1,0,0,0,0,0.0,0,0,0,0,0,0,Matches,Bournemouth,2024
Ben Winterburn,eng ENG,"FW,MF",20-254,0.3,0,0.0,0,0,0,0,0,0,0,0.0,0,0,0,0,0,0,Matches,Bournemouth,2024
Julio Soler,ar ARG,FW,20-089,0.0,0,0.0,0,0,0,0,0,0,0,0.0,0,0,0,0,0,0,Matches,Bournemouth,2024
Remy Rees-Dottin,eng ENG,FW,19-071,0.0,0,0.0,0,0,0,0,0,0,0,0.0,0,0,0,0,0,0,Matches,Bournemouth,2024
Zain Silcott-Duberry,ms MSR,FW,19-311,0.0,0,0.0,0,0,0,0,0,0,0,0.0,0,0,0,0,0,0,Matches,Bournemouth,2024
Nathan Collins,ie IRL,DF,24-016,36.0,30,0.83,22,2,1,3,2,0,8,0.22,4,1,0,1,2,0,Matches,Brentford,2024
Bryan Mbeumo,cm CMR,FW,25-282,35.9,138,3.84,93,23,10,8,4,0,19,0.53,10,3,2,3,1,0,Matches,Brentford,2024
Mark Flekken,nl NED,GK,31-337,34.4,10,0.29,6,4,0,0,0,0,2,0.06,0,2,0,0,0,0,Matches,Brentford,2024
Keane Lewis-Potter,eng ENG,"DF,FW",24-083,32.5,70,2.15,55,0,5,3,6,1,8,0.25,6,0,0,0,2,0,Matches,Brentford,2024
Mikkel Damsgaard,dk DEN,"MF,FW",24-317,30.5,116,3.81,88,14,6,2,1,5,21,0.69,15,3,1,0,1,1,Matches,Brentford,2024
Yoane Wissa,cd COD,FW,28-255,30.4,64,2.1,37,1,4,11,10,1,8,0.26,7,0,0,0,1,0,Matches,Brentford,2024
Christian Nørgaard,dk DEN,MF,31-067,29.3,51,1.74,42,0,0,6,2,1,11,0.38,10,0,0,0,1,0,Matches,Brentford,2024
Sepp van den Berg,nl NED,DF,23-147,26.7,21,0.79,19,0,0,1,1,0,2,0.07,1,0,0,0,1,0,Matches,Brentford,2024
Vitaly Janelt,de GER,MF,27-006,25.0,32,1.28,31,1,0,0,0,0,3,0.12,3,0,0,0,0,0,Matches,Brentford,2024
Kevin Schade,de GER,FW,23-170,23.8,54,2.27,33,6,6,4,4,1,9,0.38,5,0,1,3,0,0,Matches,Brentford,2024
Ethan Pinnock,jm JAM,DF,31-352,21.3,21,0.99,13,5,0,2,1,0,0,0.0,0,0,0,0,0,0,Matches,Brentford,2024
Kristoffer Ajer,no NOR,DF,27-029,15.6,18,1.15,15,0,1,2,0,0,2,0.13,2,0,0,0,0,0,Matches,Brentford,2024
Yehor Yarmoliuk,ua UKR,MF,21-076,14.3,24,1.68,19,0,2,1,1,1,2,0.14,2,0,0,0,0,0,Matches,Brentford,2024
Mads Roerslev,dk DEN,DF,25-326,12.2,21,1.72,18,0,1,1,1,0,2,0.16,2,0,0,0,0,0,Matches,Brentford,2024
Mathias Jensen,dk DEN,MF,29-135,9.3,38,4.09,27,10,1,0,0,0,5,0.54,2,2,1,0,0,0,Matches,Brentford,2024
Michael Kayode,it ITA,DF,20-310,4.2,16,3.78,9,4,1,1,1,0,3,0.71,3,0,0,0,0,0,Matches,Brentford,2024
Fabio Carvalho,pt POR,"FW,MF",22-259,5.1,10,1.97,7,0,1,2,0,0,1,0.2,1,0,0,0,0,0,Matches,Brentford,2024
Ben Mee,eng ENG,DF,35-237,2.0,0,0.0,0,0,0,0,0,0,0,0.0,0,0,0,0,0,0,Matches,Brentford,2024
Thiago,br BRA,FW,23-324,1.6,2,1.22,1,0,0,0,0,1,0,0.0,0,0,0,0,0,0,Matches,Brentford,2024
Hákon Rafn Valdimarsson,is ISL,GK,23-215,1.6,2,1.24,2,0,0,0,0,0,0,0.0,0,0,0,0,0,0,Matches,Brentford,2024
Edmond-Paris Maghoma,eng ENG,"MF,FW",24-008,1.3,4,3.03,4,0,0,0,0,0,1,0.76,1,0,0,0,0,0,Matches,Brentford,2024
Rico Henry,eng ENG,DF,27-312,0.9,1,1.08,1,0,0,0,0,0,1,1.08,1,0,0,0,0,0,Matches,Brentford,2024
Yunus Emre Konak,tr TUR,"FW,MF",19-126,0.5,0,0.0,0,0,0,0,0,0,0,0.0,0,0,0,0,0,0,Matches,Brentford,2024
Kim Jisoo,kr KOR,DF,20-143,0.3,0,0.0,0,0,0,0,0,0,0,0.0,0,0,0,0,0,0,Matches,Brentford,2024
Frank Onyeka,ng NGA,MF,27-135,0.3,0,0.0,0,0,0,0,0,0,0,0.0,0,0,0,0,0,0,Matches,Brentford,2024
Gustavo Nunes,br BRA,"FW,MF",19-177,0.1,0,0.0,0,0,0,0,0,0,0,0.0,0,0,0,0,0,0,Matches,Brentford,2024
Jayden Meghoma,eng ENG,DF,18-322,0.1,0,0.0,0,0,0,0,0,0,0,0.0,0,0,0,0,0,0,Matches,Brentford,2024
Ryan Trevitt,eng ENG,MF,22-065,0.0,0,0.0,0,0,0,0,0,0,0,0.0,0,0,0,0,0,0,Matches,Brentford,2024
Bart Verbruggen,nl NED,GK,22-271,34.0,5,0.15,5,0,0,0,0,0,1,0.03,1,0,0,0,0,0,Matches,Brighton and Hove Albion,2024
Jan Paul van Hecke,nl NED,DF,24-342,30.9,48,1.55,42,2,0,3,1,0,3,0.1,3,0,0,0,0,0,Matches,Brighton and Hove Albion,2024
Carlos Baleba,cm CMR,MF,21-133,27.6,61,2.21,51,0,2,4,1,3,4,0.15,2,0,0,0,1,1,Matches,Brighton and Hove Albion,2024
Kaoru Mitoma,jp JPN,"FW,MF",27-361,28.1,83,2.95,69,0,6,3,4,1,8,0.28,7,0,0,0,1,0,Matches,Brighton and Hove Albion,2024
Pervis Estupiñán,ec ECU,DF,27-115,25.7,52,2.03,34,13,0,2,3,0,4,0.16,3,0,0,0,1,0,Matches,Brighton and Hove Albion,2024
Lewis Dunk,eng ENG,DF,33-176,23.1,19,0.82,17,0,0,2,0,0,3,0.13,2,0,0,1,0,0,Matches,Brighton and Hove Albion,2024
Danny Welbeck,eng ENG,FW,34-171,22.6,46,2.04,35,1,3,1,6,0,6,0.27,6,0,0,0,0,0,Matches,Brighton and Hove Albion,2024
João Pedro,br BRA,"FW,MF",23-232,21.6,72,3.32,56,0,3,2,10,1,9,0.42,6,0,0,0,3,0,Matches,Brighton and Hove Albion,2024
Jack Hinshelwood,eng ENG,"DF,MF",20-035,19.4,33,1.7,27,4,0,1,1,0,3,0.15,3,0,0,0,0,0,Matches,Brighton and Hove Albion,2024
Yasin Ayari,se SWE,MF,21-222,20.5,58,2.82,35,11,3,3,4,2,6,0.29,4,2,0,0,0,0,Matches,Brighton and Hove Albion,2024
Joël Veltman,nl NED,DF,33-121,18.5,22,1.19,15,2,2,1,2,0,1,0.05,0,1,0,0,0,0,Matches,Brighton and Hove Albion,2024
Georginio Rutter,fr FRA,"MF,FW",23-026,18.4,64,3.47,37,0,9,7,9,2,8,0.43,3,0,3,1,1,0,Matches,Brighton and Hove Albion,2024
Yankuba Minteh,gm GAM,"FW,MF",20-298,18.5,56,3.03,33,8,11,2,1,1,11,0.59,5,0,5,1,0,0,Matches,Brighton and Hove Albion,2024
Matt O'Riley,dk DEN,MF,24-176,10.1,38,3.78,22,10,1,2,1,2,4,0.4,3,0,0,0,1,0,Matches,Brighton and Hove Albion,2024
Simon Adingra,ci CIV,"FW,MF",23-135,11.0,39,3.56,27,0,6,6,0,0,7,0.64,5,0,1,1,0,0,Matches,Brighton and Hove Albion,2024
Tariq Lamptey,gh GHA,DF,24-228,9.6,17,1.78,14,1,0,0,1,1,3,0.31,2,0,0,0,0,1,Matches,Brighton and Hove Albion,2024
Igor,br BRA,DF,27-098,10.0,11,1.1,10,0,0,0,1,0,0,0.0,0,0,0,0,0,0,Matches,Brighton and Hove Albion,2024
Adam Webster,eng ENG,DF,30-132,7.9,10,1.27,8,2,0,0,0,0,3,0.38,2,1,0,0,0,0,Matches,Brighton and Hove Albion,2024
Mats Wieffer,nl NED,"MF,DF",25-181,9.3,28,3.01,25,0,0,2,1,0,6,0.65,5,0,0,0,1,0,Matches,Brighton and Hove Albion,2024
Brajan Gruda,de GER,"MF,FW",20-350,6.0,27,4.49,21,3,2,0,1,0,4,0.67,3,1,0,0,0,0,Matches,Brighton and Hove Albion,2024
Ferdi Kadioglu,tr TUR,"DF,MF",25-221,4.3,13,3.03,11,0,0,0,1,1,2,0.47,2,0,0,0,0,0,Matches,Brighton and Hove Albion,2024
Diego Gómez,py PAR,MF,22-050,5.0,14,2.78,12,1,0,1,0,0,3,0.6,2,1,0,0,0,0,Matches,Brighton and Hove Albion,2024
James Milner,eng ENG,MF,39-132,1.9,8,4.26,5,2,0,0,1,0,0,0.0,0,0,0,0,0,0,Matches,Brighton and Hove Albion,2024
Julio Enciso,py PAR,"MF,FW",21-113,3.3,12,3.69,5,1,3,1,2,0,0,0.0,0,0,0,0,0,0,Matches,Brighton and Hove Albion,2024
Evan Ferguson,ie IRL,FW,20-209,2.7,4,1.47,3,0,1,0,0,0,0,0.0,0,0,0,0,0,0,Matches,Brighton and Hove Albion,2024
Jason Steele,eng ENG,GK,34-271,2.0,0,0.0,0,0,0,0,0,0,0,0.0,0,0,0,0,0,0,Matches,Brighton and Hove Albion,2024
Solly March,eng ENG,"FW,MF",30-300,1.9,7,3.77,6,1,0,0,0,0,2,1.08,2,0,0,0,0,0,Matches,Brighton and Hove Albion,2024
Billy Gilmour,sct SCO,MF,23-339,1.1,3,2.76,3,0,0,0,0,0,0,0.0,0,0,0,0,0,0,Matches,Brighton and Hove Albion,2024
Eiran Cashin,ie IRL,DF,23-188,0.2,1,4.5,1,0,0,0,0,0,0,0.0,0,0,0,0,0,0,Matches,Brighton and Hove Albion,2024
Jakub Moder,pl POL,MF,26-039,0.1,4,32.73,4,0,0,0,0,0,0,0.0,0,0,0,0,0,0,Matches,Brighton and Hove Albion,2024
Jeremy Sarmiento,ec ECU,MF,22-334,0.1,0,0.0,0,0,0,0,0,0,0,0.0,0,0,0,0,0,0,Matches,Brighton and Hove Albion,2024
Moisés Caicedo,ec ECU,"MF,DF",23-195,35.2,94,2.67,82,0,2,0,3,7,9,0.26,6,0,0,0,2,1,Matches,Chelsea,2024
Cole Palmer,eng ENG,MF,23-010,33.5,194,5.8,128,21,16,20,7,2,15,0.45,11,0,2,1,1,0,Matches,Chelsea,2024
Levi Colwill,eng ENG,DF,22-079,33.0,38,1.15,34,2,0,1,0,1,3,0.09,2,0,0,0,0,1,Matches,Chelsea,2024
Marc Cucurella,es ESP,DF,26-298,31.2,48,1.54,42,3,0,2,1,0,5,0.16,4,1,0,0,0,0,Matches,Chelsea,2024
Enzo Fernández,ar ARG,MF,24-119,30.7,144,4.69,113,16,2,4,4,5,16,0.52,13,2,0,1,0,0,Matches,Chelsea,2024
Robert Sánchez,es ESP,GK,27-179,30.0,7,0.23,6,1,0,0,0,0,2,0.07,1,1,0,0,0,0,Matches,Chelsea,2024
Nicolas Jackson,sn SEN,FW,23-330,24.7,69,2.8,42,0,9,7,9,2,10,0.41,7,0,2,1,0,0,Matches,Chelsea,2024
Noni Madueke,eng ENG,FW,23-067,20.6,77,3.73,55,0,10,7,4,1,8,0.39,5,0,0,1,1,1,Matches,Chelsea,2024
Pedro Neto,pt POR,FW,25-068,23.4,88,3.77,64,8,6,6,4,0,8,0.34,5,1,2,0,0,0,Matches,Chelsea,2024
Malo Gusto,fr FRA,DF,21-362,20.5,58,2.82,57,0,0,1,0,0,4,0.19,4,0,0,0,0,0,Matches,Chelsea,2024
Jadon Sancho,eng ENG,FW,25-052,18.9,68,3.59,61,0,3,1,3,0,10,0.53,9,0,0,0,1,0,Matches,Chelsea,2024
Wesley Fofana,fr FRA,DF,24-150,13.0,15,1.15,12,1,1,1,0,0,0,0.0,0,0,0,0,0,0,Matches,Chelsea,2024
Tosin Adarabioyo,eng ENG,DF,27-234,13.7,12,0.88,7,0,0,5,0,0,1,0.07,0,0,0,1,0,0,Matches,Chelsea,2024
Trevoh Chalobah,eng ENG,DF,25-315,10.1,13,1.29,10,0,0,2,0,1,3,0.3,1,0,0,1,0,1,Matches,Chelsea,2024
Roméo Lavia,be BEL,MF,21-130,8.4,14,1.66,13,0,0,0,0,1,2,0.24,2,0,0,0,0,0,Matches,Chelsea,2024
Reece James,eng ENG,"DF,MF",25-159,9.8,16,1.63,10,5,0,1,0,0,1,0.1,0,0,0,1,0,0,Matches,Chelsea,2024
Christopher Nkunku,fr FRA,FW,27-183,10.2,34,3.32,21,0,5,5,1,2,4,0.39,1,0,1,1,1,0,Matches,Chelsea,2024
Filip Jørgensen,dk DEN,GK,23-030,6.0,1,0.17,1,0,0,0,0,0,0,0.0,0,0,0,0,0,0,Matches,Chelsea,2024
Axel Disasi,fr FRA,DF,27-066,4.0,2,0.49,2,0,0,0,0,0,0,0.0,0,0,0,0,0,0,Matches,Chelsea,2024
João Félix,pt POR,"FW,MF",25-187,4.1,18,4.38,12,0,2,3,1,0,3,0.73,1,0,1,0,1,0,Matches,Chelsea,2024
Benoît Badiashile,fr FRA,DF,24-051,3.7,0,0.0,0,0,0,0,0,0,0,0.0,0,0,0,0,0,0,Matches,Chelsea,2024
Kiernan Dewsbury-Hall,eng ENG,"MF,FW",26-252,2.9,5,1.73,5,0,0,0,0,0,1,0.35,1,0,0,0,0,0,Matches,Chelsea,2024
Joshua Acheampong,eng ENG,DF,19-011,1.9,2,1.06,2,0,0,0,0,0,0,0.0,0,0,0,0,0,0,Matches,Chelsea,2024
Renato Veiga,pt POR,"DF,MF",21-291,2.0,1,0.49,0,0,0,1,0,0,0,0.0,0,0,0,0,0,0,Matches,Chelsea,2024
Mykhailo Mudryk,ua UKR,FW,24-131,1.7,6,3.6,4,1,0,0,1,0,0,0.0,0,0,0,0,0,0,Matches,Chelsea,2024
Tyrique George,eng ENG,FW,19-101,1.1,6,5.24,5,0,1,0,0,0,1,0.87,1,0,0,0,0,0,Matches,Chelsea,2024
Marc Guiu,es ESP,FW,19-132,0.8,1,1.22,1,0,0,0,0,0,0,0.0,0,0,0,0,0,0,Matches,Chelsea,2024
Mathis Amougou,fr FRA,MF,19-118,0.1,0,0.0,0,0,0,0,0,0,0,0.0,0,0,0,0,0,0,Matches,Chelsea,2024
Shumaira Mheuka,eng ENG,MF,17-208,0.0,0,0.0,0,0,0,0,0,0,0,0.0,0,0,0,0,0,0,Matches,Chelsea,2024
Dean Henderson,eng ENG,GK,28-065,36.0,3,0.08,2,1,0,0,0,0,0,0.0,0,0,0,0,0,0,Matches,Crystal Palace,2024
Tyrick Mitchell,eng ENG,DF,25-257,33.4,71,2.13,64,1,0,3,2,1,6,0.18,5,0,0,0,1,0,Matches,Crystal Palace,2024
Daniel Muñoz,co COL,DF,28-355,33.9,83,2.45,67,2,2,6,1,5,10,0.3,8,0,1,1,0,0,Matches,Crystal Palace,2024
Marc Guéhi,eng ENG,DF,24-307,34.0,44,1.29,36,0,0,4,2,2,5,0.15,4,0,0,0,0,1,Matches,Crystal Palace,2024
Maxence Lacroix,fr FRA,DF,25-040,32.6,28,0.86,23,1,0,4,0,0,4,0.12,2,1,0,1,0,0,Matches,Crystal Palace,2024
Jean-Philippe Mateta,fr FRA,FW,27-322,28.6,63,2.2,42,0,5,11,5,0,9,0.31,4,0,3,2,0,0,Matches,Crystal Palace,2024
Eberechi Eze,eng ENG,"MF,FW",26-321,28.0,131,4.68,68,29,11,13,9,1,10,0.36,9,1,0,0,0,0,Matches,Crystal Palace,2024
Ismaila Sarr,sn SEN,MF,27-080,28.4,106,3.73,78,0,6,8,14,0,11,0.39,8,0,1,0,2,0,Matches,Crystal Palace,2024
Jefferson Lerma,co COL,"MF,DF",30-203,23.3,45,1.93,36,5,0,3,0,1,3,0.13,3,0,0,0,0,0,Matches,Crystal Palace,2024
Will Hughes,eng ENG,MF,30-029,22.1,65,2.95,40,17,1,2,5,0,6,0.27,2,3,0,1,0,0,Matches,Crystal Palace,2024
Chris Richards,us USA,DF,25-049,19.4,8,0.41,4,0,0,2,1,1,2,0.1,0,0,0,2,0,0,Matches,Crystal Palace,2024
Adam Wharton,eng ENG,MF,20-348,14.6,59,4.03,45,11,0,2,0,1,6,0.41,4,2,0,0,0,0,Matches,Crystal Palace,2024
Daichi Kamada,jp JPN,MF,28-284,16.2,50,3.09,37,6,1,3,1,2,3,0.19,2,1,0,0,0,0,Matches,Crystal Palace,2024
Trevoh Chalobah,eng ENG,DF,25-315,11.8,11,0.93,10,0,1,0,0,0,0,0.0,0,0,0,0,0,0,Matches,Crystal Palace,2024
Eddie Nketiah,eng ENG,"FW,MF",25-351,10.3,27,2.62,17,0,3,3,4,0,2,0.19,1,0,0,0,1,0,Matches,Crystal Palace,2024
Nathaniel Clyne,eng ENG,"DF,MF",34-041,5.4,3,0.56,3,0,0,0,0,0,0,0.0,0,0,0,0,0,0,Matches,Crystal Palace,2024
Cheick Doucouré,ml MLI,MF,25-128,5.0,9,1.79,5,0,0,2,1,1,3,0.6,1,0,0,1,1,0,Matches,Crystal Palace,2024
Justin Devenny,nir NIR,MF,21-217,4.8,11,2.28,8,2,0,1,0,0,0,0.0,0,0,0,0,0,0,Matches,Crystal Palace,2024
Odsonne Édouard,fr FRA,"MF,FW",27-120,1.3,1,0.78,1,0,0,0,0,0,0,0.0,0,0,0,0,0,0,Matches,Crystal Palace,2024
Joachim Andersen,dk DEN,DF,28-350,1.0,1,1.0,1,0,0,0,0,0,0,0.0,0,0,0,0,0,0,Matches,Crystal Palace,2024
Chadi Riad,ma MAR,DF,21-333,1.0,0,0.0,0,0,0,0,0,0,0,0.0,0,0,0,0,0,0,Matches,Crystal Palace,2024
Ben Chilwell,eng ENG,DF,28-146,1.9,6,3.18,5,0,0,1,0,0,0,0.0,0,0,0,0,0,0,Matches,Crystal Palace,2024
Jeffrey Schlupp,gh GHA,"MF,DF",32-144,1.1,7,6.06,5,0,1,1,0,0,0,0.0,0,0,0,0,0,0,Matches,Crystal Palace,2024
Romain Esse,eng ENG,MF,20-003,0.5,3,5.63,3,0,0,0,0,0,0,0.0,0,0,0,0,0,0,Matches,Crystal Palace,2024
Matheus França,br BRA,"FW,MF",21-045,0.3,1,3.46,0,0,0,1,0,0,0,0.0,0,0,0,0,0,0,Matches,Crystal Palace,2024
Jordan Ayew,gh GHA,"FW,MF",33-247,0.2,1,4.29,1,0,0,0,0,0,0,0.0,0,0,0,0,0,0,Matches,Crystal Palace,2024
Caleb Kporha,eng ENG,DF,18-305,0.1,0,0.0,0,0,0,0,0,0,0,0.0,0,0,0,0,0,0,Matches,Crystal Palace,2024
Asher Agbinone,eng ENG,MF,19-230,0.1,1,15.0,1,0,0,0,0,0,0,0.0,0,0,0,0,0,0,Matches,Crystal Palace,2024
Joel Ward,eng ENG,DF,35-199,0.0,0,0.0,0,0,0,0,0,0,0,0.0,0,0,0,0,0,0,Matches,Crystal Palace,2024
Jordan Pickford,eng ENG,GK,31-070,36.0,12,0.33,11,1,0,0,0,0,2,0.06,2,0,0,0,0,0,Matches,Everton,2024
James Tarkowski,eng ENG,DF,32-178,32.5,38,1.17,32,2,0,4,0,0,4,0.12,4,0,0,0,0,0,Matches,Everton,2024
Vitaliy Mykolenko,ua UKR,DF,25-352,32.2,38,1.18,36,0,1,1,0,0,3,0.09,2,0,0,1,0,0,Matches,Everton,2024
Idrissa Gana Gueye,sn SEN,MF,35-232,32.0,56,1.75,48,0,1,2,3,2,3,0.09,3,0,0,0,0,0,Matches,Everton,2024
Abdoulaye Doucouré,ml MLI,MF,32-135,27.6,56,2.03,50,0,3,2,0,1,3,0.11,2,0,0,0,0,1,Matches,Everton,2024
Jarrad Branthwaite,eng ENG,DF,22-323,27.1,13,0.48,11,1,0,0,1,0,2,0.07,1,1,0,0,0,0,Matches,Everton,2024
Iliman Ndiaye,sn SEN,FW,25-071,25.4,61,2.41,47,0,7,1,6,0,6,0.24,4,0,1,0,1,0,Matches,Everton,2024
Jack Harrison,eng ENG,FW,28-177,21.8,56,2.57,38,8,4,2,4,0,4,0.18,1,0,0,1,2,0,Matches,Everton,2024
Dominic Calvert-Lewin,eng ENG,FW,28-061,17.7,25,1.42,14,0,4,2,3,2,4,0.23,1,0,2,0,1,0,Matches,Everton,2024
Ashley Young,eng ENG,"DF,FW",39-311,19.0,42,2.21,31,7,0,1,2,1,6,0.32,4,0,0,1,0,1,Matches,Everton,2024
James Garner,eng ENG,"MF,DF",24-064,15.7,33,2.1,24,9,0,0,0,0,5,0.32,4,1,0,0,0,0,Matches,Everton,2024
Jake O'Brien,ie IRL,DF,24-001,15.5,16,1.04,14,0,2,0,0,0,0,0.0,0,0,0,0,0,0,Matches,Everton,2024
Jesper Lindstrøm,dk DEN,FW,25-076,13.8,46,3.35,30,7,2,3,3,1,1,0.07,1,0,0,0,0,0,Matches,Everton,2024
Dwight McNeil,eng ENG,"MF,FW",25-175,14.4,64,4.46,35,20,4,2,2,1,8,0.56,4,2,1,0,0,1,Matches,Everton,2024
Orel Mangala,be BEL,MF,27-059,14.0,24,1.72,17,1,2,3,1,0,1,0.07,0,0,0,0,1,0,Matches,Everton,2024
Beto,gw GNB,FW,27-105,15.1,20,1.33,13,0,3,2,2,0,1,0.07,1,0,0,0,0,0,Matches,Everton,2024
Michael Keane,eng ENG,DF,32-125,10.5,6,0.57,6,0,0,0,0,0,0,0.0,0,0,0,0,0,0,Matches,Everton,2024
Carlos Alcaraz,ar ARG,"FW,MF",22-167,7.4,29,3.94,23,1,3,1,1,0,6,0.81,5,0,0,1,0,0,Matches,Everton,2024
Tim Iroegbunam,eng ENG,MF,21-320,6.4,10,1.57,6,0,1,0,1,2,1,0.16,1,0,0,0,0,0,Matches,Everton,2024
Armando Broja,al ALB,FW,23-248,3.7,7,1.89,7,0,0,0,0,0,0,0.0,0,0,0,0,0,0,Matches,Everton,2024
Nathan Patterson,sct SCO,DF,23-212,3.9,11,2.85,8,1,2,0,0,0,1,0.26,1,0,0,0,0,0,Matches,Everton,2024
Séamus Coleman,ie IRL,DF,36-217,2.2,2,0.91,1,0,1,0,0,0,1,0.45,1,0,0,0,0,0,Matches,Everton,2024
Roman Dixon,eng ENG,DF,20-141,1.0,0,0.0,0,0,0,0,0,0,0,0.0,0,0,0,0,0,0,Matches,Everton,2024
Harrison Armstrong,eng ENG,MF,18-117,0.5,1,1.87,1,0,0,0,0,0,0,0.0,0,0,0,0,0,0,Matches,Everton,2024
Youssef Chermiti,pt POR,"FW,MF",20-357,0.5,0,0.0,0,0,0,0,0,0,0,0.0,0,0,0,0,0,0,Matches,Everton,2024
Mason Holgate,eng ENG,"FW,DF",28-206,0.1,0,0.0,0,0,0,0,0,0,0,0.0,0,0,0,0,0,0,Matches,Everton,2024
Bernd Leno,de GER,GK,33-073,36.0,5,0.14,5,0,0,0,0,0,2,0.06,2,0,0,0,0,0,Matches,Fulham,2024
Alex Iwobi,ng NGA,"FW,MF",29-013,32.1,120,3.74,104,0,8,6,2,0,16,0.5,13,0,2,1,0,0,Matches,Fulham,2024
Antonee Robinson,us USA,DF,27-281,33.2,77,2.32,72,1,1,2,0,1,11,0.33,11,0,0,0,0,0,Matches,Fulham,2024
Calvin Bassey,ng NGA,DF,25-136,33.2,23,0.69,19,1,2,0,0,1,3,0.09,2,0,0,0,0,1,Matches,Fulham,2024
Raúl Jiménez,mx MEX,FW,34-011,25.7,61,2.37,44,1,2,9,4,1,6,0.23,3,0,0,1,1,1,Matches,Fulham,2024
Joachim Andersen,dk DEN,DF,28-350,26.7,31,1.17,24,1,0,6,0,0,2,0.08,1,1,0,0,0,0,Matches,Fulham,2024
Saša Lukić,rs SRB,MF,28-276,24.1,50,2.08,32,11,0,5,1,1,3,0.12,2,0,0,1,0,0,Matches,Fulham,2024
Sander Berge,no NOR,MF,27-091,24.2,43,1.78,38,1,1,1,0,2,2,0.08,2,0,0,0,0,0,Matches,Fulham,2024
Andreas Pereira,br BRA,MF,29-135,21.7,103,4.75,53,41,0,4,4,1,8,0.37,4,2,0,0,2,0,Matches,Fulham,2024
Emile Smith Rowe,eng ENG,MF,24-292,21.6,68,3.14,53,0,3,7,2,3,12,0.55,10,0,1,0,0,1,Matches,Fulham,2024
Kenny Tete,nl NED,DF,29-219,17.7,34,1.92,26,0,2,3,2,1,3,0.17,3,0,0,0,0,0,Matches,Fulham,2024
Timothy Castagne,be BEL,DF,29-162,18.3,25,1.36,21,0,1,2,1,0,3,0.16,2,0,0,1,0,0,Matches,Fulham,2024
Adama Traoré,es ESP,"FW,MF",29-111,18.0,77,4.28,62,0,9,4,0,2,9,0.5,8,0,1,0,0,0,Matches,Fulham,2024
Issa Diop,fr FRA,DF,28-127,14.9,6,0.4,5,0,0,1,0,0,0,0.0,0,0,0,0,0,0,Matches,Fulham,2024
Harry Wilson,wls WAL,"FW,MF",28-055,12.0,41,3.43,29,6,0,3,2,1,3,0.25,2,0,0,0,1,0,Matches,Fulham,2024
Rodrigo Muniz,br BRA,FW,24-012,10.7,17,1.59,10,0,2,2,2,1,2,0.19,1,0,1,0,0,0,Matches,Fulham,2024
Ryan Sessegnon,eng ENG,"FW,DF",24-363,6.1,20,3.25,17,0,0,2,1,0,4,0.65,4,0,0,0,0,0,Matches,Fulham,2024
Reiss Nelson,eng ENG,FW,25-157,5.4,31,5.73,21,2,3,4,0,1,1,0.18,1,0,0,0,0,0,Matches,Fulham,2024
Jorge Cuenca,es ESP,DF,25-180,2.9,1,0.35,1,0,0,0,0,0,0,0.0,0,0,0,0,0,0,Matches,Fulham,2024
Tom Cairney,sct SCO,MF,34-116,5.7,28,4.91,25,2,0,0,1,0,3,0.53,3,0,0,0,0,0,Matches,Fulham,2024
Willian,br BRA,"FW,MF",36-280,2.9,17,5.93,11,4,0,2,0,0,0,0.0,0,0,0,0,0,0,Matches,Fulham,2024
Joshua King,eng ENG,MF,18-133,1.0,6,6.14,4,0,1,1,0,0,0,0.0,0,0,0,0,0,0,Matches,Fulham,2024
Harrison Reed,eng ENG,MF,30-109,1.2,1,0.89,0,1,0,0,0,0,0,0.0,0,0,0,0,0,0,Matches,Fulham,2024
Martial Godo,eng ENG,"FW,DF",22-063,0.3,1,3.91,1,0,0,0,0,0,0,0.0,0,0,0,0,0,0,Matches,Fulham,2024
Carlos Vinícius,br BRA,"MF,FW",30-052,0.2,2,11.25,0,0,1,0,1,0,0,0.0,0,0,0,0,0,0,Matches,Fulham,2024
Jay Stansfield,eng ENG,MF,22-173,0.0,0,0.0,0,0,0,0,0,0,0,0.0,0,0,0,0,0,0,Matches,Fulham,2024
Dara O'Shea,ie IRL,DF,26-073,32.7,22,0.67,18,0,0,1,2,1,4,0.12,4,0,0,0,0,0,Matches,Ipswich Town,2024
Liam Delap,eng ENG,FW,22-097,28.4,62,2.19,28,0,12,7,13,2,7,0.25,3,0,2,0,2,0,Matches,Ipswich Town,2024
Leif Davis,eng ENG,DF,25-124,28.5,85,2.98,42,36,3,2,1,1,4,0.14,3,0,1,0,0,0,Matches,Ipswich Town,2024
Sam Morsy,eg EGY,MF,33-248,28.6,44,1.54,39,4,0,0,1,0,2,0.07,2,0,0,0,0,0,Matches,Ipswich Town,2024
Omari Hutchinson,eng ENG,"MF,FW",21-198,26.7,72,2.7,53,0,8,5,4,2,6,0.22,6,0,0,0,0,0,Matches,Ipswich Town,2024
Jacob Greaves,eng ENG,DF,24-246,22.5,15,0.67,13,1,0,1,0,0,0,0.0,0,0,0,0,0,0,Matches,Ipswich Town,2024
Jens Cajuste,se SWE,MF,25-279,20.1,30,1.49,23,2,4,0,0,1,1,0.05,0,0,1,0,0,0,Matches,Ipswich Town,2024
Arijanet Muric,xk KVX,GK,26-190,18.0,1,0.06,0,1,0,0,0,0,0,0.0,0,0,0,0,0,0,Matches,Ipswich Town,2024
Axel Tuanzebe,cd COD,DF,27-183,17.0,14,0.82,12,1,0,0,1,0,2,0.12,2,0,0,0,0,0,Matches,Ipswich Town,2024
Cameron Burgess,au AUS,DF,29-207,17.1,14,0.82,14,0,0,0,0,0,3,0.18,3,0,0,0,0,0,Matches,Ipswich Town,2024
Ben Johnson,eng ENG,"DF,FW",25-112,15.0,24,1.6,12,9,0,1,2,0,5,0.33,4,0,0,1,0,0,Matches,Ipswich Town,2024
Kalvin Phillips,eng ENG,MF,29-165,13.7,17,1.24,13,3,0,1,0,0,3,0.22,3,0,0,0,0,0,Matches,Ipswich Town,2024
Sammie Szmodics,ie IRL,"FW,MF",29-234,10.9,9,0.83,7,0,1,1,0,0,0,0.0,0,0,0,0,0,0,Matches,Ipswich Town,2024
Luke Woolfenden,eng ENG,DF,26-207,13.2,2,0.15,2,0,0,0,0,0,0,0.0,0,0,0,0,0,0,Matches,Ipswich Town,2024
Alex Palmer,eng ENG,GK,28-279,12.0,2,0.17,2,0,0,0,0,0,0,0.0,0,0,0,0,0,0,Matches,Ipswich Town,2024
Wes Burns,wls WAL,"FW,DF",30-174,10.3,16,1.55,12,0,1,1,2,0,1,0.1,1,0,0,0,0,0,Matches,Ipswich Town,2024
Jack Clarke,eng ENG,"FW,MF",24-174,12.1,43,3.55,37,2,2,0,0,2,5,0.41,4,1,0,0,0,0,Matches,Ipswich Town,2024
Julio Enciso,py PAR,"FW,MF",21-113,8.9,26,2.93,14,4,5,2,0,1,4,0.45,2,1,1,0,0,0,Matches,Ipswich Town,2024
Conor Chaplin,eng ENG,"MF,FW",28-089,8.5,21,2.47,19,2,0,0,0,0,1,0.12,1,0,0,0,0,0,Matches,Ipswich Town,2024
Nathan Broadhead,wls WAL,"MF,FW",27-041,6.7,19,2.83,14,0,5,0,0,0,2,0.3,1,0,1,0,0,0,Matches,Ipswich Town,2024
Christian Walton,eng ENG,GK,29-188,6.0,2,0.33,1,1,0,0,0,0,0,0.0,0,0,0,0,0,0,Matches,Ipswich Town,2024
Jaden Philogene Bidace,eng ENG,"FW,DF",23-097,5.3,9,1.71,6,0,1,1,1,0,0,0.0,0,0,0,0,0,0,Matches,Ipswich Town,2024
Jack Taylor,ie IRL,MF,26-327,9.2,21,2.29,14,1,2,2,0,2,2,0.22,2,0,0,0,0,0,Matches,Ipswich Town,2024
Harry Clarke,eng ENG,DF,24-075,4.2,1,0.24,1,0,0,0,0,0,0,0.0,0,0,0,0,0,0,Matches,Ipswich Town,2024
George Hirst,sct SCO,FW,26-090,5.8,8,1.37,7,0,0,1,0,0,3,0.51,2,0,0,1,0,0,Matches,Ipswich Town,2024
Conor Townsend,eng ENG,DF,32-073,3.7,5,1.34,4,1,0,0,0,0,1,0.27,1,0,0,0,0,0,Matches,Ipswich Town,2024
Chiedozie Ogbene,ie IRL,FW,28-015,2.6,3,1.13,2,0,0,0,1,0,0,0.0,0,0,0,0,0,0,Matches,Ipswich Town,2024
Massimo Luongo,au AUS,MF,32-233,2.2,0,0.0,0,0,0,0,0,0,0,0.0,0,0,0,0,0,0,Matches,Ipswich Town,2024
Ben Godfrey,eng ENG,DF,27-121,1.8,1,0.57,1,0,0,0,0,0,0,0.0,0,0,0,0,0,0,Matches,Ipswich Town,2024
Ali Al Hamadi,iq IRQ,FW,23-076,1.5,8,5.37,4,0,3,0,1,0,0,0.0,0,0,0,0,0,0,Matches,Ipswich Town,2024
Marcus Harness,eng ENG,MF,29-081,0.5,2,4.0,2,0,0,0,0,0,0,0.0,0,0,0,0,0,0,Matches,Ipswich Town,2024
George Edmundson,eng ENG,DF,27-258,0.0,0,0.0,0,0,0,0,0,0,0,0.0,0,0,0,0,0,0,Matches,Ipswich Town,2024
Jamie Vardy,eng ENG,FW,38-125,30.5,46,1.51,33,0,5,2,6,0,10,0.33,5,0,2,1,2,0,Matches,Leicester City,2024
James Justin,eng ENG,DF,27-082,30.7,32,1.04,20,2,1,4,5,0,1,0.03,1,0,0,0,0,0,Matches,Leicester City,2024
Wout Faes,be BEL,DF,27-043,29.3,17,0.58,15,0,0,1,0,1,0,0.0,0,0,0,0,0,0,Matches,Leicester City,2024
Victor Bernth Kristiansen,dk DEN,DF,22-151,26.6,41,1.54,32,6,1,0,2,0,3,0.11,3,0,0,0,0,0,Matches,Leicester City,2024
Mads Hermansen,dk DEN,GK,24-309,26.5,3,0.11,3,0,0,0,0,0,0,0.0,0,0,0,0,0,0,Matches,Leicester City,2024
Wilfred Ndidi,ng NGA,MF,28-151,24.9,29,1.17,27,0,1,1,0,0,3,0.12,3,0,0,0,0,0,Matches,Leicester City,2024
Bilal El Khannouss,ma MAR,MF,21-006,23.2,71,3.06,49,8,7,4,3,0,6,0.26,4,1,0,1,0,0,Matches,Leicester City,2024
Boubakary Soumaré,fr FRA,MF,26-078,22.1,35,1.58,27,0,5,1,2,0,3,0.14,3,0,0,0,0,0,Matches,Leicester City,2024
Harry Winks,eng ENG,MF,29-103,17.1,39,2.28,29,7,1,1,1,0,3,0.18,2,1,0,0,0,0,Matches,Leicester City,2024
Conor Coady,eng ENG,DF,32-080,17.0,6,0.35,6,0,0,0,0,0,0,0.0,0,0,0,0,0,0,Matches,Leicester City,2024
Jordan Ayew,gh GHA,"FW,MF",33-247,16.5,36,2.18,22,8,2,3,0,1,2,0.12,1,0,0,1,0,0,Matches,Leicester City,2024
Stephy Mavididi,eng ENG,FW,26-350,17.9,50,2.78,39,2,4,2,2,1,7,0.39,6,0,1,0,0,0,Matches,Leicester City,2024
Jannik Vestergaard,dk DEN,DF,32-286,15.5,7,0.45,6,0,0,0,0,1,0,0.0,0,0,0,0,0,0,Matches,Leicester City,2024
Facundo Buonanotte,ar ARG,"FW,MF",20-144,16.7,51,3.05,27,11,9,1,3,0,5,0.3,1,2,2,0,0,0,Matches,Leicester City,2024
Caleb Okoli,it ITA,DF,23-307,12.5,4,0.32,4,0,0,0,0,0,0,0.0,0,0,0,0,0,0,Matches,Leicester City,2024
Luke Thomas,eng ENG,DF,23-340,10.5,14,1.33,10,3,0,0,0,1,1,0.09,1,0,0,0,0,0,Matches,Leicester City,2024
Oliver Skipp,eng ENG,MF,24-242,11.7,15,1.28,13,1,0,0,1,0,0,0.0,0,0,0,0,0,0,Matches,Leicester City,2024
Bobby De Cordova-Reid,jm JAM,FW,32-103,8.3,13,1.57,8,0,0,3,2,0,3,0.36,1,0,0,1,1,0,Matches,Leicester City,2024
Jakub Stolarczyk,pl POL,GK,24-148,8.0,0,0.0,0,0,0,0,0,0,0,0.0,0,0,0,0,0,0,Matches,Leicester City,2024
Kasey McAteer,ie IRL,"FW,MF",23-175,7.6,20,2.62,18,0,0,0,2,0,2,0.26,1,0,0,0,1,0,Matches,Leicester City,2024
Abdul Fatawu Issahaku,gh GHA,FW,21-069,6.4,17,2.64,10,0,2,1,4,0,3,0.47,2,0,0,1,0,0,Matches,Leicester City,2024
Patson Daka,zm ZAM,"FW,MF",26-219,7.3,10,1.38,7,0,2,1,0,0,1,0.14,0,0,1,0,0,0,Matches,Leicester City,2024
Ricardo Pereira,pt POR,DF,31-222,3.8,3,0.79,3,0,0,0,0,0,0,0.0,0,0,0,0,0,0,Matches,Leicester City,2024
Danny Ward,wls WAL,GK,31-328,1.5,0,0.0,0,0,0,0,0,0,0,0.0,0,0,0,0,0,0,Matches,Leicester City,2024
Hamza Choudhury,bd BAN,"MF,DF",27-227,1.5,3,2.05,2,0,1,0,0,0,0,0.0,0,0,0,0,0,0,Matches,Leicester City,2024
Woyo Coulibaly,fr FRA,DF,25-361,1.2,0,0.0,0,0,0,0,0,0,0,0.0,0,0,0,0,0,0,Matches,Leicester City,2024
Jeremy Monga,,"FW,MF",,0.7,1,1.36,1,0,0,0,0,0,0,0.0,0,0,0,0,0,0,Matches,Leicester City,2024
Odsonne Édouard,fr FRA,FW,27-120,0.3,2,6.21,2,0,0,0,0,0,0,0.0,0,0,0,0,0,0,Matches,Leicester City,2024
Jake Evans,,FW,,0.1,0,0.0,0,0,0,0,0,0,0,0.0,0,0,0,0,0,0,Matches,Leicester City,2024
Will Alves,eng ENG,FW,20-102,0.0,0,0.0,0,0,0,0,0,0,0,0.0,0,0,0,0,0,0,Matches,Leicester City,2024
Michael Golding,eng ENG,MF,18-358,0.0,0,0.0,0,0,0,0,0,0,0,0.0,0,0,0,0,0,0,Matches,Leicester City,2024
Virgil van Dijk,nl NED,DF,33-312,36.0,48,1.33,41,0,1,3,1,2,4,0.11,4,0,0,0,0,0,Matches,Liverpool,2024
Mohamed Salah,eg EGY,FW,32-335,35.5,161,4.54,118,2,20,14,5,2,27,0.76,20,0,5,2,0,0,Matches,Liverpool,2024
Ryan Gravenberch,nl NED,MF,23-000,33.4,65,1.95,57,0,5,2,0,1,6,0.18,6,0,0,0,0,0,Matches,Liverpool,2024
Alexis Mac Allister,ar ARG,MF,26-143,28.9,120,4.15,83,24,2,6,2,3,15,0.52,10,3,0,2,0,0,Matches,Liverpool,2024
Ibrahima Konaté,fr FRA,DF,25-356,26.8,31,1.16,26,0,0,4,0,1,7,0.26,6,0,0,0,0,1,Matches,Liverpool,2024
Andrew Robertson,sct SCO,DF,31-066,26.6,78,2.93,66,9,1,1,0,1,4,0.15,4,0,0,0,0,0,Matches,Liverpool,2024
Trent Alexander-Arnold,eng ENG,DF,26-221,25.8,95,3.68,73,14,4,4,0,0,10,0.39,9,1,0,0,0,0,Matches,Liverpool,2024
Dominik Szoboszlai,hu HUN,MF,24-203,26.3,112,4.26,85,6,4,13,3,1,15,0.57,12,0,0,3,0,0,Matches,Liverpool,2024
Luis Díaz,co COL,FW,28-123,25.6,117,4.57,88,0,16,9,4,0,16,0.63,13,0,1,0,2,0,Matches,Liverpool,2024
Alisson,br BRA,GK,32-226,25.9,6,0.23,6,0,0,0,0,0,1,0.04,1,0,0,0,0,0,Matches,Liverpool,2024
Cody Gakpo,nl NED,FW,26-009,19.8,72,3.64,53,0,8,5,4,2,7,0.35,3,0,3,0,1,0,Matches,Liverpool,2024
Curtis Jones,eng ENG,"MF,DF",24-106,17.7,47,2.65,41,1,0,3,2,0,8,0.45,5,1,0,1,1,0,Matches,Liverpool,2024
Diogo Jota,pt POR,FW,28-163,13.0,35,2.7,22,0,6,5,1,1,9,0.7,5,0,2,1,1,0,Matches,Liverpool,2024
Caoimhín Kelleher,ie IRL,GK,26-174,10.0,3,0.3,3,0,0,0,0,0,1,0.1,1,0,0,0,0,0,Matches,Liverpool,2024
Darwin Núñez,uy URU,FW,25-326,11.9,29,2.42,19,0,4,1,2,3,4,0.33,3,0,0,0,1,0,Matches,Liverpool,2024
Kostas Tsimikas,gr GRE,DF,29-004,8.3,28,3.37,18,9,0,0,1,0,2,0.24,1,1,0,0,0,0,Matches,Liverpool,2024
Joe Gomez,eng ENG,DF,27-358,5.8,5,0.87,5,0,0,0,0,0,1,0.17,1,0,0,0,0,0,Matches,Liverpool,2024
Conor Bradley,nir NIR,DF,21-311,7.0,16,2.28,11,0,4,0,1,0,2,0.28,2,0,0,0,0,0,Matches,Liverpool,2024
Jarell Quansah,eng ENG,DF,22-107,4.5,2,0.44,2,0,0,0,0,0,0,0.0,0,0,0,0,0,0,Matches,Liverpool,2024
Harvey Elliott,eng ENG,"MF,FW",22-042,3.1,15,4.91,11,3,1,0,0,0,2,0.65,2,0,0,0,0,0,Matches,Liverpool,2024
Wataru Endo,jp JPN,MF,32-096,2.6,6,2.26,6,0,0,0,0,0,0,0.0,0,0,0,0,0,0,Matches,Liverpool,2024
Federico Chiesa,it ITA,FW,27-203,0.5,3,5.87,3,0,0,0,0,0,1,1.96,1,0,0,0,0,0,Matches,Liverpool,2024
Vitezslav Jaros,cz CZE,GK,23-297,0.1,0,0.0,0,0,0,0,0,0,0,0.0,0,0,0,0,0,0,Matches,Liverpool,2024
Jayden Danns,eng ENG,MF,19-120,0.1,0,0.0,0,0,0,0,0,0,0,0.0,0,0,0,0,0,0,Matches,Liverpool,2024
Joško Gvardiol,hr CRO,DF,23-113,34.4,72,2.09,66,1,2,3,0,0,7,0.2,6,0,1,0,0,0,Matches,Manchester City,2024
Erling Haaland,no NOR,FW,24-299,28.6,65,2.28,46,0,8,10,1,0,9,0.32,6,0,2,1,0,0,Matches,Manchester City,2024
Bernardo Silva,pt POR,"MF,FW",30-279,27.7,86,3.11,76,2,4,1,3,0,8,0.29,8,0,0,0,0,0,Matches,Manchester City,2024
Ederson,br BRA,GK,31-272,23.8,6,0.25,6,0,0,0,0,0,4,0.17,4,0,0,0,0,0,Matches,Manchester City,2024
Mateo Kovačić,hr CRO,MF,31-010,23.7,69,2.91,55,0,4,5,4,1,6,0.25,4,0,1,1,0,0,Matches,Manchester City,2024
Rúben Dias,pt POR,DF,28-002,23.2,25,1.08,16,0,0,7,0,2,1,0.04,1,0,0,0,0,0,Matches,Manchester City,2024
İlkay Gündoğan,de GER,MF,34-204,22.8,74,3.25,58,8,4,4,0,0,11,0.48,9,1,0,1,0,0,Matches,Manchester City,2024
Rico Lewis,eng ENG,"DF,MF",20-176,21.0,31,1.47,30,0,0,0,1,0,3,0.14,3,0,0,0,0,0,Matches,Manchester City,2024
Manuel Akanji,ch SUI,DF,29-301,20.4,36,1.77,36,0,0,0,0,0,2,0.1,2,0,0,0,0,0,Matches,Manchester City,2024
Sávio,br BRA,"FW,MF",21-036,19.4,111,5.71,80,2,15,4,7,3,15,0.77,10,0,2,1,1,1,Matches,Manchester City,2024
Phil Foden,eng ENG,"MF,FW",24-353,19.6,88,4.48,58,18,3,6,3,0,9,0.46,5,1,0,3,0,0,Matches,Manchester City,2024
Kevin De Bruyne,be BEL,"MF,FW",33-322,18.1,111,6.13,71,26,3,6,3,2,11,0.61,9,1,0,1,0,0,Matches,Manchester City,2024
Matheus Nunes,pt POR,"DF,MF",26-262,16.6,39,2.35,32,1,2,2,2,0,6,0.36,4,0,1,1,0,0,Matches,Manchester City,2024
Jeremy Doku,be BEL,"FW,MF",22-354,16.0,74,4.62,56,1,13,1,2,1,13,0.81,10,0,3,0,0,0,Matches,Manchester City,2024
Stefan Ortega,de GER,GK,32-191,12.2,0,0.0,0,0,0,0,0,0,0,0.0,0,0,0,0,0,0,Matches,Manchester City,2024
Omar Marmoush,eg EGY,"FW,MF",26-098,11.2,33,2.96,18,3,1,4,7,0,1,0.09,0,0,0,0,1,0,Matches,Manchester City,2024
Kyle Walker,eng ENG,DF,34-353,10.8,17,1.58,17,0,0,0,0,0,0,0.0,0,0,0,0,0,0,Matches,Manchester City,2024
Nathan Aké,nl NED,DF,30-087,7.5,8,1.06,8,0,0,0,0,0,0,0.0,0,0,0,0,0,0,Matches,Manchester City,2024
Nicolás González,es ESP,MF,23-133,7.2,15,2.08,13,0,0,1,1,0,3,0.42,2,0,0,0,1,0,Matches,Manchester City,2024
Jack Grealish,eng ENG,"FW,MF",29-248,8.0,47,5.87,41,1,3,0,1,1,2,0.25,1,0,0,0,0,1,Matches,Manchester City,2024
John Stones,eng ENG,"DF,MF",30-353,6.1,8,1.31,8,0,0,0,0,0,2,0.33,2,0,0,0,0,0,Matches,Manchester City,2024
Nico O’Reilly,eng ENG,DF,20-056,5.9,12,2.05,9,1,1,0,1,0,2,0.34,2,0,0,0,0,0,Matches,Manchester City,2024
Abdukodir Khusanov,uz UZB,DF,21-076,5.6,5,0.89,5,0,0,0,0,0,0,0.0,0,0,0,0,0,0,Matches,Manchester City,2024
James Mcatee,eng ENG,"MF,FW",22-210,3.9,4,1.03,3,0,1,0,0,0,1,0.26,0,0,1,0,0,0,Matches,Manchester City,2024
Jahmai Simpson-Pusey,eng ENG,DF,19-193,1.1,0,0.0,0,0,0,0,0,0,0,0.0,0,0,0,0,0,0,Matches,Manchester City,2024
Rodri,es ESP,MF,28-328,0.7,2,2.77,2,0,0,0,0,0,0,0.0,0,0,0,0,0,0,Matches,Manchester City,2024
Divin Mubama,eng ENG,FW,20-203,0.3,0,0.0,0,0,0,0,0,0,0,0.0,0,0,0,0,0,0,Matches,Manchester City,2024
Oscar Bobb,no NOR,FW,21-308,0.2,2,12.0,1,0,1,0,0,0,0,0.0,0,0,0,0,0,0,Matches,Manchester City,2024
Vitor Reis,br BRA,DF,19-124,0.0,0,0.0,0,0,0,0,0,0,0,0.0,0,0,0,0,0,0,Matches,Manchester City,2024
André Onana,cm CMR,GK,29-044,33.0,4,0.12,3,1,0,0,0,0,0,0.0,0,0,0,0,0,0,Matches,Manchester United,2024
Bruno Fernandes,pt POR,MF,30-250,31.6,180,5.69,126,35,5,6,6,2,12,0.38,9,2,0,1,0,0,Matches,Manchester United,2024
Noussair Mazraoui,ma MAR,DF,27-183,30.3,52,1.72,42,2,1,2,3,2,1,0.03,1,0,0,0,0,0,Matches,Manchester United,2024
Diogo Dalot,pt POR,DF,26-059,31.0,74,2.39,57,5,7,4,0,1,5,0.16,3,0,1,1,0,0,Matches,Manchester United,2024
Matthijs de Ligt,nl NED,DF,25-277,23.6,14,0.59,12,0,0,2,0,0,1,0.04,1,0,0,0,0,0,Matches,Manchester United,2024
Alejandro Garnacho,ar ARG,"MF,FW",20-319,24.2,83,3.43,64,1,3,9,6,0,6,0.25,4,0,0,1,1,0,Matches,Manchester United,2024
Manuel Ugarte Ribeiro,uy URU,MF,24-035,19.6,31,1.58,24,0,0,2,2,3,4,0.2,3,0,0,1,0,0,Matches,Manchester United,2024
Rasmus Højlund,dk DEN,FW,22-101,20.4,33,1.62,21,0,3,5,4,0,1,0.05,0,0,0,0,1,0,Matches,Manchester United,2024
Lisandro Martínez,ar ARG,DF,27-118,19.5,26,1.34,23,0,0,2,0,1,2,0.1,2,0,0,0,0,0,Matches,Manchester United,2024
Kobbie Mainoo,eng ENG,MF,20-027,17.7,31,1.75,26,0,4,0,1,0,2,0.11,2,0,0,0,0,0,Matches,Manchester United,2024
Amad Diallo,ci CIV,"FW,MF",22-309,19.1,89,4.65,60,9,8,3,5,4,17,0.89,7,0,4,1,1,4,Matches,Manchester United,2024
Harry Maguire,eng ENG,DF,32-072,17.5,18,1.03,12,1,0,5,0,0,0,0.0,0,0,0,0,0,0,Matches,Manchester United,2024
Casemiro,br BRA,MF,33-082,14.8,49,3.31,45,1,0,3,0,0,3,0.2,3,0,0,0,0,0,Matches,Manchester United,2024
Joshua Zirkzee,nl NED,"FW,MF",23-359,15.6,31,1.99,28,0,0,2,1,0,3,0.19,1,0,0,1,1,0,Matches,Manchester United,2024
Leny Yoro,fr FRA,DF,19-184,12.9,9,0.7,6,0,0,2,0,1,0,0.0,0,0,0,0,0,0,Matches,Manchester United,2024
Marcus Rashford,eng ENG,"FW,MF",27-197,10.9,29,2.67,24,1,2,2,0,0,1,0.09,1,0,0,0,0,0,Matches,Manchester United,2024
Christian Eriksen,dk DEN,MF,33-091,11.5,52,4.51,35,14,0,3,0,0,7,0.61,5,2,0,0,0,0,Matches,Manchester United,2024
Patrick Dorgu,dk DEN,DF,20-202,7.4,15,2.04,12,0,0,0,2,1,1,0.14,0,0,0,0,1,0,Matches,Manchester United,2024
Mason Mount,eng ENG,MF,26-126,5.4,17,3.14,11,2,0,3,1,0,0,0.0,0,0,0,0,0,0,Matches,Manchester United,2024
Victor Lindelöf,se SWE,DF,30-303,5.8,4,0.69,4,0,0,0,0,0,0,0.0,0,0,0,0,0,0,Matches,Manchester United,2024
Harry Amass,eng ENG,DF,18-061,3.8,8,2.08,7,0,0,1,0,0,0,0.0,0,0,0,0,0,0,Matches,Manchester United,2024
Jonny Evans,nir NIR,DF,37-133,3.2,2,0.62,2,0,0,0,0,0,0,0.0,0,0,0,0,0,0,Matches,Manchester United,2024
Altay Bayındır,tr TUR,GK,27-032,3.0,0,0.0,0,0,0,0,0,0,0,0.0,0,0,0,0,0,0,Matches,Manchester United,2024
Luke Shaw,eng ENG,DF,29-308,3.0,10,3.35,8,2,0,0,0,0,0,0.0,0,0,0,0,0,0,Matches,Manchester United,2024
Tyler Fredricson,eng ENG,DF,20-082,1.8,3,1.63,3,0,0,0,0,0,0,0.0,0,0,0,0,0,0,Matches,Manchester United,2024
Tyrell Malacia,nl NED,DF,25-272,1.1,2,1.8,1,0,0,0,1,0,0,0.0,0,0,0,0,0,0,Matches,Manchester United,2024
Chidozie Obi-Martin,dk DEN,FW,17-168,1.7,2,1.16,0,0,1,1,0,0,0,0.0,0,0,0,0,0,0,Matches,Manchester United,2024
Ayden Heaven,eng ENG,DF,18-236,1.1,2,1.89,0,0,1,0,1,0,0,0.0,0,0,0,0,0,0,Matches,Manchester United,2024
Toby Collyer,eng ENG,MF,21-133,2.0,5,2.5,4,0,0,1,0,0,0,0.0,0,0,0,0,0,0,Matches,Manchester United,2024
Antony,br BRA,"DF,MF",25-081,1.6,8,5.11,6,0,1,0,1,0,0,0.0,0,0,0,0,0,0,Matches,Manchester United,2024
Scott McTominay,sct SCO,MF,28-159,0.2,1,4.74,0,0,0,1,0,0,0,0.0,0,0,0,0,0,0,Matches,Manchester United,2024
Bruno Guimarães,br BRA,MF,27-181,34.3,125,3.64,112,3,3,0,4,3,18,0.52,17,1,0,0,0,0,Matches,Newcastle United,2024
Dan Burn,eng ENG,DF,33-007,35.0,22,0.63,17,1,0,3,1,0,4,0.11,3,1,0,0,0,0,Matches,Newcastle United,2024
Alexander Isak,se SWE,FW,25-237,29.6,91,3.07,70,1,8,8,2,2,14,0.47,11,0,1,0,1,1,Matches,Newcastle United,2024
Fabian Schär,ch SUI,DF,33-147,30.6,33,1.08,24,1,1,2,2,3,4,0.13,2,0,0,2,0,0,Matches,Newcastle United,2024
Valentino Livramento,eng ENG,DF,22-185,29.6,41,1.39,39,0,0,1,1,0,2,0.07,2,0,0,0,0,0,Matches,Newcastle United,2024
Joelinton,br BRA,"MF,FW",28-275,26.6,61,2.29,46,2,1,5,1,6,9,0.34,7,0,0,1,0,1,Matches,Newcastle United,2024
Jacob Murphy,eng ENG,FW,30-081,24.8,80,3.23,64,4,4,3,3,2,15,0.61,14,0,0,0,1,0,Matches,Newcastle United,2024
Sandro Tonali,it ITA,MF,25-008,27.2,68,2.5,48,4,3,5,5,3,9,0.33,8,1,0,0,0,0,Matches,Newcastle United,2024
Nick Pope,eng ENG,GK,33-027,26.0,6,0.23,6,0,0,0,0,0,0,0.0,0,0,0,0,0,0,Matches,Newcastle United,2024
Anthony Gordon,eng ENG,FW,24-081,25.5,99,3.88,71,10,7,3,8,0,12,0.47,9,1,1,0,1,0,Matches,Newcastle United,2024
Lewis Hall,eng ENG,DF,20-250,24.3,63,2.59,44,18,0,0,1,0,6,0.25,5,1,0,0,0,0,Matches,Newcastle United,2024
Harvey Barnes,eng ENG,FW,27-158,17.7,61,3.44,43,1,7,5,5,0,9,0.51,6,0,1,1,1,0,Matches,Newcastle United,2024
Kieran Trippier,eng ENG,DF,34-239,14.2,50,3.51,30,18,0,2,0,0,6,0.42,4,2,0,0,0,0,Matches,Newcastle United,2024
Joe Willock,eng ENG,"MF,FW",25-269,11.4,44,3.86,35,0,3,3,1,2,4,0.35,4,0,0,0,0,0,Matches,Newcastle United,2024
Martin Dúbravka,sk SVK,GK,36-121,10.0,0,0.0,0,0,0,0,0,0,0,0.0,0,0,0,0,0,0,Matches,Newcastle United,2024
Sean Longstaff,eng ENG,MF,27-198,8.9,14,1.58,12,0,1,1,0,0,2,0.23,1,0,0,1,0,0,Matches,Newcastle United,2024
Lloyd Kelly,eng ENG,DF,26-222,3.4,2,0.59,2,0,0,0,0,0,1,0.3,1,0,0,0,0,0,Matches,Newcastle United,2024
Sven Botman,nl NED,DF,25-124,3.2,1,0.31,1,0,0,0,0,0,0,0.0,0,0,0,0,0,0,Matches,Newcastle United,2024
Emil Krafth,se SWE,DF,30-287,3.5,3,0.86,2,0,0,1,0,0,0,0.0,0,0,0,0,0,0,Matches,Newcastle United,2024
Callum Wilson,eng ENG,FW,33-078,3.2,6,1.89,3,0,0,1,1,1,0,0.0,0,0,0,0,0,0,Matches,Newcastle United,2024
Lewis Miley,eng ENG,MF,19-015,3.2,3,0.94,2,0,0,0,0,1,0,0.0,0,0,0,0,0,0,Matches,Newcastle United,2024
Miguel Almirón,py PAR,FW,31-095,1.7,8,4.59,6,0,1,1,0,0,0,0.0,0,0,0,0,0,0,Matches,Newcastle United,2024
William Osula,dk DEN,FW,21-285,1.2,2,1.73,1,0,0,0,0,1,0,0.0,0,0,0,0,0,0,Matches,Newcastle United,2024
Matt Targett,eng ENG,DF,29-240,0.2,0,0.0,0,0,0,0,0,0,0,0.0,0,0,0,0,0,0,Matches,Newcastle United,2024
Matz Sels,be BEL,GK,33-079,36.0,5,0.14,2,3,0,0,0,0,0,0.0,0,0,0,0,0,0,Matches,Nottingham Forest,2024
Nikola Milenković,rs SRB,DF,27-216,35.0,19,0.54,15,0,0,3,0,1,3,0.09,3,0,0,0,0,0,Matches,Nottingham Forest,2024
Murillo,br BRA,DF,22-316,33.4,40,1.2,27,7,0,3,1,2,2,0.06,1,1,0,0,0,0,Matches,Nottingham Forest,2024
Ola Aina,ng NGA,DF,28-220,31.4,61,1.94,48,5,3,1,3,1,4,0.13,3,0,0,0,0,1,Matches,Nottingham Forest,2024
Chris Wood,nz NZL,FW,33-160,30.9,42,1.36,34,0,2,4,0,2,5,0.16,4,0,0,0,0,1,Matches,Nottingham Forest,2024
Morgan Gibbs-White,eng ENG,MF,25-109,29.2,108,3.69,90,0,3,7,4,4,18,0.62,13,0,0,4,1,0,Matches,Nottingham Forest,2024
Elliot Anderson,eng ENG,MF,22-191,28.4,81,2.85,40,18,7,7,4,5,10,0.35,4,3,0,1,1,1,Matches,Nottingham Forest,2024
Anthony Elanga,se SWE,"FW,MF",23-019,25.8,95,3.69,53,21,5,7,9,0,16,0.62,10,3,1,0,2,0,Matches,Nottingham Forest,2024
Neco Williams,wls WAL,DF,24-033,26.8,48,1.79,35,5,0,5,3,0,6,0.22,4,1,0,1,0,0,Matches,Nottingham Forest,2024
Callum Hudson-Odoi,eng ENG,"FW,MF",24-190,23.9,94,3.93,74,3,10,3,4,0,11,0.46,7,0,2,0,2,0,Matches,Nottingham Forest,2024
Nicolás Domínguez,ar ARG,"MF,FW",26-322,20.1,36,1.8,27,1,0,3,3,2,0,0.0,0,0,0,0,0,0,Matches,Nottingham Forest,2024
Ryan Yates,eng ENG,MF,27-176,21.0,38,1.81,26,1,1,6,2,2,3,0.14,2,0,0,1,0,0,Matches,Nottingham Forest,2024
Álex Moreno,es ESP,"DF,MF",31-342,10.6,16,1.51,15,1,0,0,0,0,2,0.19,2,0,0,0,0,0,Matches,Nottingham Forest,2024
Morato,br BRA,DF,23-320,10.0,3,0.3,3,0,0,0,0,0,0,0.0,0,0,0,0,0,0,Matches,Nottingham Forest,2024
Jota Silva,pt POR,"FW,MF",25-288,9.4,29,3.09,22,0,1,3,3,0,3,0.32,2,0,0,0,1,0,Matches,Nottingham Forest,2024
Ibrahim Sangaré,ci CIV,MF,27-165,5.0,7,1.39,6,0,0,1,0,0,0,0.0,0,0,0,0,0,0,Matches,Nottingham Forest,2024
James Ward-Prowse,eng ENG,MF,30-196,4.4,10,2.25,6,4,0,0,0,0,2,0.45,1,1,0,0,0,0,Matches,Nottingham Forest,2024
Danilo,br BRA,"MF,FW",24-017,3.0,7,2.37,7,0,0,0,0,0,2,0.68,2,0,0,0,0,0,Matches,Nottingham Forest,2024
Taiwo Awoniyi,ng NGA,FW,27-277,4.6,9,1.95,5,0,1,2,1,0,1,0.22,0,0,0,1,0,0,Matches,Nottingham Forest,2024
Ramón Sosa,py PAR,"FW,MF",25-258,3.3,14,4.23,11,0,2,1,0,0,0,0.0,0,0,0,0,0,0,Matches,Nottingham Forest,2024
Willy Boly,ci CIV,DF,34-102,1.7,0,0.0,0,0,0,0,0,0,0,0.0,0,0,0,0,0,0,Matches,Nottingham Forest,2024
Harry Toffolo,eng ENG,DF,29-270,1.5,0,0.0,0,0,0,0,0,0,0,0.0,0,0,0,0,0,0,Matches,Nottingham Forest,2024
Eric da Silva Moreira,de GER,"MF,DF",19-013,0.3,0,0.0,0,0,0,0,0,0,0,0.0,0,0,0,0,0,0,Matches,Nottingham Forest,2024
Kyle Walker-Peters,eng ENG,DF,28-033,32.4,63,1.94,40,3,10,5,3,2,7,0.22,5,0,1,1,0,0,Matches,Southampton,2024
Mateus Fernandes,pt POR,MF,20-310,30.3,72,2.37,41,13,5,6,6,1,6,0.2,4,1,0,0,0,1,Matches,Southampton,2024
Taylor Harwood-Bellis,eng ENG,DF,23-106,30.5,37,1.21,32,0,0,3,1,1,2,0.07,1,0,0,1,0,0,Matches,Southampton,2024
Jan Bednarek,pl POL,DF,29-034,28.1,16,0.57,15,0,0,1,0,0,0,0.0,0,0,0,0,0,0,Matches,Southampton,2024
Aaron Ramsdale,eng ENG,GK,27-002,28.0,3,0.11,2,1,0,0,0,0,0,0.0,0,0,0,0,0,0,Matches,Southampton,2024
Flynn Downes,eng ENG,MF,26-116,21.9,31,1.42,27,2,0,1,0,1,2,0.09,1,1,0,0,0,0,Matches,Southampton,2024
Joe Aribo,ng NGA,"MF,DF",28-299,21.7,37,1.71,32,0,2,1,2,0,1,0.05,1,0,0,0,0,0,Matches,Southampton,2024
Tyler Dibling,eng ENG,"FW,MF",19-065,20.1,56,2.79,34,1,11,5,5,0,4,0.2,2,0,1,1,0,0,Matches,Southampton,2024
Ryan Manning,ie IRL,"DF,MF",28-336,16.2,50,3.08,25,22,0,1,1,1,3,0.18,0,2,0,0,1,0,Matches,Southampton,2024
Lesley Ugochukwu,fr FRA,MF,21-051,17.4,23,1.32,19,0,1,1,2,0,1,0.06,0,0,0,1,0,0,Matches,Southampton,2024
Jack Stephens,eng ENG,DF,31-109,14.4,13,0.9,13,0,0,0,0,0,0,0.0,0,0,0,0,0,0,Matches,Southampton,2024
Yukinari Sugawara,jp JPN,"DF,MF",24-322,16.3,39,2.39,30,5,1,3,0,0,1,0.06,1,0,0,0,0,0,Matches,Southampton,2024
Kamaldeen Sulemana,gh GHA,"FW,MF",23-090,14.1,28,1.99,15,1,9,2,1,0,3,0.21,1,0,1,1,0,0,Matches,Southampton,2024
Adam Armstrong,eng ENG,"FW,MF",28-095,13.9,19,1.37,12,1,2,4,0,0,4,0.29,1,0,0,3,0,0,Matches,Southampton,2024
Cameron Archer,eng ENG,FW,23-299,15.5,18,1.16,9,0,4,4,1,0,0,0.0,0,0,0,0,0,0,Matches,Southampton,2024
James Bree,eng ENG,DF,27-217,10.9,15,1.37,12,2,0,1,0,0,1,0.09,1,0,0,0,0,0,Matches,Southampton,2024
Paul Onuachu,ng NGA,FW,30-353,11.4,9,0.79,8,0,0,1,0,0,1,0.09,1,0,0,0,0,0,Matches,Southampton,2024
Nathan Wood-Gordon,eng ENG,DF,22-350,6.9,3,0.43,3,0,0,0,0,0,0,0.0,0,0,0,0,0,0,Matches,Southampton,2024
William Smallbone,ie IRL,MF,25-084,7.2,15,2.09,11,3,0,1,0,0,0,0.0,0,0,0,0,0,0,Matches,Southampton,2024
Alex McCarthy,eng ENG,GK,35-164,5.0,0,0.0,0,0,0,0,0,0,0,0.0,0,0,0,0,0,0,Matches,Southampton,2024
Adam Lallana,eng ENG,MF,37-006,4.0,9,2.24,8,0,0,0,1,0,2,0.5,2,0,0,0,0,0,Matches,Southampton,2024
Ben Brereton,cl CHI,FW,26-028,5.0,9,1.8,7,0,0,0,2,0,0,0.0,0,0,0,0,0,0,Matches,Southampton,2024
Ryan Fraser,sct SCO,"FW,DF",31-081,3.4,5,1.47,5,0,0,0,0,0,0,0.0,0,0,0,0,0,0,Matches,Southampton,2024
Welington,br BRA,"DF,MF",24-086,3.4,7,2.09,6,1,0,0,0,0,1,0.3,1,0,0,0,0,0,Matches,Southampton,2024
Ross Stewart,sct SCO,FW,28-309,3.2,2,0.62,1,0,0,1,0,0,0,0.0,0,0,0,0,0,0,Matches,Southampton,2024
Joe Lumley,eng ENG,GK,30-090,3.0,0,0.0,0,0,0,0,0,0,0,0.0,0,0,0,0,0,0,Matches,Southampton,2024
Armel Bella Kotchap,de GER,DF,23-156,3.7,2,0.54,1,0,0,0,0,1,0,0.0,0,0,0,0,0,0,Matches,Southampton,2024
Charlie Taylor,eng ENG,DF,31-240,3.0,2,0.68,2,0,0,0,0,0,1,0.34,1,0,0,0,0,0,Matches,Southampton,2024
Albert Grønbaek,dk DEN,"FW,MF",23-358,1.6,2,1.26,1,0,0,1,0,0,0,0.0,0,0,0,0,0,0,Matches,Southampton,2024
Maxwel Cornet,ci CIV,FW,28-231,0.8,0,0.0,0,0,0,0,0,0,0,0.0,0,0,0,0,0,0,Matches,Southampton,2024
Samuel Edozie,eng ENG,"DF,FW",22-108,0.7,4,5.54,3,0,0,0,1,0,0,0.0,0,0,0,0,0,0,Matches,Southampton,2024
Jay Robinson,eng ENG,"MF,FW",18-062,0.4,3,7.5,2,0,1,0,0,0,0,0.0,0,0,0,0,0,0,Matches,Southampton,2024
Samuel Amo-Ameyaw,eng ENG,"FW,DF",18-302,0.3,2,6.43,1,0,0,0,1,0,0,0.0,0,0,0,0,0,0,Matches,Southampton,2024
Ronnie Edwards,eng ENG,DF,22-049,0.1,0,0.0,0,0,0,0,0,0,0,0.0,0,0,0,0,0,0,Matches,Southampton,2024
Carlos Alcaraz,ar ARG,MF,22-167,0.1,1,9.0,1,0,0,0,0,0,0,0.0,0,0,0,0,0,0,Matches,Southampton,2024
Pedro Porro,es ESP,DF,25-245,28.0,107,3.82,71,23,3,5,4,1,8,0.29,4,3,1,0,0,0,Matches,Tottenham Hotspur,2024
Dejan Kulusevski,se SWE,"MF,FW",25-021,26.5,128,4.82,95,12,15,3,3,0,9,0.34,7,1,1,0,0,0,Matches,Tottenham Hotspur,2024
Dominic Solanke,eng ENG,FW,27-244,23.5,37,1.57,25,0,0,9,2,1,8,0.34,6,0,0,1,1,0,Matches,Tottenham Hotspur,2024
Brennan Johnson,wls WAL,FW,23-358,23.1,46,1.99,30,0,6,4,5,1,7,0.3,5,0,1,0,1,0,Matches,Tottenham Hotspur,2024
Guglielmo Vicario,it ITA,GK,28-221,23.0,4,0.17,4,0,0,0,0,0,0,0.0,0,0,0,0,0,0,Matches,Tottenham Hotspur,2024
Son Heung-min,kr KOR,FW,32-312,22.6,116,5.13,86,8,10,7,5,0,15,0.66,13,0,0,1,1,0,Matches,Tottenham Hotspur,2024
Destiny Udogie,it ITA,DF,22-169,20.4,35,1.72,31,0,0,1,1,2,3,0.15,2,0,0,0,0,1,Matches,Tottenham Hotspur,2024
James Maddison,eng ENG,MF,28-174,20.1,95,4.73,66,13,7,3,6,0,18,0.9,12,2,3,1,0,0,Matches,Tottenham Hotspur,2024
Pape Matar Sarr,sn SEN,MF,22-244,20.2,44,2.18,34,2,2,4,0,2,6,0.3,4,0,1,1,0,0,Matches,Tottenham Hotspur,2024
Rodrigo Bentancur,uy URU,MF,27-325,17.4,45,2.59,36,0,1,5,1,2,3,0.17,3,0,0,0,0,0,Matches,Tottenham Hotspur,2024
Djed Spence,eng ENG,DF,24-280,18.8,29,1.54,23,1,4,1,0,0,5,0.27,3,1,1,0,0,0,Matches,Tottenham Hotspur,2024
Cristian Romero,ar ARG,DF,27-019,15.7,20,1.27,16,0,0,4,0,0,4,0.25,3,0,0,1,0,0,Matches,Tottenham Hotspur,2024
Archie Gray,eng ENG,"DF,MF",19-065,17.5,5,0.29,4,1,0,0,0,0,0,0.0,0,0,0,0,0,0,Matches,Tottenham Hotspur,2024
Yves Bissouma,ml MLI,MF,28-259,14.9,16,1.07,15,0,0,0,0,1,0,0.0,0,0,0,0,0,0,Matches,Tottenham Hotspur,2024
Radu Drăgușin,ro ROU,DF,23-102,13.9,8,0.58,8,0,0,0,0,0,1,0.07,1,0,0,0,0,0,Matches,Tottenham Hotspur,2024
Ben Davies,wls WAL,DF,32-022,13.5,8,0.59,7,0,0,0,0,1,0,0.0,0,0,0,0,0,0,Matches,Tottenham Hotspur,2024
Lucas Bergvall,se SWE,MF,19-103,13.5,22,1.63,16,4,0,2,0,0,4,0.3,3,0,0,1,0,0,Matches,Tottenham Hotspur,2024
Micky van de Ven,nl NED,DF,24-027,10.6,11,1.04,8,0,0,2,1,0,2,0.19,2,0,0,0,0,0,Matches,Tottenham Hotspur,2024
Mathys Tel,fr FRA,FW,20-019,8.2,24,2.93,16,1,2,2,3,0,1,0.12,1,0,0,0,0,0,Matches,Tottenham Hotspur,2024
Wilson Odobert,fr FRA,FW,20-169,8.0,14,1.75,12,0,0,2,0,0,1,0.13,1,0,0,0,0,0,Matches,Tottenham Hotspur,2024
Kevin Danso,at AUT,DF,26-239,7.4,8,1.09,7,0,0,1,0,0,2,0.27,2,0,0,0,0,0,Matches,Tottenham Hotspur,2024
Fraser Forster,eng ENG,GK,37-060,7.0,0,0.0,0,0,0,0,0,0,0,0.0,0,0,0,0,0,0,Matches,Tottenham Hotspur,2024
Antonín Kinský,cz CZE,GK,22-064,5.0,1,0.2,1,0,0,0,0,0,0,0.0,0,0,0,0,0,0,Matches,Tottenham Hotspur,2024
Timo Werner,de GER,"FW,MF",29-071,5.7,18,3.13,14,0,2,1,1,0,3,0.52,3,0,0,0,0,0,Matches,Tottenham Hotspur,2024
Richarlison,br BRA,FW,28-006,5.3,8,1.51,5,0,0,2,1,0,1,0.19,1,0,0,0,0,0,Matches,Tottenham Hotspur,2024
Mikey Moore,eng ENG,FW,17-278,3.1,11,3.54,7,2,0,1,1,0,2,0.64,1,0,0,1,0,0,Matches,Tottenham Hotspur,2024
Brandon Austin,eng ENG,GK,26-128,1.0,0,0.0,0,0,0,0,0,0,0,0.0,0,0,0,0,0,0,Matches,Tottenham Hotspur,2024
Sergio Reguilón,es ESP,DF,28-151,1.4,1,0.73,1,0,0,0,0,0,0,0.0,0,0,0,0,0,0,Matches,Tottenham Hotspur,2024
Dane Scarlett,eng ENG,"FW,MF",21-053,0.4,1,2.65,1,0,0,0,0,0,1,2.65,1,0,0,0,0,0,Matches,Tottenham Hotspur,2024
Alfie Dorrington,eng ENG,DF,20-026,0.2,0,0.0,0,0,0,0,0,0,0,0.0,0,0,0,0,0,0,Matches,Tottenham Hotspur,2024
Will Lankshear,eng ENG,"FW,MF",20-026,0.1,0,0.0,0,0,0,0,0,0,0,0.0,0,0,0,0,0,0,Matches,Tottenham Hotspur,2024
Max Kilman,eng ENG,DF,27-358,35.2,29,0.82,26,0,2,0,0,1,3,0.09,2,0,1,0,0,0,Matches,West Ham United,2024
Aaron Wan-Bissaka,eng ENG,DF,27-171,33.0,88,2.66,70,4,7,3,2,2,9,0.27,8,0,0,1,0,0,Matches,West Ham United,2024
Jarrod Bowen,eng ENG,"FW,MF",28-147,31.0,105,3.38,64,13,5,12,9,2,13,0.42,9,2,1,1,0,0,Matches,West Ham United,2024
Mohammed Kudus,gh GHA,"FW,MF",24-287,27.7,105,3.79,72,1,16,12,2,2,9,0.33,5,0,1,3,0,0,Matches,West Ham United,2024
Tomáš Souček,cz CZE,MF,30-078,26.9,43,1.6,35,0,0,5,2,1,3,0.11,2,0,0,0,1,0,Matches,West Ham United,2024
Lucas Paquetá,br BRA,"MF,FW",27-262,26.0,79,3.04,65,2,2,4,5,1,6,0.23,3,0,0,2,1,0,Matches,West Ham United,2024
Emerson Palmieri,it ITA,DF,30-286,23.5,41,1.75,25,11,0,2,2,1,2,0.09,1,1,0,0,0,0,Matches,West Ham United,2024
Alphonse Areola,fr FRA,GK,32-078,24.1,3,0.12,2,1,0,0,0,0,0,0.0,0,0,0,0,0,0,Matches,West Ham United,2024
Konstantinos Mavropanos,gr GRE,DF,27-156,21.7,16,0.74,12,0,1,2,0,1,0,0.0,0,0,0,0,0,0,Matches,West Ham United,2024
Edson Álvarez,mx MEX,MF,27-204,18.4,25,1.36,21,0,2,1,1,0,2,0.11,2,0,0,0,0,0,Matches,West Ham United,2024
Jean-Clair Todibo,fr FRA,DF,25-137,18.3,5,0.27,4,0,0,0,0,1,0,0.0,0,0,0,0,0,0,Matches,West Ham United,2024
Guido Rodríguez,ar ARG,MF,31-034,12.0,10,0.83,8,0,0,2,0,0,0,0.0,0,0,0,0,0,0,Matches,West Ham United,2024
Carlos Soler,es ESP,"MF,FW",28-134,15.3,47,3.08,29,7,2,5,3,1,2,0.13,2,0,0,0,0,0,Matches,West Ham United,2024
Łukasz Fabiański,pl POL,GK,40-028,11.9,3,0.25,2,1,0,0,0,0,0,0.0,0,0,0,0,0,0,Matches,West Ham United,2024
Michail Antonio,jm JAM,FW,35-049,9.3,22,2.37,14,0,1,5,1,1,4,0.43,0,0,0,4,0,0,Matches,West Ham United,2024
Vladimír Coufal,cz CZE,DF,32-267,10.6,13,1.22,9,4,0,0,0,0,1,0.09,0,1,0,0,0,0,Matches,West Ham United,2024
James Ward-Prowse,eng ENG,MF,30-196,10.0,29,2.89,15,10,0,3,0,1,1,0.1,0,1,0,0,0,0,Matches,West Ham United,2024
Aaron Cresswell,eng ENG,DF,35-152,8.5,14,1.64,6,8,0,0,0,0,0,0.0,0,0,0,0,0,0,Matches,West Ham United,2024
Crysencio Summerville,nl NED,"FW,MF",23-198,8.7,35,4.01,21,3,5,0,5,1,1,0.11,1,0,0,0,0,0,Matches,West Ham United,2024
Oliver Scarles,eng ENG,DF,19-155,6.6,5,0.76,5,0,0,0,0,0,0,0.0,0,0,0,0,0,0,Matches,West Ham United,2024
Niclas Füllkrug,de GER,FW,32-096,7.6,19,2.49,17,0,0,2,0,0,2,0.26,1,0,0,1,0,0,Matches,West Ham United,2024
Danny Ings,eng ENG,"FW,MF",32-297,3.2,12,3.8,7,0,1,3,1,0,2,0.63,0,0,0,1,1,0,Matches,West Ham United,2024
Andy Irving,sct SCO,MF,25-003,1.8,5,2.68,4,0,1,0,0,0,0,0.0,0,0,0,0,0,0,Matches,West Ham United,2024
Evan Ferguson,ie IRL,FW,20-209,1.7,4,2.31,2,0,1,1,0,0,0,0.0,0,0,0,0,0,0,Matches,West Ham United,2024
Luis Guilherme,br BRA,"MF,FW",19-096,1.5,10,6.52,6,1,1,1,1,0,0,0.0,0,0,0,0,0,0,Matches,West Ham United,2024
Lewis Orford,eng ENG,MF,19-087,0.5,2,3.67,2,0,0,0,0,0,0,0.0,0,0,0,0,0,0,Matches,West Ham United,2024
Kaelan Casey,eng ENG,DF,20-200,0.0,0,0.0,0,0,0,0,0,0,0,0.0,0,0,0,0,0,0,Matches,West Ham United,2024
Rayan Aït-Nouri,dz ALG,DF,23-344,32.8,81,2.47,49,13,7,7,4,1,12,0.37,10,1,0,0,0,1,Matches,Wolverhampton Wanderers,2024
João Gomes,br BRA,MF,24-093,31.5,63,2.0,50,1,5,2,2,3,3,0.1,3,0,0,0,0,0,Matches,Wolverhampton Wanderers,2024
Nélson Semedo,pt POR,DF,31-181,30.6,55,1.8,40,1,7,1,3,3,6,0.2,6,0,0,0,0,0,Matches,Wolverhampton Wanderers,2024
Jørgen Strand Larsen,no NOR,FW,25-099,27.7,40,1.44,31,1,1,3,2,2,5,0.18,5,0,0,0,0,0,Matches,Wolverhampton Wanderers,2024
André,br BRA,MF,23-304,26.0,46,1.77,38,3,1,0,0,4,3,0.12,2,1,0,0,0,0,Matches,Wolverhampton Wanderers,2024
José Sá,pt POR,GK,32-119,28.0,4,0.14,4,0,0,0,0,0,0,0.0,0,0,0,0,0,0,Matches,Wolverhampton Wanderers,2024
Matheus Cunha,br BRA,"MF,FW",25-354,27.6,123,4.46,70,13,17,8,12,3,16,0.58,10,0,4,0,1,1,Matches,Wolverhampton Wanderers,2024
Toti Gomes,pt POR,DF,26-120,27.0,20,0.74,19,0,0,1,0,0,1,0.04,1,0,0,0,0,0,Matches,Wolverhampton Wanderers,2024
Matt Doherty,ie IRL,DF,33-120,22.5,24,1.07,18,3,1,1,1,0,3,0.13,3,0,0,0,0,0,Matches,Wolverhampton Wanderers,2024
Jean-Ricner Bellegarde,fr FRA,"MF,FW",26-323,17.6,53,3.02,33,3,4,4,7,2,10,0.57,8,0,0,0,1,1,Matches,Wolverhampton Wanderers,2024
Santiago Bueno,uy URU,DF,26-188,18.7,12,0.64,10,1,0,0,0,1,4,0.21,3,0,0,0,0,1,Matches,Wolverhampton Wanderers,2024
Mario Lemina,ga GAB,"MF,DF",31-257,15.2,26,1.71,21,0,2,2,0,1,5,0.33,5,0,0,0,0,0,Matches,Wolverhampton Wanderers,2024
Emmanuel Agbadou,ci CIV,DF,27-333,13.7,15,1.1,14,1,0,0,0,0,2,0.15,2,0,0,0,0,0,Matches,Wolverhampton Wanderers,2024
Marshall Munetsi,zw ZIM,"MF,FW",28-328,10.8,16,1.49,12,0,0,1,2,1,1,0.09,1,0,0,0,0,0,Matches,Wolverhampton Wanderers,2024
Craig Dawson,eng ENG,DF,35-010,10.8,7,0.65,6,0,0,1,0,0,2,0.19,1,0,0,1,0,0,Matches,Wolverhampton Wanderers,2024
Gonçalo Guedes,pt POR,"MF,FW",28-168,9.3,23,2.46,21,0,1,0,1,0,8,0.86,7,0,1,0,0,0,Matches,Wolverhampton Wanderers,2024
Sam Johnstone,eng ENG,GK,32-052,7.0,2,0.29,2,0,0,0,0,0,0,0.0,0,0,0,0,0,0,Matches,Wolverhampton Wanderers,2024
Pablo Sarabia,es ESP,"MF,FW",33-005,8.3,25,3.01,17,6,2,0,0,0,4,0.48,3,0,1,0,0,0,Matches,Wolverhampton Wanderers,2024
Rodrigo Gomes,pt POR,"DF,FW",21-313,7.8,21,2.69,18,0,2,1,0,0,0,0.0,0,0,0,0,0,0,Matches,Wolverhampton Wanderers,2024
Hwang Hee-chan,kr KOR,"MF,FW",29-110,7.2,9,1.24,8,0,0,1,0,0,1,0.14,1,0,0,0,0,0,Matches,Wolverhampton Wanderers,2024
Yerson Mosquera,co COL,DF,24-014,4.9,5,1.02,5,0,0,0,0,0,0,0.0,0,0,0,0,0,0,Matches,Wolverhampton Wanderers,2024
Tommy Doyle,eng ENG,MF,23-211,5.4,17,3.13,11,4,1,1,0,0,3,0.55,2,0,1,0,0,0,Matches,Wolverhampton Wanderers,2024
Carlos Forbs,pt POR,"MF,FW",21-058,2.7,5,1.89,3,0,2,0,0,0,1,0.38,1,0,0,0,0,0,Matches,Wolverhampton Wanderers,2024
Daniel Bentley,eng ENG,GK,31-307,1.0,0,0.0,0,0,0,0,0,0,0,0.0,0,0,0,0,0,0,Matches,Wolverhampton Wanderers,2024
Pedro Lima,br BRA,DF,18-319,0.8,4,5.14,2,0,0,0,0,2,0,0.0,0,0,0,0,0,0,Matches,Wolverhampton Wanderers,2024
Daniel Podence,pt POR,"MF,FW",29-207,0.5,0,0.0,0,0,0,0,0,0,0,0.0,0,0,0,0,0,0,Matches,Wolverhampton Wanderers,2024
Nasser Djiga,bf BFA,"DF,FW",22-182,0.2,0,0.0,0,0,0,0,0,0,0,0.0,0,0,0,0,0,0,Matches,Wolverhampton Wanderers,2024
Chiquinho,pt POR,MF,25-100,0.1,2,25.71,2,0,0,0,0,0,0,0.0,0,0,0,0,0,0,Matches,Wolverhampton Wanderers,2024
Mateus Mane,,MF,,0.0,0,0.0,0,0,0,0,0,0,0,0.0,0,0,0,0,0,0,Matches,Wolverhampton Wanderers,2024
Alfie Pond,eng ENG,DF,21-076,0.0,0,0.0,0,0,0,0,0,0,0,0.0,0,0,0,0,0,0,Matches,Wolverhampton Wanderers,2024
Boubacar Traoré,ml MLI,MF,23-269,0.0,0,0.0,0,0,0,0,0,0,0,0.0,0,0,0,0,0,0,Matches,Wolverhampton Wanderers,2024
