Player,Nation,Pos,Age,90s,performance_CrdY,performance_CrdR,performance_2CrdY,performance_Fls,performance_Fld,performance_Off,performance_Crs,performance_Int,performance_TklW,performance_PKwon,performance_PKcon,performance_OG,performance_Recov,aerial_duels_Won,aerial_duels_Lost,aerial_duels_Won%,Matches,Team,Season
David Raya,es ESP,GK,29-243,36.0,2,0,0,1,9,0,0,2,0,0,1,0,39,10,0,100.0,Matches,Arsenal,2024
William Saliba,fr FRA,DF,24-053,33.3,2,1,0,28,17,1,3,21,37,0,1,0,150,60,35,63.2,Matches,Arsenal,2024
Declan Rice,eng ENG,MF,26-122,29.4,7,1,1,20,16,2,157,25,24,0,0,0,143,31,24,56.4,Matches,Arsenal,2024
Thomas Partey,gh GHA,"MF,DF",31-337,29.1,4,0,0,44,30,1,12,34,51,0,0,0,130,26,22,54.2,Matches,Arsenal,2024
Gabriel Magalhães,br BRA,DF,27-148,26.3,4,0,0,19,19,0,9,16,15,1,0,0,63,53,37,58.9,Matches,Arsenal,2024
Leandro Trossard,be BEL,FW,30-163,27.0,4,1,1,25,45,6,82,9,19,0,0,0,98,6,22,21.4,Matches,Arsenal,2024
Jurriën Timber,nl NED,DF,23-333,26.9,7,0,0,31,29,6,28,22,38,0,0,0,94,22,20,52.4,Matches,Arsenal,2024
Martin Ødegaard,no NOR,MF,26-150,24.7,4,0,0,10,23,1,84,5,11,0,0,0,93,8,7,53.3,Matches,Arsenal,2024
Gabriel Martinelli,br BRA,"FW,MF",23-332,23.7,1,0,0,15,20,8,85,4,15,0,0,0,74,15,34,30.6,Matches,Arsenal,2024
Kai Havertz,de GER,"FW,MF",25-339,20.4,4,0,0,36,21,14,11,6,9,0,0,0,39,62,73,45.9,Matches,Arsenal,2024
Bukayo Saka,eng ENG,"FW,MF",23-253,18.1,3,0,0,14,38,6,111,3,13,1,0,0,68,9,19,32.1,Matches,Arsenal,2024
Mikel Merino,es ESP,"MF,FW",28-328,16.6,4,1,1,39,22,7,13,15,26,0,0,0,82,58,55,51.3,Matches,Arsenal,2024
Myles Lewis-Skelly,eng ENG,DF,18-232,14.0,3,2,0,11,43,0,8,6,14,0,1,0,48,8,10,44.4,Matches,Arsenal,2024
Ben White,eng ENG,DF,27-220,11.3,2,0,0,8,5,1,14,16,11,0,0,0,28,15,6,71.4,Matches,Arsenal,2024
Riccardo Calafiori,it ITA,DF,22-362,10.4,4,0,0,16,6,3,11,9,18,0,0,0,30,22,13,62.9,Matches,Arsenal,2024
Ethan Nwaneri,eng ENG,"FW,MF",18-056,9.1,1,0,0,8,5,6,51,2,7,0,0,0,33,4,7,36.4,Matches,Arsenal,2024
Jorginho,it ITA,MF,33-147,7.8,5,0,0,15,17,0,1,7,4,0,0,0,54,1,6,14.3,Matches,Arsenal,2024
Jakub Kiwior,pl POL,DF,25-090,10.5,0,0,0,9,4,1,1,4,7,0,0,0,22,8,7,53.3,Matches,Arsenal,2024
Gabriel Jesus,br BRA,FW,28-043,6.8,4,0,0,14,10,9,7,4,6,0,0,0,28,9,18,33.3,Matches,Arsenal,2024
Raheem Sterling,eng ENG,"FW,MF",30-159,4.9,1,0,0,12,4,4,14,1,4,0,0,0,14,1,3,25.0,Matches,Arsenal,2024
Oleksandr Zinchenko,ua UKR,"DF,MF",28-152,5.1,1,0,0,8,3,1,10,4,1,0,0,0,17,11,11,50.0,Matches,Arsenal,2024
Kieran Tierney,sct SCO,"DF,FW",27-345,2.2,0,0,0,0,2,2,10,2,5,0,0,0,4,3,5,37.5,Matches,Arsenal,2024
Nathan Butler-Oyedeji,eng ENG,FW,22-132,0.1,0,0,0,0,0,0,0,0,0,0,0,0,0,0,0,,Matches,Arsenal,2024
Takehiro Tomiyasu,jp JPN,DF,26-192,0.1,0,0,0,0,0,0,0,0,0,0,0,0,0,0,0,,Matches,Arsenal,2024
Reiss Nelson,eng ENG,FW,25-157,0.0,0,0,0,1,1,0,0,0,0,0,0,0,0,0,0,,Matches,Arsenal,2024
Emiliano Martínez,ar ARG,GK,32-256,34.0,5,0,0,1,6,0,0,0,3,0,0,0,29,9,1,90.0,Matches,Aston Villa,2024
Youri Tielemans,be BEL,MF,28-009,33.3,4,0,0,41,56,0,118,22,57,0,0,0,145,22,18,55.0,Matches,Aston Villa,2024
Morgan Rogers,eng ENG,"FW,MF",22-294,32.7,9,0,0,47,50,2,23,5,21,1,0,0,111,13,46,22.0,Matches,Aston Villa,2024
Ezri Konsa,eng ENG,DF,27-205,30.6,1,0,0,7,45,0,5,21,17,0,0,0,92,31,22,58.5,Matches,Aston Villa,2024
Ollie Watkins,eng ENG,FW,29-137,26.9,2,0,0,28,30,13,7,8,7,2,0,0,42,49,63,43.8,Matches,Aston Villa,2024
Lucas Digne,fr FRA,DF,31-300,26.1,4,0,0,21,16,7,140,25,38,0,0,0,104,37,28,56.9,Matches,Aston Villa,2024
John McGinn,sct SCO,"MF,FW",30-210,23.0,7,0,0,43,67,3,54,14,22,1,0,0,94,16,11,59.3,Matches,Aston Villa,2024
Matty Cash,pl POL,DF,27-282,21.0,6,0,0,25,18,1,34,21,29,0,2,0,65,17,19,47.2,Matches,Aston Villa,2024
Pau Torres,es ESP,DF,28-120,20.4,1,0,0,8,7,0,1,9,14,0,0,0,54,17,27,38.6,Matches,Aston Villa,2024
Jacob Ramsey,eng ENG,"FW,MF",23-353,17.7,4,1,1,13,28,5,12,8,15,1,0,0,81,7,11,38.9,Matches,Aston Villa,2024
Boubacar Kamara,fr FRA,MF,25-174,17.3,2,0,0,27,28,0,1,19,20,0,0,0,75,17,23,42.5,Matches,Aston Villa,2024
Amadou Onana,be BEL,MF,23-273,16.3,4,0,0,31,28,0,1,25,24,0,0,0,70,30,19,61.2,Matches,Aston Villa,2024
Leon Bailey,jm JAM,"FW,MF",27-280,12.6,3,0,0,12,18,3,34,3,4,1,0,0,59,6,9,40.0,Matches,Aston Villa,2024
Tyrone Mings,eng ENG,DF,32-064,12.4,1,0,0,4,11,0,1,7,6,0,0,0,38,27,22,55.1,Matches,Aston Villa,2024
Ian Maatsen,nl NED,DF,23-067,10.7,2,0,0,9,9,3,48,15,15,0,0,0,61,8,6,57.1,Matches,Aston Villa,2024
Diego Carlos,br BRA,DF,32-062,9.2,1,0,0,11,1,1,0,5,3,0,0,0,36,11,10,52.4,Matches,Aston Villa,2024
Marco Asensio,es ESP,MF,29-115,6.8,2,0,0,11,7,2,25,2,5,0,0,0,24,0,1,0.0,Matches,Aston Villa,2024
Axel Disasi,fr FRA,DF,27-066,5.4,2,0,0,3,2,2,1,5,5,0,0,0,15,8,6,57.1,Matches,Aston Villa,2024
Lamare Bogarde,nl NED,"DF,MF",21-131,5.3,2,0,0,8,11,0,0,1,6,0,0,0,13,6,6,50.0,Matches,Aston Villa,2024
Andrés García,es ESP,"DF,MF",22-098,3.5,0,0,0,1,0,0,18,2,5,0,0,0,15,0,6,0.0,Matches,Aston Villa,2024
Jáder Durán,co COL,FW,21-154,7.1,3,1,0,14,15,5,3,0,7,0,0,0,19,19,19,50.0,Matches,Aston Villa,2024
Marcus Rashford,eng ENG,FW,27-197,4.9,0,0,0,1,3,1,28,1,7,0,0,0,14,1,8,11.1,Matches,Aston Villa,2024
Ross Barkley,eng ENG,MF,31-162,6.3,3,0,0,8,3,0,1,10,3,0,0,0,41,6,4,60.0,Matches,Aston Villa,2024
Jaden Philogene Bidace,eng ENG,"FW,MF",23-097,3.7,4,1,1,12,8,1,4,3,5,0,0,0,21,0,5,0.0,Matches,Aston Villa,2024
Donyell Malen,nl NED,FW,26-127,3.3,0,0,0,1,4,2,7,0,4,0,0,0,8,4,4,50.0,Matches,Aston Villa,2024
Robin Olsen,se SWE,GK,35-128,2.0,0,0,0,0,0,0,0,0,0,0,0,0,2,0,0,,Matches,Aston Villa,2024
Kosta Nedeljković,rs SRB,DF,19-151,1.4,0,0,0,0,1,0,1,0,5,0,0,0,4,0,1,0.0,Matches,Aston Villa,2024
Emi Buendía,ar ARG,"MF,FW",28-142,1.1,1,0,0,4,6,0,0,0,6,0,0,0,8,0,2,0.0,Matches,Aston Villa,2024
Milos Kerkez,hu HUN,DF,21-190,35.2,4,0,0,29,47,1,132,44,26,0,0,0,159,27,48,36.0,Matches,Bournemouth,2024
Antoine Semenyo,gh GHA,FW,25-129,33.6,9,0,0,68,37,14,57,10,34,1,0,0,152,62,72,46.3,Matches,Bournemouth,2024
Illia Zabarnyi,ua UKR,DF,22-257,32.5,4,1,0,19,6,0,6,39,33,0,0,0,147,72,42,63.2,Matches,Bournemouth,2024
Lewis Cook,eng ENG,"MF,DF",28-102,32.3,8,0,0,48,10,3,132,40,42,0,1,0,186,41,34,54.7,Matches,Bournemouth,2024
Kepa Arrizabalaga,es ESP,GK,30-225,29.0,3,0,0,2,5,0,0,0,0,0,2,0,54,7,1,87.5,Matches,Bournemouth,2024
Justin Kluivert,nl NED,"MF,FW",26-011,24.5,8,0,0,43,31,5,81,13,9,1,0,0,74,7,25,21.9,Matches,Bournemouth,2024
Ryan Christie,sct SCO,MF,30-083,23.5,9,0,0,43,31,1,48,30,33,0,0,0,182,20,28,41.7,Matches,Bournemouth,2024
Evanilson,br BRA,FW,25-222,23.9,1,1,0,35,50,19,0,0,10,5,0,0,62,40,60,40.0,Matches,Bournemouth,2024
Dean Huijsen,es ESP,DF,20-032,25.8,9,0,0,30,10,2,12,50,26,0,0,0,101,66,43,60.6,Matches,Bournemouth,2024
Dango Ouattara,bf BFA,FW,23-094,22.3,3,0,0,16,19,14,88,11,26,0,0,0,92,45,63,41.7,Matches,Bournemouth,2024
Tyler Adams,us USA,MF,26-091,19.8,7,0,0,42,20,0,3,32,48,0,1,0,105,29,18,61.7,Matches,Bournemouth,2024
Marcus Tavernier,eng ENG,"FW,MF",26-055,19.6,5,0,0,29,23,4,99,5,24,0,0,0,107,25,33,43.1,Matches,Bournemouth,2024
Adam Smith,eng ENG,DF,34-017,16.4,7,0,0,17,11,0,30,14,10,0,0,0,46,13,14,48.1,Matches,Bournemouth,2024
Marcos Senesi,ar ARG,DF,28-006,11.4,5,0,0,20,7,0,11,11,21,0,0,0,69,24,28,46.2,Matches,Bournemouth,2024
David Brooks,wls WAL,"FW,MF",27-312,9.5,3,0,0,8,16,0,45,5,5,0,0,0,45,7,10,41.2,Matches,Bournemouth,2024
Alex Scott,eng ENG,MF,21-268,8.4,3,0,0,17,26,0,7,10,14,0,0,0,52,7,7,50.0,Matches,Bournemouth,2024
James Hill,eng ENG,DF,23-126,5.0,1,0,0,7,5,0,10,9,8,0,0,0,13,14,12,53.8,Matches,Bournemouth,2024
Julian Araujo,mx MEX,DF,23-276,4.8,1,0,0,5,1,0,7,6,3,0,0,0,28,2,7,22.2,Matches,Bournemouth,2024
Mark Travers,ie IRL,GK,25-363,5.0,0,0,0,0,1,0,0,0,0,0,0,0,3,1,0,100.0,Matches,Bournemouth,2024
Enes Ünal,tr TUR,"FW,MF",28-006,3.8,2,0,0,6,9,1,4,0,0,0,0,0,16,24,22,52.2,Matches,Bournemouth,2024
Neto,br BRA,GK,35-301,2.0,0,0,0,0,2,0,0,0,0,0,0,0,3,0,0,,Matches,Bournemouth,2024
Luis Sinisterra,co COL,"FW,MF",25-333,2.6,0,0,0,4,2,1,7,1,2,0,0,0,17,3,7,30.0,Matches,Bournemouth,2024
Philip Billing,dk DEN,MF,28-339,2.0,1,0,0,3,2,0,10,5,5,0,0,0,14,6,4,60.0,Matches,Bournemouth,2024
Max Aarons,eng ENG,DF,25-132,1.0,0,0,0,0,2,0,2,1,2,0,0,0,7,0,0,,Matches,Bournemouth,2024
Daniel Jebbison,eng ENG,FW,21-276,0.9,1,0,0,2,2,0,1,1,2,0,0,0,8,2,10,16.7,Matches,Bournemouth,2024
Ben Winterburn,eng ENG,"FW,MF",20-254,0.3,0,0,0,0,1,0,0,2,0,0,0,0,2,1,0,100.0,Matches,Bournemouth,2024
Julio Soler,ar ARG,FW,20-089,0.0,0,0,0,0,1,0,0,0,1,0,0,0,0,0,0,,Matches,Bournemouth,2024
Remy Rees-Dottin,eng ENG,FW,19-071,0.0,0,0,0,0,0,0,0,0,0,0,0,0,0,0,0,,Matches,Bournemouth,2024
Zain Silcott-Duberry,ms MSR,FW,19-311,0.0,0,0,0,0,0,0,0,0,1,0,0,0,0,0,1,0.0,Matches,Bournemouth,2024
Nathan Collins,ie IRL,DF,24-016,36.0,5,0,0,25,28,6,8,33,22,2,0,0,154,116,63,64.8,Matches,Brentford,2024
Bryan Mbeumo,cm CMR,FW,25-282,35.9,3,0,0,24,44,11,192,14,29,0,0,0,145,34,71,32.4,Matches,Brentford,2024
Mark Flekken,nl NED,GK,31-337,34.4,1,0,0,0,3,0,0,0,4,0,0,0,37,4,0,100.0,Matches,Brentford,2024
Keane Lewis-Potter,eng ENG,"DF,FW",24-083,32.5,6,0,0,17,29,4,74,19,26,1,0,0,140,27,34,44.3,Matches,Brentford,2024
Mikkel Damsgaard,dk DEN,"MF,FW",24-317,30.5,2,0,0,18,27,6,135,26,43,0,0,0,162,12,26,31.6,Matches,Brentford,2024
Yoane Wissa,cd COD,FW,28-255,30.4,3,0,0,29,49,14,20,8,12,1,0,0,70,30,36,45.5,Matches,Brentford,2024
Christian Nørgaard,dk DEN,MF,31-067,29.3,7,1,0,43,28,1,16,46,46,0,0,0,184,44,29,60.3,Matches,Brentford,2024
Sepp van den Berg,nl NED,DF,23-147,26.7,2,0,0,20,5,1,7,20,22,1,0,0,92,85,66,56.3,Matches,Brentford,2024
Vitaly Janelt,de GER,MF,27-006,25.0,3,0,0,24,15,1,30,27,22,0,0,2,107,19,11,63.3,Matches,Brentford,2024
Kevin Schade,de GER,FW,23-170,23.8,3,0,0,21,33,13,36,5,23,0,0,0,78,82,69,54.3,Matches,Brentford,2024
Ethan Pinnock,jm JAM,DF,31-352,21.3,2,0,0,8,4,0,9,24,19,0,1,1,50,63,43,59.4,Matches,Brentford,2024
Kristoffer Ajer,no NOR,DF,27-029,15.6,5,0,0,12,6,1,14,12,17,0,0,0,42,27,22,55.1,Matches,Brentford,2024
Yehor Yarmoliuk,ua UKR,MF,21-076,14.3,6,0,0,16,12,2,16,12,25,0,0,0,96,8,8,50.0,Matches,Brentford,2024
Mads Roerslev,dk DEN,DF,25-326,12.2,2,0,0,6,10,0,31,4,8,0,0,0,39,10,14,41.7,Matches,Brentford,2024
Mathias Jensen,dk DEN,MF,29-135,9.3,2,0,0,7,10,0,31,8,10,0,0,0,45,8,5,61.5,Matches,Brentford,2024
Michael Kayode,it ITA,DF,20-310,4.2,2,0,0,7,2,0,9,5,10,0,0,0,29,6,2,75.0,Matches,Brentford,2024
Fabio Carvalho,pt POR,"FW,MF",22-259,5.1,1,0,0,5,10,1,10,3,9,0,0,0,30,2,6,25.0,Matches,Brentford,2024
Ben Mee,eng ENG,DF,35-237,2.0,2,0,0,5,0,0,0,4,2,0,0,0,11,5,5,50.0,Matches,Brentford,2024
Thiago,br BRA,FW,23-324,1.6,0,0,0,3,3,1,1,2,3,0,0,0,10,6,5,54.5,Matches,Brentford,2024
Hákon Rafn Valdimarsson,is ISL,GK,23-215,1.6,0,0,0,0,0,0,0,0,0,0,0,0,1,1,0,100.0,Matches,Brentford,2024
Edmond-Paris Maghoma,eng ENG,"MF,FW",24-008,1.3,0,0,0,2,4,0,3,1,1,0,0,0,7,1,3,25.0,Matches,Brentford,2024
Rico Henry,eng ENG,DF,27-312,0.9,0,0,0,1,1,0,0,1,0,0,0,0,4,1,1,50.0,Matches,Brentford,2024
Yunus Emre Konak,tr TUR,"FW,MF",19-126,0.5,0,0,0,3,1,0,0,0,4,0,0,0,2,5,9,35.7,Matches,Brentford,2024
Kim Jisoo,kr KOR,DF,20-143,0.3,0,0,0,1,0,0,0,0,0,0,0,0,0,0,0,,Matches,Brentford,2024
Frank Onyeka,ng NGA,MF,27-135,0.3,0,0,0,2,0,0,0,0,0,0,0,0,2,0,0,,Matches,Brentford,2024
Gustavo Nunes,br BRA,"FW,MF",19-177,0.1,0,0,0,0,0,0,0,0,2,0,0,0,0,0,0,,Matches,Brentford,2024
Jayden Meghoma,eng ENG,DF,18-322,0.1,0,0,0,0,0,0,0,0,0,0,0,0,1,0,0,,Matches,Brentford,2024
Ryan Trevitt,eng ENG,MF,22-065,0.0,0,0,0,0,0,0,0,0,1,0,0,0,2,0,0,,Matches,Brentford,2024
Bart Verbruggen,nl NED,GK,22-271,34.0,5,0,0,0,2,0,0,0,0,0,0,0,58,10,1,90.9,Matches,Brighton and Hove Albion,2024
Jan Paul van Hecke,nl NED,DF,24-342,30.9,8,1,1,23,24,0,11,23,27,0,0,0,122,78,48,61.9,Matches,Brighton and Hove Albion,2024
Carlos Baleba,cm CMR,MF,21-133,27.6,8,1,1,39,45,0,9,43,42,0,2,0,184,38,24,61.3,Matches,Brighton and Hove Albion,2024
Kaoru Mitoma,jp JPN,"FW,MF",27-361,28.1,1,0,0,39,23,5,72,13,26,0,0,0,93,25,27,48.1,Matches,Brighton and Hove Albion,2024
Pervis Estupiñán,ec ECU,DF,27-115,25.7,5,0,0,35,19,3,116,36,40,0,0,0,140,45,26,63.4,Matches,Brighton and Hove Albion,2024
Lewis Dunk,eng ENG,DF,33-176,23.1,5,0,0,7,11,2,5,13,10,0,0,1,104,51,31,62.2,Matches,Brighton and Hove Albion,2024
Danny Welbeck,eng ENG,FW,34-171,22.6,5,0,0,11,22,4,3,5,15,0,0,0,43,16,31,34.0,Matches,Brighton and Hove Albion,2024
João Pedro,br BRA,"FW,MF",23-232,21.6,4,1,0,26,46,2,22,9,12,3,1,0,59,41,43,48.8,Matches,Brighton and Hove Albion,2024
Jack Hinshelwood,eng ENG,"DF,MF",20-035,19.4,5,0,0,16,7,0,26,15,18,0,0,0,58,19,15,55.9,Matches,Brighton and Hove Albion,2024
Yasin Ayari,se SWE,MF,21-222,20.5,3,0,0,35,23,3,64,20,31,0,1,0,113,15,20,42.9,Matches,Brighton and Hove Albion,2024
Joël Veltman,nl NED,DF,33-121,18.5,4,0,0,27,42,0,23,18,28,0,1,0,68,21,18,53.8,Matches,Brighton and Hove Albion,2024
Georginio Rutter,fr FRA,"MF,FW",23-026,18.4,2,0,0,34,45,7,9,10,15,0,1,0,66,25,46,35.2,Matches,Brighton and Hove Albion,2024
Yankuba Minteh,gm GAM,"FW,MF",20-298,18.5,6,0,0,20,10,5,79,11,34,0,0,0,78,16,33,32.7,Matches,Brighton and Hove Albion,2024
Matt O'Riley,dk DEN,MF,24-176,10.1,1,0,0,15,13,1,46,13,9,1,0,1,28,5,8,38.5,Matches,Brighton and Hove Albion,2024
Simon Adingra,ci CIV,"FW,MF",23-135,11.0,0,0,0,12,3,2,36,8,14,0,0,0,43,6,4,60.0,Matches,Brighton and Hove Albion,2024
Tariq Lamptey,gh GHA,DF,24-228,9.6,0,0,0,15,10,0,28,7,11,0,1,0,39,1,14,6.7,Matches,Brighton and Hove Albion,2024
Igor,br BRA,DF,27-098,10.0,4,0,0,9,6,0,2,4,4,0,0,0,40,8,6,57.1,Matches,Brighton and Hove Albion,2024
Adam Webster,eng ENG,DF,30-132,7.9,0,0,0,6,2,1,1,18,6,0,1,0,26,17,6,73.9,Matches,Brighton and Hove Albion,2024
Mats Wieffer,nl NED,"MF,DF",25-181,9.3,6,0,0,21,8,1,7,14,27,1,0,0,60,27,22,55.1,Matches,Brighton and Hove Albion,2024
Brajan Gruda,de GER,"MF,FW",20-350,6.0,0,0,0,6,9,1,20,2,6,0,0,0,20,3,4,42.9,Matches,Brighton and Hove Albion,2024
Ferdi Kadioglu,tr TUR,"DF,MF",25-221,4.3,1,0,0,5,3,1,9,8,6,0,0,0,14,3,1,75.0,Matches,Brighton and Hove Albion,2024
Diego Gómez,py PAR,MF,22-050,5.0,0,0,0,7,2,1,9,7,10,0,0,0,32,8,4,66.7,Matches,Brighton and Hove Albion,2024
James Milner,eng ENG,MF,39-132,1.9,1,0,0,3,1,0,8,2,2,0,0,0,2,0,1,0.0,Matches,Brighton and Hove Albion,2024
Julio Enciso,py PAR,"MF,FW",21-113,3.3,0,0,0,3,7,0,20,0,0,0,0,0,15,6,5,54.5,Matches,Brighton and Hove Albion,2024
Evan Ferguson,ie IRL,FW,20-209,2.7,0,0,0,3,1,0,0,0,3,0,0,0,10,4,9,30.8,Matches,Brighton and Hove Albion,2024
Jason Steele,eng ENG,GK,34-271,2.0,0,0,0,0,1,0,0,0,0,0,0,0,7,1,1,50.0,Matches,Brighton and Hove Albion,2024
Solly March,eng ENG,"FW,MF",30-300,1.9,2,0,0,2,2,3,20,2,3,0,0,0,7,1,2,33.3,Matches,Brighton and Hove Albion,2024
Billy Gilmour,sct SCO,MF,23-339,1.1,0,0,0,2,3,0,1,0,3,0,0,0,5,0,0,,Matches,Brighton and Hove Albion,2024
Eiran Cashin,ie IRL,DF,23-188,0.2,0,0,0,0,0,0,1,0,0,0,0,0,1,2,1,66.7,Matches,Brighton and Hove Albion,2024
Jakub Moder,pl POL,MF,26-039,0.1,0,0,0,0,0,0,1,0,0,0,0,0,2,0,1,0.0,Matches,Brighton and Hove Albion,2024
Jeremy Sarmiento,ec ECU,MF,22-334,0.1,0,0,0,0,0,0,0,0,0,0,0,0,1,0,0,,Matches,Brighton and Hove Albion,2024
Moisés Caicedo,ec ECU,"MF,DF",23-195,35.2,10,0,0,66,55,0,10,49,67,2,1,0,211,35,15,70.0,Matches,Chelsea,2024
Cole Palmer,eng ENG,MF,23-010,33.5,6,0,0,14,58,6,138,11,17,1,0,0,100,2,7,22.2,Matches,Chelsea,2024
Levi Colwill,eng ENG,DF,22-079,33.0,9,0,0,43,20,4,13,32,32,0,1,0,115,77,52,59.7,Matches,Chelsea,2024
Marc Cucurella,es ESP,DF,26-298,31.2,10,1,1,34,34,3,31,25,39,0,0,0,121,30,54,35.7,Matches,Chelsea,2024
Enzo Fernández,ar ARG,MF,24-119,30.7,8,0,0,48,50,1,108,13,32,0,0,0,148,14,28,33.3,Matches,Chelsea,2024
Robert Sánchez,es ESP,GK,27-179,30.0,5,0,0,2,4,0,0,2,0,0,2,0,42,9,0,100.0,Matches,Chelsea,2024
Nicolas Jackson,sn SEN,FW,23-330,24.7,7,1,0,35,29,23,3,3,13,0,0,0,48,21,36,36.8,Matches,Chelsea,2024
Noni Madueke,eng ENG,FW,23-067,20.6,3,0,0,21,24,5,59,8,15,0,0,0,73,10,16,38.5,Matches,Chelsea,2024
Pedro Neto,pt POR,FW,25-068,23.4,8,0,0,19,31,3,140,9,9,0,0,0,75,11,27,28.9,Matches,Chelsea,2024
Malo Gusto,fr FRA,DF,21-362,20.5,4,0,0,20,19,2,52,24,28,0,0,0,116,9,15,37.5,Matches,Chelsea,2024
Jadon Sancho,eng ENG,FW,25-052,18.9,2,0,0,6,11,6,24,2,7,2,0,0,97,6,10,37.5,Matches,Chelsea,2024
Wesley Fofana,fr FRA,DF,24-150,13.0,7,0,0,24,16,0,1,14,12,0,0,0,54,27,12,69.2,Matches,Chelsea,2024
Tosin Adarabioyo,eng ENG,DF,27-234,13.7,3,0,0,8,6,1,0,10,10,0,0,0,34,36,26,58.1,Matches,Chelsea,2024
Trevoh Chalobah,eng ENG,DF,25-315,10.1,2,0,0,9,7,0,3,10,7,0,0,0,29,23,12,65.7,Matches,Chelsea,2024
Roméo Lavia,be BEL,MF,21-130,8.4,4,0,0,15,6,0,0,16,13,0,1,0,39,12,3,80.0,Matches,Chelsea,2024
Reece James,eng ENG,"DF,MF",25-159,9.8,1,0,0,6,11,0,41,13,9,0,0,0,57,22,6,78.6,Matches,Chelsea,2024
Christopher Nkunku,fr FRA,FW,27-183,10.2,2,0,0,16,11,3,4,7,8,0,0,0,29,16,22,42.1,Matches,Chelsea,2024
Filip Jørgensen,dk DEN,GK,23-030,6.0,0,0,0,1,1,0,0,0,0,0,1,0,5,0,0,,Matches,Chelsea,2024
Axel Disasi,fr FRA,DF,27-066,4.0,1,0,0,2,0,0,0,2,4,0,0,0,15,5,2,71.4,Matches,Chelsea,2024
João Félix,pt POR,"FW,MF",25-187,4.1,2,0,0,6,17,1,0,3,3,0,0,0,22,4,5,44.4,Matches,Chelsea,2024
Benoît Badiashile,fr FRA,DF,24-051,3.7,0,0,0,6,2,0,0,6,6,0,0,0,18,8,2,80.0,Matches,Chelsea,2024
Kiernan Dewsbury-Hall,eng ENG,"MF,FW",26-252,2.9,0,0,0,4,6,0,2,1,5,0,0,0,9,0,1,0.0,Matches,Chelsea,2024
Joshua Acheampong,eng ENG,DF,19-011,1.9,1,0,0,0,1,0,0,1,1,0,0,0,7,1,6,14.3,Matches,Chelsea,2024
Renato Veiga,pt POR,"DF,MF",21-291,2.0,2,0,0,6,1,1,0,1,6,0,0,0,9,3,3,50.0,Matches,Chelsea,2024
Mykhailo Mudryk,ua UKR,FW,24-131,1.7,0,0,0,2,2,1,7,0,2,0,0,0,9,2,4,33.3,Matches,Chelsea,2024
Tyrique George,eng ENG,FW,19-101,1.1,1,0,0,2,0,1,3,1,0,0,0,0,3,0,3,0.0,Matches,Chelsea,2024
Marc Guiu,es ESP,FW,19-132,0.8,0,0,0,0,0,0,0,0,1,0,0,0,2,0,1,0.0,Matches,Chelsea,2024
Mathis Amougou,fr FRA,MF,19-118,0.1,0,0,0,0,0,0,0,0,0,0,0,0,2,0,0,,Matches,Chelsea,2024
Shumaira Mheuka,eng ENG,MF,17-208,0.0,0,0,0,0,0,0,0,0,0,0,0,0,0,1,0,100.0,Matches,Chelsea,2024
Dean Henderson,eng ENG,GK,28-065,36.0,3,0,0,0,1,0,0,0,1,0,0,0,25,11,1,91.7,Matches,Crystal Palace,2024
Tyrick Mitchell,eng ENG,DF,25-257,33.4,2,0,0,21,24,2,102,14,54,1,0,0,159,18,21,46.2,Matches,Crystal Palace,2024
Daniel Muñoz,co COL,DF,28-355,33.9,10,0,0,49,19,14,73,41,75,0,0,0,159,58,76,43.3,Matches,Crystal Palace,2024
Marc Guéhi,eng ENG,DF,24-307,34.0,9,1,1,24,27,1,13,28,34,0,0,3,145,68,58,54.0,Matches,Crystal Palace,2024
Maxence Lacroix,fr FRA,DF,25-040,32.6,5,0,0,34,19,1,6,52,40,0,1,0,125,57,49,53.8,Matches,Crystal Palace,2024
Jean-Philippe Mateta,fr FRA,FW,27-322,28.6,2,0,0,27,28,19,26,2,12,0,0,0,67,63,101,38.4,Matches,Crystal Palace,2024
Eberechi Eze,eng ENG,"MF,FW",26-321,28.0,1,0,0,12,51,9,110,11,22,0,0,0,137,7,37,15.9,Matches,Crystal Palace,2024
Ismaila Sarr,sn SEN,MF,27-080,28.4,4,0,0,13,55,11,55,9,10,1,0,0,105,33,49,40.2,Matches,Crystal Palace,2024
Jefferson Lerma,co COL,"MF,DF",30-203,23.3,9,0,0,35,38,0,11,37,16,0,0,0,144,39,39,50.0,Matches,Crystal Palace,2024
Will Hughes,eng ENG,MF,30-029,22.1,11,0,0,62,31,0,71,21,33,0,1,0,114,18,17,51.4,Matches,Crystal Palace,2024
Chris Richards,us USA,DF,25-049,19.4,4,1,1,11,4,1,5,19,28,1,0,0,50,41,39,51.3,Matches,Crystal Palace,2024
Adam Wharton,eng ENG,MF,20-348,14.6,2,0,0,12,21,0,39,20,14,0,0,0,102,7,16,30.4,Matches,Crystal Palace,2024
Daichi Kamada,jp JPN,MF,28-284,16.2,4,1,0,27,19,2,31,16,28,0,0,0,79,4,13,23.5,Matches,Crystal Palace,2024
Trevoh Chalobah,eng ENG,DF,25-315,11.8,1,0,0,10,15,1,7,19,16,0,0,0,56,22,19,53.7,Matches,Crystal Palace,2024
Eddie Nketiah,eng ENG,"FW,MF",25-351,10.3,6,1,1,28,26,4,5,2,7,1,0,0,22,20,33,37.7,Matches,Crystal Palace,2024
Nathaniel Clyne,eng ENG,"DF,MF",34-041,5.4,1,0,0,2,2,0,7,3,8,0,0,0,10,1,7,12.5,Matches,Crystal Palace,2024
Cheick Doucouré,ml MLI,MF,25-128,5.0,1,0,0,7,7,0,1,11,8,0,0,0,31,5,5,50.0,Matches,Crystal Palace,2024
Justin Devenny,nir NIR,MF,21-217,4.8,1,0,0,7,0,1,17,0,9,0,0,0,22,2,13,13.3,Matches,Crystal Palace,2024
Odsonne Édouard,fr FRA,"MF,FW",27-120,1.3,0,0,0,4,0,2,1,0,0,0,0,0,5,1,4,20.0,Matches,Crystal Palace,2024
Joachim Andersen,dk DEN,DF,28-350,1.0,1,0,0,2,0,0,1,0,1,0,0,0,7,2,0,100.0,Matches,Crystal Palace,2024
Chadi Riad,ma MAR,DF,21-333,1.0,0,0,0,1,0,0,0,2,2,0,0,0,4,2,4,33.3,Matches,Crystal Palace,2024
Ben Chilwell,eng ENG,DF,28-146,1.9,1,0,0,2,2,2,4,4,5,0,0,0,13,3,3,50.0,Matches,Crystal Palace,2024
Jeffrey Schlupp,gh GHA,"MF,DF",32-144,1.1,0,0,0,1,0,0,4,0,0,0,0,0,6,3,4,42.9,Matches,Crystal Palace,2024
Romain Esse,eng ENG,MF,20-003,0.5,0,0,0,1,0,0,0,1,2,0,0,0,2,1,1,50.0,Matches,Crystal Palace,2024
Matheus França,br BRA,"FW,MF",21-045,0.3,0,0,0,0,0,0,1,0,0,0,0,0,2,0,0,,Matches,Crystal Palace,2024
Jordan Ayew,gh GHA,"FW,MF",33-247,0.2,1,0,0,1,0,0,1,0,0,0,0,0,1,1,1,50.0,Matches,Crystal Palace,2024
Caleb Kporha,eng ENG,DF,18-305,0.1,0,0,0,0,0,0,2,0,1,0,0,0,1,0,1,0.0,Matches,Crystal Palace,2024
Asher Agbinone,eng ENG,MF,19-230,0.1,0,0,0,0,0,0,1,0,1,0,0,0,0,0,1,0.0,Matches,Crystal Palace,2024
Joel Ward,eng ENG,DF,35-199,0.0,0,0,0,0,0,0,0,0,0,0,0,0,0,1,0,100.0,Matches,Crystal Palace,2024
Jordan Pickford,eng ENG,GK,31-070,36.0,7,0,0,0,7,0,0,1,0,0,0,0,33,4,1,80.0,Matches,Everton,2024
James Tarkowski,eng ENG,DF,32-178,32.5,6,0,0,35,28,2,1,41,40,0,1,0,98,102,33,75.6,Matches,Everton,2024
Vitaliy Mykolenko,ua UKR,DF,25-352,32.2,3,0,0,21,30,3,93,39,33,0,1,0,81,47,37,56.0,Matches,Everton,2024
Idrissa Gana Gueye,sn SEN,MF,35-232,32.0,8,0,0,52,43,0,7,44,74,0,0,0,182,23,15,60.5,Matches,Everton,2024
Abdoulaye Doucouré,ml MLI,MF,32-135,27.6,5,1,1,47,5,10,23,9,27,0,0,0,145,29,43,40.3,Matches,Everton,2024
Jarrad Branthwaite,eng ENG,DF,22-323,27.1,4,0,0,12,18,1,5,25,20,0,0,0,89,55,41,57.3,Matches,Everton,2024
Iliman Ndiaye,sn SEN,FW,25-071,25.4,3,0,0,24,48,5,38,17,25,0,0,0,163,6,19,24.0,Matches,Everton,2024
Jack Harrison,eng ENG,FW,28-177,21.8,0,0,0,13,27,4,126,9,22,1,0,0,68,4,26,13.3,Matches,Everton,2024
Dominic Calvert-Lewin,eng ENG,FW,28-061,17.7,2,0,0,27,23,27,6,6,7,0,0,0,34,84,80,51.2,Matches,Everton,2024
Ashley Young,eng ENG,"DF,FW",39-311,19.0,6,1,0,26,19,0,70,24,30,0,0,0,66,10,11,47.6,Matches,Everton,2024
James Garner,eng ENG,"MF,DF",24-064,15.7,3,0,0,19,15,0,53,20,28,0,0,0,66,10,8,55.6,Matches,Everton,2024
Jake O'Brien,ie IRL,DF,24-001,15.5,5,0,0,13,4,3,18,4,16,0,0,0,51,33,27,55.0,Matches,Everton,2024
Jesper Lindstrøm,dk DEN,FW,25-076,13.8,2,0,0,15,10,1,71,12,25,0,0,0,70,6,12,33.3,Matches,Everton,2024
Dwight McNeil,eng ENG,"MF,FW",25-175,14.4,1,0,0,6,16,1,98,5,7,0,0,0,72,3,15,16.7,Matches,Everton,2024
Orel Mangala,be BEL,MF,27-059,14.0,2,0,0,24,17,2,6,21,8,0,0,0,49,6,8,42.9,Matches,Everton,2024
Beto,gw GNB,FW,27-105,15.1,2,0,0,31,20,14,4,3,6,0,0,0,33,86,95,47.5,Matches,Everton,2024
Michael Keane,eng ENG,DF,32-125,10.5,5,0,0,9,0,0,1,15,7,0,0,0,25,23,18,56.1,Matches,Everton,2024
Carlos Alcaraz,ar ARG,"FW,MF",22-167,7.4,4,0,0,11,11,1,10,4,5,0,0,0,32,13,6,68.4,Matches,Everton,2024
Tim Iroegbunam,eng ENG,MF,21-320,6.4,4,0,0,15,12,0,1,16,14,0,0,0,51,11,4,73.3,Matches,Everton,2024
Armando Broja,al ALB,FW,23-248,3.7,1,0,0,6,4,3,1,1,1,0,0,0,9,18,21,46.2,Matches,Everton,2024
Nathan Patterson,sct SCO,DF,23-212,3.9,1,0,0,6,1,0,14,2,6,0,0,0,12,1,7,12.5,Matches,Everton,2024
Séamus Coleman,ie IRL,DF,36-217,2.2,1,0,0,0,1,0,3,1,2,0,0,0,7,2,1,66.7,Matches,Everton,2024
Roman Dixon,eng ENG,DF,20-141,1.0,0,0,0,0,0,0,0,1,5,0,0,0,6,0,3,0.0,Matches,Everton,2024
Harrison Armstrong,eng ENG,MF,18-117,0.5,1,0,0,2,2,0,1,0,0,0,0,0,2,0,2,0.0,Matches,Everton,2024
Youssef Chermiti,pt POR,"FW,MF",20-357,0.5,1,0,0,1,1,2,1,0,0,0,0,0,0,2,1,66.7,Matches,Everton,2024
Mason Holgate,eng ENG,"FW,DF",28-206,0.1,0,0,0,0,0,0,0,0,0,0,0,0,0,0,1,0.0,Matches,Everton,2024
Bernd Leno,de GER,GK,33-073,36.0,4,0,0,0,3,0,0,0,2,0,0,0,48,9,1,90.0,Matches,Fulham,2024
Alex Iwobi,ng NGA,"FW,MF",29-013,32.1,1,0,0,18,18,5,124,13,24,0,0,0,133,6,31,16.2,Matches,Fulham,2024
Antonee Robinson,us USA,DF,27-281,33.2,8,0,0,31,17,6,165,57,57,0,0,0,148,45,25,64.3,Matches,Fulham,2024
Calvin Bassey,ng NGA,DF,25-136,33.2,7,0,0,26,31,2,8,19,33,0,0,0,163,41,32,56.2,Matches,Fulham,2024
Raúl Jiménez,mx MEX,FW,34-011,25.7,4,0,0,39,38,14,23,10,23,1,0,0,77,81,95,46.0,Matches,Fulham,2024
Joachim Andersen,dk DEN,DF,28-350,26.7,5,1,0,17,17,0,11,31,18,0,0,1,111,67,38,63.8,Matches,Fulham,2024
Saša Lukić,rs SRB,MF,28-276,24.1,12,0,0,62,26,0,55,26,37,0,0,0,107,18,24,42.9,Matches,Fulham,2024
Sander Berge,no NOR,MF,27-091,24.2,6,0,0,31,10,0,3,21,28,0,0,0,122,28,21,57.1,Matches,Fulham,2024
Andreas Pereira,br BRA,MF,29-135,21.7,7,0,0,28,24,1,171,8,13,1,0,0,100,12,21,36.4,Matches,Fulham,2024
Emile Smith Rowe,eng ENG,MF,24-292,21.6,2,0,0,18,14,4,15,11,18,0,0,0,73,6,17,26.1,Matches,Fulham,2024
Kenny Tete,nl NED,DF,29-219,17.7,4,0,0,29,14,1,33,29,34,0,0,0,66,18,15,54.5,Matches,Fulham,2024
Timothy Castagne,be BEL,DF,29-162,18.3,1,0,0,15,6,1,37,22,29,0,1,0,57,34,35,49.3,Matches,Fulham,2024
Adama Traoré,es ESP,"FW,MF",29-111,18.0,3,0,0,20,29,1,94,1,12,0,0,0,78,25,26,49.0,Matches,Fulham,2024
Issa Diop,fr FRA,DF,28-127,14.9,2,0,0,10,4,0,1,9,12,0,0,1,45,20,12,62.5,Matches,Fulham,2024
Harry Wilson,wls WAL,"FW,MF",28-055,12.0,2,0,0,11,21,1,41,5,11,1,0,0,53,5,18,21.7,Matches,Fulham,2024
Rodrigo Muniz,br BRA,FW,24-012,10.7,1,0,0,11,31,3,1,5,5,0,0,0,14,67,63,51.5,Matches,Fulham,2024
Ryan Sessegnon,eng ENG,"FW,DF",24-363,6.1,1,0,0,19,4,1,14,3,13,0,0,0,29,8,11,42.1,Matches,Fulham,2024
Reiss Nelson,eng ENG,FW,25-157,5.4,1,0,0,6,9,1,23,5,6,0,0,0,29,0,4,0.0,Matches,Fulham,2024
Jorge Cuenca,es ESP,DF,25-180,2.9,0,0,0,2,2,0,1,2,2,0,0,0,9,6,3,66.7,Matches,Fulham,2024
Tom Cairney,sct SCO,MF,34-116,5.7,3,1,0,8,18,0,19,4,5,0,0,0,45,4,8,33.3,Matches,Fulham,2024
Willian,br BRA,"FW,MF",36-280,2.9,0,0,0,1,0,0,16,1,2,0,0,0,14,1,3,25.0,Matches,Fulham,2024
Joshua King,eng ENG,MF,18-133,1.0,0,0,0,3,2,0,2,1,3,0,0,0,3,0,1,0.0,Matches,Fulham,2024
Harrison Reed,eng ENG,MF,30-109,1.2,2,0,0,6,2,0,6,1,3,0,1,0,10,1,2,33.3,Matches,Fulham,2024
Martial Godo,eng ENG,"FW,DF",22-063,0.3,0,0,0,1,0,0,1,1,0,0,0,0,1,0,1,0.0,Matches,Fulham,2024
Carlos Vinícius,br BRA,"MF,FW",30-052,0.2,0,0,0,0,2,0,0,0,0,0,0,0,0,0,0,,Matches,Fulham,2024
Jay Stansfield,eng ENG,MF,22-173,0.0,0,0,0,1,0,0,0,0,0,0,0,0,0,0,0,,Matches,Fulham,2024
Dara O'Shea,ie IRL,DF,26-073,32.7,6,0,0,18,22,3,7,31,30,0,0,0,106,105,79,57.1,Matches,Ipswich Town,2024
Liam Delap,eng ENG,FW,22-097,28.4,10,0,0,68,50,13,5,2,8,2,0,0,67,54,74,42.2,Matches,Ipswich Town,2024
Leif Davis,eng ENG,DF,25-124,28.5,5,1,0,25,30,3,148,25,26,0,2,0,111,33,22,60.0,Matches,Ipswich Town,2024
Sam Morsy,eg EGY,MF,33-248,28.6,10,0,0,46,25,0,12,29,38,0,1,1,145,18,23,43.9,Matches,Ipswich Town,2024
Omari Hutchinson,eng ENG,"MF,FW",21-198,26.7,5,0,0,29,39,4,70,10,12,0,0,0,99,6,25,19.4,Matches,Ipswich Town,2024
Jacob Greaves,eng ENG,DF,24-246,22.5,5,0,0,13,20,1,1,19,20,0,0,0,53,71,38,65.1,Matches,Ipswich Town,2024
Jens Cajuste,se SWE,MF,25-279,20.1,2,0,0,22,21,0,9,25,20,0,0,0,99,12,22,35.3,Matches,Ipswich Town,2024
Arijanet Muric,xk KVX,GK,26-190,18.0,1,0,0,0,4,0,0,0,0,0,0,0,26,11,1,91.7,Matches,Ipswich Town,2024
Axel Tuanzebe,cd COD,DF,27-183,17.0,5,1,1,13,12,0,7,22,17,0,0,1,43,18,17,51.4,Matches,Ipswich Town,2024
Cameron Burgess,au AUS,DF,29-207,17.1,0,0,0,6,4,1,0,14,12,0,0,0,44,44,22,66.7,Matches,Ipswich Town,2024
Ben Johnson,eng ENG,"DF,FW",25-112,15.0,5,1,1,27,6,1,37,13,22,0,0,0,57,19,18,51.4,Matches,Ipswich Town,2024
Kalvin Phillips,eng ENG,MF,29-165,13.7,6,1,1,28,20,0,20,19,19,0,0,0,68,7,22,24.1,Matches,Ipswich Town,2024
Sammie Szmodics,ie IRL,"FW,MF",29-234,10.9,2,0,0,9,8,8,13,6,9,0,1,0,41,6,11,35.3,Matches,Ipswich Town,2024
Luke Woolfenden,eng ENG,DF,26-207,13.2,2,0,0,5,2,1,0,19,6,0,0,0,38,15,15,50.0,Matches,Ipswich Town,2024
Alex Palmer,eng ENG,GK,28-279,12.0,2,0,0,1,3,0,0,0,0,0,0,0,15,5,0,100.0,Matches,Ipswich Town,2024
Wes Burns,wls WAL,"FW,DF",30-174,10.3,1,0,0,4,11,0,46,10,11,0,0,0,50,8,21,27.6,Matches,Ipswich Town,2024
Jack Clarke,eng ENG,"FW,MF",24-174,12.1,2,0,0,15,21,3,13,7,17,0,0,0,68,7,17,29.2,Matches,Ipswich Town,2024
Julio Enciso,py PAR,"FW,MF",21-113,8.9,3,0,0,9,20,0,19,1,9,0,1,0,42,8,17,32.0,Matches,Ipswich Town,2024
Conor Chaplin,eng ENG,"MF,FW",28-089,8.5,2,0,0,11,6,0,9,3,5,0,0,0,25,2,9,18.2,Matches,Ipswich Town,2024
Nathan Broadhead,wls WAL,"MF,FW",27-041,6.7,1,0,0,4,13,2,9,4,3,0,0,0,30,1,9,10.0,Matches,Ipswich Town,2024
Christian Walton,eng ENG,GK,29-188,6.0,0,0,0,0,1,0,0,0,0,0,0,0,5,2,0,100.0,Matches,Ipswich Town,2024
Jaden Philogene Bidace,eng ENG,"FW,DF",23-097,5.3,1,0,0,8,10,1,13,10,7,0,0,0,23,5,3,62.5,Matches,Ipswich Town,2024
Jack Taylor,ie IRL,MF,26-327,9.2,4,0,0,16,5,0,6,9,10,0,0,0,51,7,7,50.0,Matches,Ipswich Town,2024
Harry Clarke,eng ENG,DF,24-075,4.2,3,1,1,5,1,0,5,4,3,0,1,0,17,10,4,71.4,Matches,Ipswich Town,2024
George Hirst,sct SCO,FW,26-090,5.8,3,0,0,12,10,2,3,2,3,0,0,0,9,31,20,60.8,Matches,Ipswich Town,2024
Conor Townsend,eng ENG,DF,32-073,3.7,1,0,0,2,4,0,12,4,8,0,0,0,8,6,4,60.0,Matches,Ipswich Town,2024
Chiedozie Ogbene,ie IRL,FW,28-015,2.6,0,0,0,2,7,1,4,1,3,0,0,0,6,1,6,14.3,Matches,Ipswich Town,2024
Massimo Luongo,au AUS,MF,32-233,2.2,0,0,0,1,2,0,1,2,5,0,0,0,10,1,0,100.0,Matches,Ipswich Town,2024
Ben Godfrey,eng ENG,DF,27-121,1.8,1,0,0,1,0,0,0,2,0,0,0,0,2,3,0,100.0,Matches,Ipswich Town,2024
Ali Al Hamadi,iq IRQ,FW,23-076,1.5,3,0,0,8,3,1,0,0,0,0,0,0,4,5,9,35.7,Matches,Ipswich Town,2024
Marcus Harness,eng ENG,MF,29-081,0.5,0,0,0,0,0,1,0,0,0,0,0,0,2,0,0,,Matches,Ipswich Town,2024
George Edmundson,eng ENG,DF,27-258,0.0,0,0,0,0,0,0,0,0,0,0,0,0,0,0,0,,Matches,Ipswich Town,2024
Jamie Vardy,eng ENG,FW,38-125,30.5,5,0,0,22,22,27,11,5,13,2,0,0,39,49,52,48.5,Matches,Leicester City,2024
James Justin,eng ENG,DF,27-082,30.7,6,0,0,28,39,2,54,45,30,0,0,0,80,63,50,55.8,Matches,Leicester City,2024
Wout Faes,be BEL,DF,27-043,29.3,4,0,0,21,11,1,5,26,23,0,0,0,87,44,34,56.4,Matches,Leicester City,2024
Victor Bernth Kristiansen,dk DEN,DF,22-151,26.6,1,0,0,17,17,3,97,40,50,0,1,1,97,19,42,31.1,Matches,Leicester City,2024
Mads Hermansen,dk DEN,GK,24-309,26.5,1,0,0,0,3,0,0,0,1,0,0,0,17,4,1,80.0,Matches,Leicester City,2024
Wilfred Ndidi,ng NGA,MF,28-151,24.9,8,0,0,39,18,3,30,29,50,0,0,1,125,59,56,51.3,Matches,Leicester City,2024
Bilal El Khannouss,ma MAR,MF,21-006,23.2,4,0,0,28,13,1,87,6,27,0,0,0,89,19,23,45.2,Matches,Leicester City,2024
Boubakary Soumaré,fr FRA,MF,26-078,22.1,8,0,0,21,21,0,9,25,18,0,0,0,130,21,9,70.0,Matches,Leicester City,2024
Harry Winks,eng ENG,MF,29-103,17.1,4,0,0,9,13,0,34,9,11,0,0,0,106,8,6,57.1,Matches,Leicester City,2024
Conor Coady,eng ENG,DF,32-080,17.0,2,0,0,7,2,1,0,13,8,0,2,0,52,13,20,39.4,Matches,Leicester City,2024
Jordan Ayew,gh GHA,"FW,MF",33-247,16.5,5,0,0,29,50,6,58,12,14,0,0,0,90,34,63,35.1,Matches,Leicester City,2024
Stephy Mavididi,eng ENG,FW,26-350,17.9,2,0,0,18,18,3,69,11,19,0,0,0,83,9,15,37.5,Matches,Leicester City,2024
Jannik Vestergaard,dk DEN,DF,32-286,15.5,5,0,0,12,4,0,0,16,10,0,0,1,46,26,19,57.8,Matches,Leicester City,2024
Facundo Buonanotte,ar ARG,"FW,MF",20-144,16.7,8,0,0,37,34,3,43,12,32,0,0,0,79,18,35,34.0,Matches,Leicester City,2024
Caleb Okoli,it ITA,DF,23-307,12.5,4,0,0,16,9,0,1,15,14,0,0,0,44,23,21,52.3,Matches,Leicester City,2024
Luke Thomas,eng ENG,DF,23-340,10.5,2,0,0,9,6,0,26,18,21,0,1,0,36,13,11,54.2,Matches,Leicester City,2024
Oliver Skipp,eng ENG,MF,24-242,11.7,8,0,0,20,13,0,5,10,4,0,0,0,42,11,6,64.7,Matches,Leicester City,2024
Bobby De Cordova-Reid,jm JAM,FW,32-103,8.3,2,0,0,9,9,4,15,0,4,1,0,0,29,6,14,30.0,Matches,Leicester City,2024
Jakub Stolarczyk,pl POL,GK,24-148,8.0,1,0,0,0,0,0,0,0,1,0,0,0,8,4,0,100.0,Matches,Leicester City,2024
Kasey McAteer,ie IRL,"FW,MF",23-175,7.6,2,0,0,15,14,2,18,3,14,0,0,0,35,12,16,42.9,Matches,Leicester City,2024
Abdul Fatawu Issahaku,gh GHA,FW,21-069,6.4,0,0,0,11,20,2,30,4,15,0,0,0,38,14,13,51.9,Matches,Leicester City,2024
Patson Daka,zm ZAM,"FW,MF",26-219,7.3,0,0,0,12,17,3,3,1,9,0,0,0,18,10,27,27.0,Matches,Leicester City,2024
Ricardo Pereira,pt POR,DF,31-222,3.8,1,0,0,4,6,0,3,2,6,0,0,0,16,4,2,66.7,Matches,Leicester City,2024
Danny Ward,wls WAL,GK,31-328,1.5,0,0,0,0,0,0,0,0,0,0,0,0,1,0,0,,Matches,Leicester City,2024
Hamza Choudhury,bd BAN,"MF,DF",27-227,1.5,0,0,0,1,0,0,5,5,1,0,0,0,2,0,0,,Matches,Leicester City,2024
Woyo Coulibaly,fr FRA,DF,25-361,1.2,1,0,0,2,1,0,0,5,4,0,0,0,14,0,3,0.0,Matches,Leicester City,2024
Jeremy Monga,,"FW,MF",,0.7,0,0,0,0,2,0,2,0,1,0,0,0,9,0,1,0.0,Matches,Leicester City,2024
Odsonne Édouard,fr FRA,FW,27-120,0.3,0,0,0,2,0,0,0,0,1,0,0,0,1,1,1,50.0,Matches,Leicester City,2024
Jake Evans,,FW,,0.1,0,0,0,0,0,0,0,0,0,0,0,0,0,0,1,0.0,Matches,Leicester City,2024
Will Alves,eng ENG,FW,20-102,0.0,0,0,0,0,0,0,0,0,0,0,0,0,0,0,0,,Matches,Leicester City,2024
Michael Golding,eng ENG,MF,18-358,0.0,0,0,0,0,0,0,0,0,0,0,0,0,0,0,0,,Matches,Leicester City,2024
Virgil van Dijk,nl NED,DF,33-312,36.0,4,0,0,16,12,0,1,54,17,0,0,0,112,112,46,70.9,Matches,Liverpool,2024
Mohamed Salah,eg EGY,FW,32-335,35.5,1,0,0,25,38,17,74,7,11,0,0,0,98,9,12,42.9,Matches,Liverpool,2024
Ryan Gravenberch,nl NED,MF,23-000,33.4,5,0,0,43,47,0,6,57,35,0,0,0,185,26,14,65.0,Matches,Liverpool,2024
Alexis Mac Allister,ar ARG,MF,26-143,28.9,6,0,0,62,40,2,86,22,58,0,0,0,148,19,34,35.8,Matches,Liverpool,2024
Ibrahima Konaté,fr FRA,DF,25-356,26.8,5,0,0,27,19,0,0,12,26,0,0,0,89,74,29,71.8,Matches,Liverpool,2024
Andrew Robertson,sct SCO,DF,31-066,26.6,3,1,0,11,8,2,139,21,22,0,1,1,99,7,13,35.0,Matches,Liverpool,2024
Trent Alexander-Arnold,eng ENG,DF,26-221,25.8,5,0,0,11,8,1,145,31,50,0,0,0,130,3,13,18.8,Matches,Liverpool,2024
Dominik Szoboszlai,hu HUN,MF,24-203,26.3,6,0,0,40,24,4,36,9,20,0,0,0,126,18,22,45.0,Matches,Liverpool,2024
Luis Díaz,co COL,FW,28-123,25.6,2,0,0,48,31,10,31,7,23,2,0,0,102,12,34,26.1,Matches,Liverpool,2024
Alisson,br BRA,GK,32-226,25.9,0,0,0,0,2,0,0,0,0,0,0,0,44,6,0,100.0,Matches,Liverpool,2024
Cody Gakpo,nl NED,FW,26-009,19.8,5,0,0,18,27,5,69,11,15,1,0,0,72,15,24,38.5,Matches,Liverpool,2024
Curtis Jones,eng ENG,"MF,DF",24-106,17.7,3,1,1,17,24,1,6,7,21,1,0,0,89,13,12,52.0,Matches,Liverpool,2024
Diogo Jota,pt POR,FW,28-163,13.0,2,0,0,22,14,1,8,7,8,1,0,0,40,22,30,42.3,Matches,Liverpool,2024
Caoimhín Kelleher,ie IRL,GK,26-174,10.0,0,0,0,0,3,0,0,0,0,0,0,0,18,1,0,100.0,Matches,Liverpool,2024
Darwin Núñez,uy URU,FW,25-326,11.9,8,0,0,27,14,12,2,3,17,1,0,0,40,17,31,35.4,Matches,Liverpool,2024
Kostas Tsimikas,gr GRE,DF,29-004,8.3,2,0,0,9,6,1,61,10,18,0,0,0,27,5,6,45.5,Matches,Liverpool,2024
Joe Gomez,eng ENG,DF,27-358,5.8,1,0,0,2,3,0,2,7,10,0,0,0,34,9,4,69.2,Matches,Liverpool,2024
Conor Bradley,nir NIR,DF,21-311,7.0,4,0,0,12,12,1,6,4,10,0,0,0,42,11,7,61.1,Matches,Liverpool,2024
Jarell Quansah,eng ENG,DF,22-107,4.5,2,0,0,9,1,0,2,6,8,0,1,1,16,6,10,37.5,Matches,Liverpool,2024
Harvey Elliott,eng ENG,"MF,FW",22-042,3.1,1,0,0,0,0,1,11,1,3,0,0,0,10,1,2,33.3,Matches,Liverpool,2024
Wataru Endo,jp JPN,MF,32-096,2.6,0,0,0,14,6,0,0,3,8,0,0,0,12,2,3,40.0,Matches,Liverpool,2024
Federico Chiesa,it ITA,FW,27-203,0.5,0,0,0,2,1,0,2,0,0,0,0,0,4,0,1,0.0,Matches,Liverpool,2024
Vitezslav Jaros,cz CZE,GK,23-297,0.1,0,0,0,0,0,0,0,0,0,0,0,0,0,0,0,,Matches,Liverpool,2024
Jayden Danns,eng ENG,MF,19-120,0.1,0,0,0,0,0,0,0,0,0,0,0,0,0,0,0,,Matches,Liverpool,2024
Joško Gvardiol,hr CRO,DF,23-113,34.4,2,0,0,14,24,3,22,39,36,0,0,0,132,50,36,58.1,Matches,Manchester City,2024
Erling Haaland,no NOR,FW,24-299,28.6,2,0,0,23,12,4,3,5,5,0,0,0,31,52,48,52.0,Matches,Manchester City,2024
Bernardo Silva,pt POR,"MF,FW",30-279,27.7,7,0,0,27,29,3,56,20,35,0,0,0,97,5,10,33.3,Matches,Manchester City,2024
Ederson,br BRA,GK,31-272,23.8,3,0,0,1,0,0,0,1,0,0,1,0,39,4,1,80.0,Matches,Manchester City,2024
Mateo Kovačić,hr CRO,MF,31-010,23.7,5,0,0,23,25,0,0,22,38,0,0,0,113,10,9,52.6,Matches,Manchester City,2024
Rúben Dias,pt POR,DF,28-002,23.2,4,0,0,12,8,0,3,18,10,0,1,1,73,34,33,50.7,Matches,Manchester City,2024
İlkay Gündoğan,de GER,MF,34-204,22.8,1,0,0,15,21,0,57,13,13,0,0,0,105,13,11,54.2,Matches,Manchester City,2024
Rico Lewis,eng ENG,"DF,MF",20-176,21.0,5,1,1,12,34,0,6,13,19,0,0,0,95,6,14,30.0,Matches,Manchester City,2024
Manuel Akanji,ch SUI,DF,29-301,20.4,3,0,0,17,9,0,11,7,11,0,0,0,96,30,30,50.0,Matches,Manchester City,2024
Sávio,br BRA,"FW,MF",21-036,19.4,3,0,0,17,27,3,84,6,17,2,0,0,79,1,2,33.3,Matches,Manchester City,2024
Phil Foden,eng ENG,"MF,FW",24-353,19.6,2,0,0,5,34,3,80,9,5,0,0,0,60,3,9,25.0,Matches,Manchester City,2024
Kevin De Bruyne,be BEL,"MF,FW",33-322,18.1,2,0,0,16,18,5,140,7,9,0,0,0,63,5,16,23.8,Matches,Manchester City,2024
Matheus Nunes,pt POR,"DF,MF",26-262,16.6,4,0,0,28,17,6,39,13,21,0,1,0,60,13,16,44.8,Matches,Manchester City,2024
Jeremy Doku,be BEL,"FW,MF",22-354,16.0,1,0,0,9,32,5,56,4,21,0,0,0,58,0,11,0.0,Matches,Manchester City,2024
Stefan Ortega,de GER,GK,32-191,12.2,1,0,0,1,2,0,0,0,0,0,1,0,8,2,0,100.0,Matches,Manchester City,2024
Omar Marmoush,eg EGY,"FW,MF",26-098,11.2,0,0,0,13,17,9,25,5,6,1,0,0,33,5,9,35.7,Matches,Manchester City,2024
Kyle Walker,eng ENG,DF,34-353,10.8,3,0,0,6,5,1,14,3,10,0,0,0,46,9,7,56.3,Matches,Manchester City,2024
Nathan Aké,nl NED,DF,30-087,7.5,0,0,0,2,0,0,1,3,7,0,0,0,24,13,10,56.5,Matches,Manchester City,2024
Nicolás González,es ESP,MF,23-133,7.2,3,0,0,11,4,0,0,5,6,0,0,0,31,16,11,59.3,Matches,Manchester City,2024
Jack Grealish,eng ENG,"FW,MF",29-248,8.0,3,0,0,5,25,0,20,2,5,0,0,0,26,1,7,12.5,Matches,Manchester City,2024
John Stones,eng ENG,"DF,MF",30-353,6.1,1,0,0,2,2,0,0,4,2,0,0,0,22,8,6,57.1,Matches,Manchester City,2024
Nico O’Reilly,eng ENG,DF,20-056,5.9,0,0,0,6,4,1,8,4,4,0,0,0,31,6,9,40.0,Matches,Manchester City,2024
Abdukodir Khusanov,uz UZB,DF,21-076,5.6,1,0,0,3,3,0,1,3,4,0,0,1,27,6,4,60.0,Matches,Manchester City,2024
James Mcatee,eng ENG,"MF,FW",22-210,3.9,1,0,0,6,3,0,8,2,2,0,0,0,8,2,3,40.0,Matches,Manchester City,2024
Jahmai Simpson-Pusey,eng ENG,DF,19-193,1.1,1,0,0,0,1,0,0,0,0,0,0,0,3,1,3,25.0,Matches,Manchester City,2024
Rodri,es ESP,MF,28-328,0.7,0,0,0,1,2,0,0,1,1,0,0,0,7,1,0,100.0,Matches,Manchester City,2024
Divin Mubama,eng ENG,FW,20-203,0.3,0,0,0,0,0,0,0,0,0,0,0,0,1,0,1,0.0,Matches,Manchester City,2024
Oscar Bobb,no NOR,FW,21-308,0.2,0,0,0,0,1,0,0,0,0,0,0,0,1,0,0,,Matches,Manchester City,2024
Vitor Reis,br BRA,DF,19-124,0.0,0,0,0,0,0,0,0,0,0,0,0,0,0,0,0,,Matches,Manchester City,2024
André Onana,cm CMR,GK,29-044,33.0,0,0,0,0,2,0,0,0,1,0,0,0,33,6,0,100.0,Matches,Manchester United,2024
Bruno Fernandes,pt POR,MF,30-250,31.6,4,2,1,26,38,2,181,25,47,0,0,0,196,21,28,42.9,Matches,Manchester United,2024
Noussair Mazraoui,ma MAR,DF,27-183,30.3,2,0,0,37,23,3,22,34,63,0,1,0,144,48,28,63.2,Matches,Manchester United,2024
Diogo Dalot,pt POR,DF,26-059,31.0,5,0,0,40,9,4,65,37,39,0,1,0,164,38,21,64.4,Matches,Manchester United,2024
Matthijs de Ligt,nl NED,DF,25-277,23.6,3,0,0,16,12,2,6,33,22,0,2,0,68,58,29,66.7,Matches,Manchester United,2024
Alejandro Garnacho,ar ARG,"MF,FW",20-319,24.2,3,0,0,12,42,10,56,13,18,0,0,0,108,3,24,11.1,Matches,Manchester United,2024
Manuel Ugarte Ribeiro,uy URU,MF,24-035,19.6,10,0,0,39,33,0,7,27,47,0,0,1,122,18,18,50.0,Matches,Manchester United,2024
Rasmus Højlund,dk DEN,FW,22-101,20.4,2,0,0,15,27,11,7,1,1,1,0,0,31,26,87,23.0,Matches,Manchester United,2024
Lisandro Martínez,ar ARG,DF,27-118,19.5,7,0,0,22,7,0,9,32,24,0,0,0,81,16,13,55.2,Matches,Manchester United,2024
Kobbie Mainoo,eng ENG,MF,20-027,17.7,5,0,0,27,20,2,6,19,27,0,0,0,84,19,30,38.8,Matches,Manchester United,2024
Amad Diallo,ci CIV,"FW,MF",22-309,19.1,3,0,0,19,26,9,40,11,29,1,0,0,101,9,15,37.5,Matches,Manchester United,2024
Harry Maguire,eng ENG,DF,32-072,17.5,7,0,0,17,11,1,3,39,14,0,0,0,59,55,23,70.5,Matches,Manchester United,2024
Casemiro,br BRA,MF,33-082,14.8,3,0,0,17,18,3,19,12,46,0,0,0,89,31,17,64.6,Matches,Manchester United,2024
Joshua Zirkzee,nl NED,"FW,MF",23-359,15.6,2,0,0,9,13,3,4,6,8,1,0,0,57,21,54,28.0,Matches,Manchester United,2024
Leny Yoro,fr FRA,DF,19-184,12.9,5,0,0,9,2,1,1,18,11,0,0,0,46,16,16,50.0,Matches,Manchester United,2024
Marcus Rashford,eng ENG,"FW,MF",27-197,10.9,2,0,0,8,7,7,27,4,4,0,0,0,24,5,7,41.7,Matches,Manchester United,2024
Christian Eriksen,dk DEN,MF,33-091,11.5,4,0,0,8,3,0,83,7,9,0,0,0,61,2,6,25.0,Matches,Manchester United,2024
Patrick Dorgu,dk DEN,DF,20-202,7.4,3,1,0,14,23,3,31,4,19,0,0,0,27,12,7,63.2,Matches,Manchester United,2024
Mason Mount,eng ENG,MF,26-126,5.4,3,0,0,15,7,0,9,3,4,0,0,0,16,4,7,36.4,Matches,Manchester United,2024
Victor Lindelöf,se SWE,DF,30-303,5.8,1,0,0,7,1,0,1,7,2,0,0,0,16,12,13,48.0,Matches,Manchester United,2024
Harry Amass,eng ENG,DF,18-061,3.8,0,0,0,2,4,1,9,2,2,0,0,0,26,7,6,53.8,Matches,Manchester United,2024
Jonny Evans,nir NIR,DF,37-133,3.2,1,0,0,5,6,0,0,4,5,0,0,0,15,8,3,72.7,Matches,Manchester United,2024
Altay Bayındır,tr TUR,GK,27-032,3.0,0,0,0,0,0,0,0,0,0,0,0,0,1,1,1,50.0,Matches,Manchester United,2024
Luke Shaw,eng ENG,DF,29-308,3.0,1,0,0,3,0,0,10,2,3,0,0,1,9,3,2,60.0,Matches,Manchester United,2024
Tyler Fredricson,eng ENG,DF,20-082,1.8,0,0,0,0,2,0,0,1,3,0,0,0,12,7,5,58.3,Matches,Manchester United,2024
Tyrell Malacia,nl NED,DF,25-272,1.1,1,0,0,3,2,0,1,1,1,0,0,0,3,0,0,,Matches,Manchester United,2024
Chidozie Obi-Martin,dk DEN,FW,17-168,1.7,1,0,0,3,1,0,0,0,1,0,0,0,9,1,4,20.0,Matches,Manchester United,2024
Ayden Heaven,eng ENG,DF,18-236,1.1,0,0,0,2,3,0,0,1,3,0,0,0,4,1,2,33.3,Matches,Manchester United,2024
Toby Collyer,eng ENG,MF,21-133,2.0,0,0,0,2,4,0,0,2,9,0,0,0,17,3,1,75.0,Matches,Manchester United,2024
Antony,br BRA,"DF,MF",25-081,1.6,0,0,0,2,5,0,5,2,3,0,0,0,11,0,1,0.0,Matches,Manchester United,2024
Scott McTominay,sct SCO,MF,28-159,0.2,0,0,0,0,0,0,0,0,0,0,0,0,1,1,0,100.0,Matches,Manchester United,2024
Bruno Guimarães,br BRA,MF,27-181,34.3,7,0,0,59,102,2,26,28,43,0,0,0,172,18,18,50.0,Matches,Newcastle United,2024
Dan Burn,eng ENG,DF,33-007,35.0,10,0,0,31,11,5,3,26,20,0,0,2,98,136,66,67.3,Matches,Newcastle United,2024
Alexander Isak,se SWE,FW,25-237,29.6,1,0,0,26,14,20,15,3,5,1,0,0,55,26,53,32.9,Matches,Newcastle United,2024
Fabian Schär,ch SUI,DF,33-147,30.6,8,1,0,33,13,4,10,41,21,0,0,0,129,46,62,42.6,Matches,Newcastle United,2024
Valentino Livramento,eng ENG,DF,22-185,29.6,1,0,0,6,34,2,45,21,36,0,0,0,177,23,33,41.1,Matches,Newcastle United,2024
Joelinton,br BRA,"MF,FW",28-275,26.6,10,0,0,58,35,7,16,23,35,0,0,0,149,59,46,56.2,Matches,Newcastle United,2024
Jacob Murphy,eng ENG,FW,30-081,24.8,4,0,0,11,15,3,113,12,16,1,0,0,94,4,16,20.0,Matches,Newcastle United,2024
Sandro Tonali,it ITA,MF,25-008,27.2,5,0,0,37,46,2,34,33,30,1,0,0,166,12,12,50.0,Matches,Newcastle United,2024
Nick Pope,eng ENG,GK,33-027,26.0,2,0,0,2,5,0,0,1,0,0,2,0,22,11,1,91.7,Matches,Newcastle United,2024
Anthony Gordon,eng ENG,FW,24-081,25.5,2,0,0,20,68,8,122,6,17,1,0,0,95,7,7,50.0,Matches,Newcastle United,2024
Lewis Hall,eng ENG,DF,20-250,24.3,3,0,0,9,21,1,110,18,41,0,0,0,119,30,31,49.2,Matches,Newcastle United,2024
Harvey Barnes,eng ENG,FW,27-158,17.7,0,0,0,12,21,5,44,6,9,0,0,0,52,5,15,25.0,Matches,Newcastle United,2024
Kieran Trippier,eng ENG,DF,34-239,14.2,1,0,0,16,11,2,79,12,20,0,0,0,65,21,15,58.3,Matches,Newcastle United,2024
Joe Willock,eng ENG,"MF,FW",25-269,11.4,3,0,0,22,13,3,16,6,16,0,0,0,40,5,14,26.3,Matches,Newcastle United,2024
Martin Dúbravka,sk SVK,GK,36-121,10.0,0,0,0,0,1,0,0,0,0,0,0,0,18,4,0,100.0,Matches,Newcastle United,2024
Sean Longstaff,eng ENG,MF,27-198,8.9,2,0,0,9,6,0,5,7,16,0,0,0,31,7,7,50.0,Matches,Newcastle United,2024
Lloyd Kelly,eng ENG,DF,26-222,3.4,2,0,0,5,5,1,1,1,4,0,0,0,19,6,2,75.0,Matches,Newcastle United,2024
Sven Botman,nl NED,DF,25-124,3.2,1,0,0,4,4,0,0,5,6,0,0,0,8,13,7,65.0,Matches,Newcastle United,2024
Emil Krafth,se SWE,DF,30-287,3.5,1,0,0,4,1,0,1,2,2,0,0,0,19,7,8,46.7,Matches,Newcastle United,2024
Callum Wilson,eng ENG,FW,33-078,3.2,1,0,0,3,1,3,2,1,2,0,0,0,10,2,14,12.5,Matches,Newcastle United,2024
Lewis Miley,eng ENG,MF,19-015,3.2,0,0,0,3,1,0,0,2,10,0,0,0,16,5,6,45.5,Matches,Newcastle United,2024
Miguel Almirón,py PAR,FW,31-095,1.7,0,0,0,1,3,2,0,0,2,0,0,0,4,0,2,0.0,Matches,Newcastle United,2024
William Osula,dk DEN,FW,21-285,1.2,0,0,0,2,1,1,1,4,0,0,0,0,2,4,1,80.0,Matches,Newcastle United,2024
Matt Targett,eng ENG,DF,29-240,0.2,0,0,0,0,0,0,1,1,0,0,0,0,2,0,0,,Matches,Newcastle United,2024
Matz Sels,be BEL,GK,33-079,36.0,4,0,0,1,10,0,0,0,1,0,1,0,12,14,2,87.5,Matches,Nottingham Forest,2024
Nikola Milenković,rs SRB,DF,27-216,35.0,4,0,0,18,4,1,0,25,27,0,0,0,76,97,37,72.4,Matches,Nottingham Forest,2024
Murillo,br BRA,DF,22-316,33.4,5,0,0,25,4,0,12,32,36,0,1,0,134,43,21,67.2,Matches,Nottingham Forest,2024
Ola Aina,ng NGA,DF,28-220,31.4,4,0,0,21,35,2,50,31,41,0,1,0,180,13,19,40.6,Matches,Nottingham Forest,2024
Chris Wood,nz NZL,FW,33-160,30.9,1,0,0,25,22,26,1,5,4,0,0,0,46,92,134,40.7,Matches,Nottingham Forest,2024
Morgan Gibbs-White,eng ENG,MF,25-109,29.2,11,1,1,36,37,7,40,21,21,1,0,0,120,39,50,43.8,Matches,Nottingham Forest,2024
Elliot Anderson,eng ENG,MF,22-191,28.4,8,0,0,45,57,4,78,30,52,0,0,0,200,54,27,66.7,Matches,Nottingham Forest,2024
Anthony Elanga,se SWE,"FW,MF",23-019,25.8,1,0,0,8,40,16,170,6,13,0,0,0,86,24,35,40.7,Matches,Nottingham Forest,2024
Neco Williams,wls WAL,DF,24-033,26.8,7,0,0,24,40,1,52,25,48,0,0,0,101,37,29,56.1,Matches,Nottingham Forest,2024
Callum Hudson-Odoi,eng ENG,"FW,MF",24-190,23.9,2,0,0,12,22,8,75,13,14,1,0,0,91,3,10,23.1,Matches,Nottingham Forest,2024
Nicolás Domínguez,ar ARG,"MF,FW",26-322,20.1,9,0,0,33,17,1,6,29,40,0,0,0,105,22,22,50.0,Matches,Nottingham Forest,2024
Ryan Yates,eng ENG,MF,27-176,21.0,10,0,0,52,49,6,5,26,21,0,0,0,97,45,30,60.0,Matches,Nottingham Forest,2024
Álex Moreno,es ESP,"DF,MF",31-342,10.6,2,0,0,12,6,0,19,15,18,0,0,0,50,3,11,21.4,Matches,Nottingham Forest,2024
Morato,br BRA,DF,23-320,10.0,4,0,0,11,2,0,0,10,13,0,0,0,34,6,14,30.0,Matches,Nottingham Forest,2024
Jota Silva,pt POR,"FW,MF",25-288,9.4,5,0,0,24,23,8,21,12,13,1,0,0,42,21,28,42.9,Matches,Nottingham Forest,2024
Ibrahim Sangaré,ci CIV,MF,27-165,5.0,3,0,0,13,6,0,2,4,13,0,0,0,35,7,9,43.8,Matches,Nottingham Forest,2024
James Ward-Prowse,eng ENG,MF,30-196,4.4,2,1,1,7,2,0,19,5,1,0,0,0,19,3,5,37.5,Matches,Nottingham Forest,2024
Danilo,br BRA,"MF,FW",24-017,3.0,0,0,0,1,0,0,3,3,3,0,0,0,18,1,1,50.0,Matches,Nottingham Forest,2024
Taiwo Awoniyi,ng NGA,FW,27-277,4.6,0,0,0,8,10,1,2,0,3,0,0,0,18,13,38,25.5,Matches,Nottingham Forest,2024
Ramón Sosa,py PAR,"FW,MF",25-258,3.3,1,0,0,6,8,3,8,4,3,0,0,0,25,4,7,36.4,Matches,Nottingham Forest,2024
Willy Boly,ci CIV,DF,34-102,1.7,1,0,0,1,0,0,0,3,1,0,0,0,5,6,2,75.0,Matches,Nottingham Forest,2024
Harry Toffolo,eng ENG,DF,29-270,1.5,1,0,0,1,0,0,4,2,3,0,0,0,2,1,0,100.0,Matches,Nottingham Forest,2024
Eric da Silva Moreira,de GER,"MF,DF",19-013,0.3,0,0,0,0,0,0,0,1,2,0,0,0,2,0,0,,Matches,Nottingham Forest,2024
Kyle Walker-Peters,eng ENG,DF,28-033,32.4,5,0,0,28,52,2,51,19,29,0,0,0,135,11,21,34.4,Matches,Southampton,2024
Mateus Fernandes,pt POR,MF,20-310,30.3,8,0,0,44,55,4,105,26,46,0,0,0,169,14,9,60.9,Matches,Southampton,2024
Taylor Harwood-Bellis,eng ENG,DF,23-106,30.5,9,0,0,35,14,0,10,30,19,0,0,0,121,60,45,57.1,Matches,Southampton,2024
Jan Bednarek,pl POL,DF,29-034,28.1,7,0,0,31,13,0,1,56,19,0,1,0,106,71,37,65.7,Matches,Southampton,2024
Aaron Ramsdale,eng ENG,GK,27-002,28.0,2,0,0,1,4,0,0,2,0,0,0,0,20,6,0,100.0,Matches,Southampton,2024
Flynn Downes,eng ENG,MF,26-116,21.9,11,0,0,47,36,0,3,31,24,0,0,0,76,16,13,55.2,Matches,Southampton,2024
Joe Aribo,ng NGA,"MF,DF",28-299,21.7,1,0,0,20,28,1,10,20,33,0,1,0,111,25,21,54.3,Matches,Southampton,2024
Tyler Dibling,eng ENG,"FW,MF",19-065,20.1,6,0,0,29,50,2,28,8,20,2,0,0,79,10,21,32.3,Matches,Southampton,2024
Ryan Manning,ie IRL,"DF,MF",28-336,16.2,2,0,0,19,32,0,84,17,17,0,0,0,65,15,6,71.4,Matches,Southampton,2024
Lesley Ugochukwu,fr FRA,MF,21-051,17.4,7,0,0,31,15,0,6,14,24,0,1,0,63,20,17,54.1,Matches,Southampton,2024
Jack Stephens,eng ENG,DF,31-109,14.4,2,2,0,12,4,1,1,11,19,0,1,0,43,6,10,37.5,Matches,Southampton,2024
Yukinari Sugawara,jp JPN,"DF,MF",24-322,16.3,4,0,0,15,9,4,69,10,16,0,2,0,40,5,9,35.7,Matches,Southampton,2024
Kamaldeen Sulemana,gh GHA,"FW,MF",23-090,14.1,2,0,0,20,11,3,25,6,15,0,0,0,54,10,25,28.6,Matches,Southampton,2024
Adam Armstrong,eng ENG,"FW,MF",28-095,13.9,4,0,0,12,5,9,14,3,3,0,0,0,23,5,9,35.7,Matches,Southampton,2024
Cameron Archer,eng ENG,FW,23-299,15.5,0,0,0,16,12,8,3,2,7,0,0,0,34,8,30,21.1,Matches,Southampton,2024
James Bree,eng ENG,DF,27-217,10.9,0,0,0,2,5,0,27,8,13,0,0,0,62,12,7,63.2,Matches,Southampton,2024
Paul Onuachu,ng NGA,FW,30-353,11.4,4,0,0,28,16,9,0,1,2,0,0,0,17,90,56,61.6,Matches,Southampton,2024
Nathan Wood-Gordon,eng ENG,DF,22-350,6.9,2,0,0,8,4,0,3,4,7,0,0,0,20,11,7,61.1,Matches,Southampton,2024
William Smallbone,ie IRL,MF,25-084,7.2,1,0,0,11,3,0,34,2,11,0,1,0,23,4,2,66.7,Matches,Southampton,2024
Alex McCarthy,eng ENG,GK,35-164,5.0,0,0,0,0,1,0,0,0,0,0,0,0,4,2,0,100.0,Matches,Southampton,2024
Adam Lallana,eng ENG,MF,37-006,4.0,4,0,0,8,8,0,4,5,5,0,0,0,19,2,2,50.0,Matches,Southampton,2024
Ben Brereton,cl CHI,FW,26-028,5.0,1,0,0,4,8,1,5,0,2,0,0,0,16,9,7,56.3,Matches,Southampton,2024
Ryan Fraser,sct SCO,"FW,DF",31-081,3.4,0,1,0,1,4,1,12,1,2,0,1,0,10,2,3,40.0,Matches,Southampton,2024
Welington,br BRA,"DF,MF",24-086,3.4,1,0,0,3,5,0,11,6,5,0,1,0,17,2,3,40.0,Matches,Southampton,2024
Ross Stewart,sct SCO,FW,28-309,3.2,1,0,0,7,5,1,0,0,2,0,0,0,2,10,16,38.5,Matches,Southampton,2024
Joe Lumley,eng ENG,GK,30-090,3.0,0,0,0,0,0,0,0,0,0,0,0,0,2,2,1,66.7,Matches,Southampton,2024
Armel Bella Kotchap,de GER,DF,23-156,3.7,0,0,0,3,2,0,0,5,5,0,0,0,19,6,5,54.5,Matches,Southampton,2024
Charlie Taylor,eng ENG,DF,31-240,3.0,1,0,0,2,2,0,9,3,5,0,0,0,7,4,2,66.7,Matches,Southampton,2024
Albert Grønbaek,dk DEN,"FW,MF",23-358,1.6,0,0,0,0,1,0,1,0,1,0,0,0,6,2,0,100.0,Matches,Southampton,2024
Maxwel Cornet,ci CIV,FW,28-231,0.8,1,0,0,0,1,1,3,0,5,0,0,0,2,3,0,100.0,Matches,Southampton,2024
Samuel Edozie,eng ENG,"DF,FW",22-108,0.7,1,0,0,2,1,0,4,0,1,0,0,0,1,0,0,,Matches,Southampton,2024
Jay Robinson,eng ENG,"MF,FW",18-062,0.4,0,0,0,1,1,0,0,0,1,0,0,0,5,0,1,0.0,Matches,Southampton,2024
Samuel Amo-Ameyaw,eng ENG,"FW,DF",18-302,0.3,1,0,0,1,2,0,2,0,0,0,0,0,1,0,1,0.0,Matches,Southampton,2024
Ronnie Edwards,eng ENG,DF,22-049,0.1,0,0,0,0,0,0,0,0,0,0,0,0,0,0,0,,Matches,Southampton,2024
Carlos Alcaraz,ar ARG,MF,22-167,0.1,0,0,0,1,0,0,1,1,0,0,0,0,2,1,0,100.0,Matches,Southampton,2024
Pedro Porro,es ESP,DF,25-245,28.0,4,0,0,24,31,1,194,34,46,0,0,0,148,11,22,33.3,Matches,Tottenham Hotspur,2024
Dejan Kulusevski,se SWE,"MF,FW",25-021,26.5,3,0,0,48,38,5,89,13,23,0,0,0,121,10,15,40.0,Matches,Tottenham Hotspur,2024
Dominic Solanke,eng ENG,FW,27-244,23.5,0,0,0,36,36,5,4,0,11,0,0,1,37,44,59,42.7,Matches,Tottenham Hotspur,2024
Brennan Johnson,wls WAL,FW,23-358,23.1,5,0,0,26,25,12,52,4,26,2,0,0,60,7,20,25.9,Matches,Tottenham Hotspur,2024
Guglielmo Vicario,it ITA,GK,28-221,23.0,1,0,0,0,2,0,0,1,0,0,0,0,32,9,0,100.0,Matches,Tottenham Hotspur,2024
Son Heung-min,kr KOR,FW,32-312,22.6,1,0,0,6,28,12,76,5,9,1,0,0,81,6,12,33.3,Matches,Tottenham Hotspur,2024
Destiny Udogie,it ITA,DF,22-169,20.4,2,0,0,29,38,2,19,21,47,0,0,1,109,13,13,50.0,Matches,Tottenham Hotspur,2024
James Maddison,eng ENG,MF,28-174,20.1,6,0,0,32,64,4,98,12,19,0,0,0,76,5,7,41.7,Matches,Tottenham Hotspur,2024
Pape Matar Sarr,sn SEN,MF,22-244,20.2,6,0,0,31,35,2,14,27,35,0,1,0,109,31,42,42.5,Matches,Tottenham Hotspur,2024
Rodrigo Bentancur,uy URU,MF,27-325,17.4,8,0,0,32,10,1,4,36,20,0,0,0,115,36,29,55.4,Matches,Tottenham Hotspur,2024
Djed Spence,eng ENG,DF,24-280,18.8,4,1,1,20,23,2,25,20,33,0,0,1,108,21,13,61.8,Matches,Tottenham Hotspur,2024
Cristian Romero,ar ARG,DF,27-019,15.7,3,0,0,14,12,2,3,21,29,0,0,0,90,41,27,60.3,Matches,Tottenham Hotspur,2024
Archie Gray,eng ENG,"DF,MF",19-065,17.5,0,0,0,12,11,0,16,15,8,0,0,1,65,10,9,52.6,Matches,Tottenham Hotspur,2024
Yves Bissouma,ml MLI,MF,28-259,14.9,7,0,0,26,18,0,2,17,30,0,1,0,81,7,7,50.0,Matches,Tottenham Hotspur,2024
Radu Drăgușin,ro ROU,DF,23-102,13.9,1,0,0,6,10,0,1,15,6,0,0,0,48,33,22,60.0,Matches,Tottenham Hotspur,2024
Ben Davies,wls WAL,DF,32-022,13.5,4,0,0,16,7,0,4,12,11,0,0,0,40,51,42,54.8,Matches,Tottenham Hotspur,2024
Lucas Bergvall,se SWE,MF,19-103,13.5,3,0,0,20,17,0,21,24,19,0,0,0,73,9,8,52.9,Matches,Tottenham Hotspur,2024
Micky van de Ven,nl NED,DF,24-027,10.6,4,0,0,10,8,0,0,10,6,0,0,0,61,19,18,51.4,Matches,Tottenham Hotspur,2024
Mathys Tel,fr FRA,FW,20-019,8.2,1,0,0,9,12,1,31,1,5,0,0,0,35,4,3,57.1,Matches,Tottenham Hotspur,2024
Wilson Odobert,fr FRA,FW,20-169,8.0,0,0,0,1,3,1,25,3,4,0,0,0,30,3,7,30.0,Matches,Tottenham Hotspur,2024
Kevin Danso,at AUT,DF,26-239,7.4,0,0,0,7,11,0,1,3,5,0,0,0,24,20,9,69.0,Matches,Tottenham Hotspur,2024
Fraser Forster,eng ENG,GK,37-060,7.0,0,0,0,0,0,0,0,0,0,0,0,0,1,1,0,100.0,Matches,Tottenham Hotspur,2024
Antonín Kinský,cz CZE,GK,22-064,5.0,0,0,0,0,0,0,0,0,1,0,0,0,6,2,0,100.0,Matches,Tottenham Hotspur,2024
Timo Werner,de GER,"FW,MF",29-071,5.7,0,0,0,3,5,5,28,1,4,0,0,0,18,0,1,0.0,Matches,Tottenham Hotspur,2024
Richarlison,br BRA,FW,28-006,5.3,2,0,0,6,13,3,7,0,3,0,0,0,10,9,22,29.0,Matches,Tottenham Hotspur,2024
Mikey Moore,eng ENG,FW,17-278,3.1,0,0,0,3,5,3,15,1,0,0,0,0,10,1,5,16.7,Matches,Tottenham Hotspur,2024
Brandon Austin,eng ENG,GK,26-128,1.0,0,0,0,0,2,0,0,0,0,0,0,0,1,2,0,100.0,Matches,Tottenham Hotspur,2024
Sergio Reguilón,es ESP,DF,28-151,1.4,2,0,0,2,5,0,10,2,3,0,0,0,9,5,2,71.4,Matches,Tottenham Hotspur,2024
Dane Scarlett,eng ENG,"FW,MF",21-053,0.4,0,0,0,0,1,1,0,0,0,0,0,0,3,1,0,100.0,Matches,Tottenham Hotspur,2024
Alfie Dorrington,eng ENG,DF,20-026,0.2,0,0,0,0,0,0,0,0,0,0,0,0,3,0,0,,Matches,Tottenham Hotspur,2024
Will Lankshear,eng ENG,"FW,MF",20-026,0.1,0,0,0,2,0,0,0,0,0,0,0,0,0,0,0,,Matches,Tottenham Hotspur,2024
Max Kilman,eng ENG,DF,27-358,35.2,4,0,0,22,13,2,3,38,22,0,0,0,143,109,53,67.3,Matches,West Ham United,2024
Aaron Wan-Bissaka,eng ENG,DF,27-171,33.0,1,0,0,24,26,5,70,61,47,0,0,1,164,22,31,41.5,Matches,West Ham United,2024
Jarrod Bowen,eng ENG,"FW,MF",28-147,31.0,1,0,0,19,50,10,104,16,25,0,0,0,122,12,46,20.7,Matches,West Ham United,2024
Mohammed Kudus,gh GHA,"FW,MF",24-287,27.7,2,1,0,39,60,18,76,4,21,0,0,0,131,10,38,20.8,Matches,West Ham United,2024
Tomáš Souček,cz CZE,MF,30-078,26.9,8,0,0,44,24,4,13,19,20,1,0,0,59,98,69,58.7,Matches,West Ham United,2024
Lucas Paquetá,br BRA,"MF,FW",27-262,26.0,9,0,0,52,62,6,28,17,37,0,1,0,146,48,57,45.7,Matches,West Ham United,2024
Emerson Palmieri,it ITA,DF,30-286,23.5,5,0,0,25,13,0,64,21,31,0,0,0,84,18,20,47.4,Matches,West Ham United,2024
Alphonse Areola,fr FRA,GK,32-078,24.1,0,0,0,0,0,0,0,0,2,0,0,1,28,2,0,100.0,Matches,West Ham United,2024
Konstantinos Mavropanos,gr GRE,DF,27-156,21.7,6,1,1,17,14,3,2,39,22,0,0,0,70,56,24,70.0,Matches,West Ham United,2024
Edson Álvarez,mx MEX,MF,27-204,18.4,8,1,1,38,18,4,6,17,23,0,0,0,81,28,21,57.1,Matches,West Ham United,2024
Jean-Clair Todibo,fr FRA,DF,25-137,18.3,2,0,0,11,6,0,3,23,24,0,0,0,70,23,24,48.9,Matches,West Ham United,2024
Guido Rodríguez,ar ARG,MF,31-034,12.0,5,0,0,16,11,2,4,12,17,0,0,0,50,9,7,56.3,Matches,West Ham United,2024
Carlos Soler,es ESP,"MF,FW",28-134,15.3,5,0,0,24,18,0,31,8,11,0,0,0,64,9,11,45.0,Matches,West Ham United,2024
Łukasz Fabiański,pl POL,GK,40-028,11.9,2,0,0,2,1,0,0,0,0,0,2,0,5,2,1,66.7,Matches,West Ham United,2024
Michail Antonio,jm JAM,FW,35-049,9.3,1,0,0,12,7,4,25,0,2,0,0,0,22,17,22,43.6,Matches,West Ham United,2024
Vladimír Coufal,cz CZE,DF,32-267,10.6,4,0,0,21,14,0,23,8,12,0,0,1,33,21,13,61.8,Matches,West Ham United,2024
James Ward-Prowse,eng ENG,MF,30-196,10.0,2,0,0,10,2,0,42,6,13,0,0,0,47,7,5,58.3,Matches,West Ham United,2024
Aaron Cresswell,eng ENG,DF,35-152,8.5,3,0,0,4,2,0,33,8,7,0,0,0,35,7,7,50.0,Matches,West Ham United,2024
Crysencio Summerville,nl NED,"FW,MF",23-198,8.7,2,0,0,9,23,4,21,0,7,0,0,0,38,4,9,30.8,Matches,West Ham United,2024
Oliver Scarles,eng ENG,DF,19-155,6.6,1,0,0,4,3,1,13,10,11,0,0,0,33,5,5,50.0,Matches,West Ham United,2024
Niclas Füllkrug,de GER,FW,32-096,7.6,2,0,0,20,5,9,1,1,2,0,0,0,15,32,48,40.0,Matches,West Ham United,2024
Danny Ings,eng ENG,"FW,MF",32-297,3.2,0,0,0,0,2,0,3,1,2,1,0,0,9,8,10,44.4,Matches,West Ham United,2024
Andy Irving,sct SCO,MF,25-003,1.8,2,0,0,6,1,0,2,1,4,0,0,0,10,1,1,50.0,Matches,West Ham United,2024
Evan Ferguson,ie IRL,FW,20-209,1.7,0,0,0,1,2,0,0,1,1,0,0,0,8,5,10,33.3,Matches,West Ham United,2024
Luis Guilherme,br BRA,"MF,FW",19-096,1.5,0,0,0,0,4,0,8,3,0,0,0,0,7,2,1,66.7,Matches,West Ham United,2024
Lewis Orford,eng ENG,MF,19-087,0.5,0,0,0,0,0,0,1,1,0,0,0,0,7,0,1,0.0,Matches,West Ham United,2024
Kaelan Casey,eng ENG,DF,20-200,0.0,0,0,0,0,0,0,0,0,0,0,0,0,0,1,0,100.0,Matches,West Ham United,2024
Rayan Aït-Nouri,dz ALG,DF,23-344,32.8,7,1,1,30,42,5,88,25,55,0,0,0,140,21,28,42.9,Matches,Wolverhampton Wanderers,2024
João Gomes,br BRA,MF,24-093,31.5,10,1,1,68,43,1,28,25,62,0,0,0,182,9,24,27.3,Matches,Wolverhampton Wanderers,2024
Nélson Semedo,pt POR,DF,31-181,30.6,7,0,0,45,29,4,62,23,34,0,1,0,129,27,41,39.7,Matches,Wolverhampton Wanderers,2024
Jørgen Strand Larsen,no NOR,FW,25-099,27.7,4,0,0,46,18,14,6,6,6,0,0,0,42,66,96,40.7,Matches,Wolverhampton Wanderers,2024
André,br BRA,MF,23-304,26.0,7,0,0,35,33,0,0,35,53,0,1,0,187,2,6,25.0,Matches,Wolverhampton Wanderers,2024
José Sá,pt POR,GK,32-119,28.0,2,0,0,4,8,0,0,0,2,0,4,0,35,10,1,90.9,Matches,Wolverhampton Wanderers,2024
Matheus Cunha,br BRA,"MF,FW",25-354,27.6,4,0,0,42,70,8,132,17,21,0,1,0,123,10,28,26.3,Matches,Wolverhampton Wanderers,2024
Toti Gomes,pt POR,DF,26-120,27.0,6,0,0,23,14,4,13,24,41,0,1,0,104,49,25,66.2,Matches,Wolverhampton Wanderers,2024
Matt Doherty,ie IRL,DF,33-120,22.5,6,0,0,18,11,2,20,22,20,0,0,1,101,50,20,71.4,Matches,Wolverhampton Wanderers,2024
Jean-Ricner Bellegarde,fr FRA,"MF,FW",26-323,17.6,3,0,0,29,43,1,41,10,22,0,0,0,58,10,18,35.7,Matches,Wolverhampton Wanderers,2024
Santiago Bueno,uy URU,DF,26-188,18.7,2,0,0,26,5,0,0,15,21,0,0,0,43,35,31,53.0,Matches,Wolverhampton Wanderers,2024
Mario Lemina,ga GAB,"MF,DF",31-257,15.2,4,0,0,17,8,4,10,27,31,0,1,0,73,25,16,61.0,Matches,Wolverhampton Wanderers,2024
Emmanuel Agbadou,ci CIV,DF,27-333,13.7,2,0,0,5,4,1,2,11,18,0,0,0,71,24,17,58.5,Matches,Wolverhampton Wanderers,2024
Marshall Munetsi,zw ZIM,"MF,FW",28-328,10.8,0,0,0,17,10,3,6,6,10,0,0,0,31,26,19,57.8,Matches,Wolverhampton Wanderers,2024
Craig Dawson,eng ENG,DF,35-010,10.8,2,0,0,6,5,2,0,9,3,0,0,2,35,21,11,65.6,Matches,Wolverhampton Wanderers,2024
Gonçalo Guedes,pt POR,"MF,FW",28-168,9.3,1,0,0,15,16,3,20,5,4,0,0,0,35,3,11,21.4,Matches,Wolverhampton Wanderers,2024
Sam Johnstone,eng ENG,GK,32-052,7.0,0,0,0,0,0,0,0,0,0,0,0,0,9,4,0,100.0,Matches,Wolverhampton Wanderers,2024
Pablo Sarabia,es ESP,"MF,FW",33-005,8.3,3,0,0,15,15,5,40,4,8,0,0,0,31,4,12,25.0,Matches,Wolverhampton Wanderers,2024
Rodrigo Gomes,pt POR,"DF,FW",21-313,7.8,0,0,0,3,5,0,21,5,13,0,0,0,25,6,17,26.1,Matches,Wolverhampton Wanderers,2024
Hwang Hee-chan,kr KOR,"MF,FW",29-110,7.2,0,0,0,6,8,0,8,2,4,0,0,0,27,3,9,25.0,Matches,Wolverhampton Wanderers,2024
Yerson Mosquera,co COL,DF,24-014,4.9,2,0,0,6,7,1,2,10,7,0,0,0,24,11,6,64.7,Matches,Wolverhampton Wanderers,2024
Tommy Doyle,eng ENG,MF,23-211,5.4,1,0,0,5,5,0,15,5,6,0,0,0,43,1,6,14.3,Matches,Wolverhampton Wanderers,2024
Carlos Forbs,pt POR,"MF,FW",21-058,2.7,2,0,0,2,1,0,9,1,5,0,0,0,11,1,3,25.0,Matches,Wolverhampton Wanderers,2024
Daniel Bentley,eng ENG,GK,31-307,1.0,0,0,0,0,0,0,0,0,0,0,0,0,1,2,0,100.0,Matches,Wolverhampton Wanderers,2024
Pedro Lima,br BRA,DF,18-319,0.8,0,0,0,1,1,1,5,2,0,0,0,0,3,0,3,0.0,Matches,Wolverhampton Wanderers,2024
Daniel Podence,pt POR,"MF,FW",29-207,0.5,0,0,0,0,2,0,1,0,0,0,0,0,1,0,1,0.0,Matches,Wolverhampton Wanderers,2024
Nasser Djiga,bf BFA,"DF,FW",22-182,0.2,0,0,0,0,0,0,0,2,0,0,0,0,1,1,1,50.0,Matches,Wolverhampton Wanderers,2024
Chiquinho,pt POR,MF,25-100,0.1,0,0,0,1,0,0,1,0,0,0,0,0,1,0,0,,Matches,Wolverhampton Wanderers,2024
Mateus Mane,,MF,,0.0,0,0,0,0,0,0,0,0,0,0,0,0,0,1,0,100.0,Matches,Wolverhampton Wanderers,2024
Alfie Pond,eng ENG,DF,21-076,0.0,0,0,0,0,0,0,0,0,0,0,0,0,0,0,0,,Matches,Wolverhampton Wanderers,2024
Boubacar Traoré,ml MLI,MF,23-269,0.0,0,0,0,0,0,0,0,0,0,0,0,0,0,0,1,0.0,Matches,Wolverhampton Wanderers,2024
