Player,Nation,Pos,Age,90s,Att,pass_types_Live,pass_types_Dead,pass_types_FK,pass_types_TB,pass_types_Sw,pass_types_Crs,pass_types_TI,pass_types_CK,corner_kicks_In,corner_kicks_Out,corner_kicks_Str,outcomes_Cmp,outcomes_Off,outcomes_Blocks,Matches,Team,Season
David Raya,es ESP,GK,29-243,36.0,1362,1131,228,85,0,2,0,0,0,0,0,0,1010,3,0,Matches,Arsenal,2024
William Saliba,fr FRA,DF,24-053,33.3,2529,2478,46,36,1,10,3,4,0,0,0,0,2385,5,4,Matches,Arsenal,2024
Declan Rice,eng ENG,MF,26-122,29.4,1562,1356,201,70,4,17,157,4,102,88,3,0,1304,5,14,Matches,Arsenal,2024
Thomas Partey,gh GHA,"MF,DF",31-337,29.1,1804,1705,93,25,6,2,12,62,0,0,0,0,1574,6,13,Matches,Arsenal,2024
Gabriel Magalhães,br BRA,DF,27-148,26.3,1641,1560,80,51,1,8,9,3,0,0,0,0,1480,1,8,Matches,Arsenal,2024
Leandro Trossard,be BEL,FW,30-163,27.0,897,862,27,5,7,5,82,6,10,9,0,0,665,8,39,Matches,Arsenal,2024
Jurriën Timber,nl NED,DF,23-333,26.9,1395,1188,204,22,2,1,28,182,0,0,0,0,1194,3,25,Matches,Arsenal,2024
Martin Ødegaard,no NOR,MF,26-150,24.7,1435,1311,112,34,25,3,84,12,37,31,0,0,1188,12,25,Matches,Arsenal,2024
Gabriel Martinelli,br BRA,"FW,MF",23-332,23.7,648,630,13,0,5,2,85,10,3,3,0,0,459,5,33,Matches,Arsenal,2024
Kai Havertz,de GER,"FW,MF",25-339,20.4,511,503,6,1,1,0,11,5,0,0,0,0,401,2,11,Matches,Arsenal,2024
Bukayo Saka,eng ENG,"FW,MF",23-253,18.1,675,596,75,7,4,2,111,12,56,52,0,2,511,4,20,Matches,Arsenal,2024
Mikel Merino,es ESP,"MF,FW",28-328,16.6,565,555,5,4,5,1,13,1,0,0,0,0,442,5,12,Matches,Arsenal,2024
Myles Lewis-Skelly,eng ENG,DF,18-232,14.0,711,605,101,17,3,2,8,84,0,0,0,0,648,5,2,Matches,Arsenal,2024
Ben White,eng ENG,DF,27-220,11.3,578,483,93,19,1,7,14,70,0,0,0,0,482,2,6,Matches,Arsenal,2024
Riccardo Calafiori,it ITA,DF,22-362,10.4,527,461,65,7,0,2,11,58,0,0,0,0,450,1,11,Matches,Arsenal,2024
Ethan Nwaneri,eng ENG,"FW,MF",18-056,9.1,383,351,29,2,2,1,51,4,23,17,0,0,307,3,12,Matches,Arsenal,2024
Jorginho,it ITA,MF,33-147,7.8,473,465,8,7,4,1,1,0,0,0,0,0,410,0,5,Matches,Arsenal,2024
Jakub Kiwior,pl POL,DF,25-090,10.5,628,598,29,9,2,1,1,3,0,0,0,0,572,1,1,Matches,Arsenal,2024
Gabriel Jesus,br BRA,FW,28-043,6.8,203,197,3,0,1,0,7,3,0,0,0,0,156,3,12,Matches,Arsenal,2024
Raheem Sterling,eng ENG,"FW,MF",30-159,4.9,183,180,1,0,0,1,14,0,1,0,0,0,141,2,7,Matches,Arsenal,2024
Oleksandr Zinchenko,ua UKR,"DF,MF",28-152,5.1,380,335,42,11,2,3,10,29,1,0,0,0,315,3,3,Matches,Arsenal,2024
Kieran Tierney,sct SCO,"DF,FW",27-345,2.2,119,101,18,4,0,0,10,14,0,0,0,0,97,0,2,Matches,Arsenal,2024
Nathan Butler-Oyedeji,eng ENG,FW,22-132,0.1,0,0,0,0,0,0,0,0,0,0,0,0,0,0,0,Matches,Arsenal,2024
Takehiro Tomiyasu,jp JPN,DF,26-192,0.1,4,4,0,0,0,0,0,0,0,0,0,0,3,0,0,Matches,Arsenal,2024
Reiss Nelson,eng ENG,FW,25-157,0.0,0,0,0,0,0,0,0,0,0,0,0,0,0,0,0,Matches,Arsenal,2024
Emiliano Martínez,ar ARG,GK,32-256,34.0,1332,1067,258,88,0,2,0,0,0,0,0,0,1043,7,0,Matches,Aston Villa,2024
Youri Tielemans,be BEL,MF,28-009,33.3,2044,1831,206,98,24,8,118,2,85,63,8,1,1679,7,37,Matches,Aston Villa,2024
Morgan Rogers,eng ENG,"FW,MF",22-294,32.7,860,807,47,2,21,6,23,9,0,0,0,0,633,6,41,Matches,Aston Villa,2024
Ezri Konsa,eng ENG,DF,27-205,30.6,1563,1433,129,79,6,0,5,34,0,0,0,0,1449,1,21,Matches,Aston Villa,2024
Ollie Watkins,eng ENG,FW,29-137,26.9,396,387,6,0,0,1,7,0,0,0,0,0,292,3,16,Matches,Aston Villa,2024
Lucas Digne,fr FRA,DF,31-300,26.1,1277,1017,258,44,2,4,140,155,57,37,10,0,956,2,41,Matches,Aston Villa,2024
John McGinn,sct SCO,"MF,FW",30-210,23.0,803,749,53,25,9,2,54,3,17,9,3,0,661,1,15,Matches,Aston Villa,2024
Matty Cash,pl POL,DF,27-282,21.0,835,687,148,20,0,1,34,128,0,0,0,0,652,0,18,Matches,Aston Villa,2024
Pau Torres,es ESP,DF,28-120,20.4,1219,1105,110,62,4,9,1,3,0,0,0,0,1080,4,4,Matches,Aston Villa,2024
Jacob Ramsey,eng ENG,"FW,MF",23-353,17.7,580,575,2,0,3,3,12,2,0,0,0,0,492,3,15,Matches,Aston Villa,2024
Boubacar Kamara,fr FRA,MF,25-174,17.3,848,822,26,24,5,0,1,0,0,0,0,0,753,0,7,Matches,Aston Villa,2024
Amadou Onana,be BEL,MF,23-273,16.3,728,723,4,4,3,0,1,0,0,0,0,0,638,1,10,Matches,Aston Villa,2024
Leon Bailey,jm JAM,"FW,MF",27-280,12.6,386,366,17,0,5,1,34,1,16,9,0,0,273,3,24,Matches,Aston Villa,2024
Tyrone Mings,eng ENG,DF,32-064,12.4,676,630,46,20,0,3,1,0,0,0,0,0,596,0,7,Matches,Aston Villa,2024
Ian Maatsen,nl NED,DF,23-067,10.7,648,559,89,13,1,1,48,72,4,2,0,0,530,0,24,Matches,Aston Villa,2024
Diego Carlos,br BRA,DF,32-062,9.2,603,575,25,17,0,6,0,0,0,0,0,0,534,3,0,Matches,Aston Villa,2024
Marco Asensio,es ESP,MF,29-115,6.8,248,215,31,12,1,1,25,0,18,9,0,0,199,2,4,Matches,Aston Villa,2024
Axel Disasi,fr FRA,DF,27-066,5.4,280,258,20,9,1,0,1,11,0,0,0,0,243,2,5,Matches,Aston Villa,2024
Lamare Bogarde,nl NED,"DF,MF",21-131,5.3,272,239,31,14,0,0,0,17,0,0,0,0,240,2,1,Matches,Aston Villa,2024
Andrés García,es ESP,"DF,MF",22-098,3.5,201,176,25,0,0,0,18,25,0,0,0,0,174,0,5,Matches,Aston Villa,2024
Jáder Durán,co COL,FW,21-154,7.1,163,155,7,0,2,0,3,0,0,0,0,0,115,1,4,Matches,Aston Villa,2024
Marcus Rashford,eng ENG,FW,27-197,4.9,164,134,29,5,3,1,28,1,21,15,0,0,117,1,9,Matches,Aston Villa,2024
Ross Barkley,eng ENG,MF,31-162,6.3,379,365,13,11,0,2,1,1,0,0,0,0,326,1,7,Matches,Aston Villa,2024
Jaden Philogene Bidace,eng ENG,"FW,MF",23-097,3.7,86,85,1,0,1,0,4,1,0,0,0,0,63,0,9,Matches,Aston Villa,2024
Donyell Malen,nl NED,FW,26-127,3.3,69,64,4,0,0,1,7,1,0,0,0,0,48,1,3,Matches,Aston Villa,2024
Robin Olsen,se SWE,GK,35-128,2.0,76,57,19,7,0,0,0,0,0,0,0,0,54,0,0,Matches,Aston Villa,2024
Kosta Nedeljković,rs SRB,DF,19-151,1.4,53,41,12,1,0,0,1,11,0,0,0,0,47,0,0,Matches,Aston Villa,2024
Emi Buendía,ar ARG,"MF,FW",28-142,1.1,60,59,1,1,1,0,0,0,0,0,0,0,49,0,0,Matches,Aston Villa,2024
Milos Kerkez,hu HUN,DF,21-190,35.2,1661,1362,294,18,2,3,132,268,7,5,1,0,1250,5,48,Matches,Bournemouth,2024
Antoine Semenyo,gh GHA,FW,25-129,33.6,1050,990,51,4,9,5,57,44,3,0,1,0,768,9,39,Matches,Bournemouth,2024
Illia Zabarnyi,ua UKR,DF,22-257,32.5,1589,1556,31,27,5,5,6,1,0,0,0,0,1300,2,10,Matches,Bournemouth,2024
Lewis Cook,eng ENG,"MF,DF",28-102,32.3,1551,1324,225,71,3,2,132,73,77,65,3,0,1192,2,26,Matches,Bournemouth,2024
Kepa Arrizabalaga,es ESP,GK,30-225,29.0,961,676,281,95,0,0,0,0,0,0,0,0,698,4,1,Matches,Bournemouth,2024
Justin Kluivert,nl NED,"MF,FW",26-011,24.5,739,647,85,7,5,6,81,9,32,28,0,0,550,7,17,Matches,Bournemouth,2024
Ryan Christie,sct SCO,MF,30-083,23.5,1056,990,60,21,8,9,48,3,26,17,3,2,837,6,19,Matches,Bournemouth,2024
Evanilson,br BRA,FW,25-222,23.9,317,313,3,0,4,3,0,0,0,0,0,0,224,1,11,Matches,Bournemouth,2024
Dean Huijsen,es ESP,DF,20-032,25.8,1535,1478,52,32,1,15,12,5,0,0,0,0,1281,5,12,Matches,Bournemouth,2024
Dango Ouattara,bf BFA,FW,23-094,22.3,612,579,30,0,5,5,88,26,3,1,0,0,367,3,22,Matches,Bournemouth,2024
Tyler Adams,us USA,MF,26-091,19.8,973,931,37,33,2,0,3,4,0,0,0,0,817,5,13,Matches,Bournemouth,2024
Marcus Tavernier,eng ENG,"FW,MF",26-055,19.6,819,698,117,28,4,7,99,28,49,36,4,1,594,4,23,Matches,Bournemouth,2024
Adam Smith,eng ENG,DF,34-017,16.4,604,489,114,8,1,2,30,106,0,0,0,0,455,1,13,Matches,Bournemouth,2024
Marcos Senesi,ar ARG,DF,28-006,11.4,654,621,28,21,0,2,11,6,0,0,0,0,500,5,1,Matches,Bournemouth,2024
David Brooks,wls WAL,"FW,MF",27-312,9.5,354,322,32,9,3,0,45,9,13,6,3,0,268,0,13,Matches,Bournemouth,2024
Alex Scott,eng ENG,MF,21-268,8.4,342,317,23,10,2,4,7,1,5,3,0,0,286,2,6,Matches,Bournemouth,2024
James Hill,eng ENG,DF,23-126,5.0,245,212,33,3,0,0,10,30,0,0,0,0,159,0,5,Matches,Bournemouth,2024
Julian Araujo,mx MEX,DF,23-276,4.8,204,178,26,1,0,0,7,25,0,0,0,0,160,0,2,Matches,Bournemouth,2024
Mark Travers,ie IRL,GK,25-363,5.0,142,95,47,8,0,0,0,0,0,0,0,0,100,0,0,Matches,Bournemouth,2024
Enes Ünal,tr TUR,"FW,MF",28-006,3.8,99,96,2,1,1,1,4,0,0,0,0,0,63,1,6,Matches,Bournemouth,2024
Neto,br BRA,GK,35-301,2.0,62,42,19,4,0,0,0,0,0,0,0,0,40,1,0,Matches,Bournemouth,2024
Luis Sinisterra,co COL,"FW,MF",25-333,2.6,93,92,0,0,0,1,7,0,0,0,0,0,73,1,4,Matches,Bournemouth,2024
Philip Billing,dk DEN,MF,28-339,2.0,102,91,10,1,1,1,10,1,6,2,2,1,70,1,2,Matches,Bournemouth,2024
Max Aarons,eng ENG,DF,25-132,1.0,63,51,12,2,0,0,2,10,0,0,0,0,50,0,1,Matches,Bournemouth,2024
Daniel Jebbison,eng ENG,FW,21-276,0.9,34,34,0,0,0,0,1,0,0,0,0,0,28,0,1,Matches,Bournemouth,2024
Ben Winterburn,eng ENG,"FW,MF",20-254,0.3,7,7,0,0,0,0,0,0,0,0,0,0,5,0,0,Matches,Bournemouth,2024
Julio Soler,ar ARG,FW,20-089,0.0,1,1,0,0,0,0,0,0,0,0,0,0,0,0,0,Matches,Bournemouth,2024
Remy Rees-Dottin,eng ENG,FW,19-071,0.0,0,0,0,0,0,0,0,0,0,0,0,0,0,0,0,Matches,Bournemouth,2024
Zain Silcott-Duberry,ms MSR,FW,19-311,0.0,2,2,0,0,0,0,0,0,0,0,0,0,1,0,1,Matches,Bournemouth,2024
Nathan Collins,ie IRL,DF,24-016,36.0,1886,1803,78,64,3,5,8,11,0,0,0,0,1619,5,8,Matches,Brentford,2024
Bryan Mbeumo,cm CMR,FW,25-282,35.9,1247,1098,142,37,12,8,192,15,85,68,2,0,831,7,46,Matches,Brentford,2024
Mark Flekken,nl NED,GK,31-337,34.4,1641,1307,327,127,0,5,0,0,0,0,0,0,1199,7,0,Matches,Brentford,2024
Keane Lewis-Potter,eng ENG,"DF,FW",24-083,32.5,1196,1046,142,8,5,7,74,128,5,2,0,0,923,8,27,Matches,Brentford,2024
Mikkel Damsgaard,dk DEN,"MF,FW",24-317,30.5,1428,1280,140,31,22,5,135,9,55,48,0,0,1038,8,32,Matches,Brentford,2024
Yoane Wissa,cd COD,FW,28-255,30.4,548,513,32,3,4,1,20,2,1,0,0,0,418,3,22,Matches,Brentford,2024
Christian Nørgaard,dk DEN,MF,31-067,29.3,1341,1306,29,18,4,4,16,10,0,0,0,0,1087,6,24,Matches,Brentford,2024
Sepp van den Berg,nl NED,DF,23-147,26.7,1183,1084,98,17,0,2,7,61,0,0,0,0,1007,1,7,Matches,Brentford,2024
Vitaly Janelt,de GER,MF,27-006,25.0,1057,1033,18,12,3,6,30,6,0,0,0,0,872,6,16,Matches,Brentford,2024
Kevin Schade,de GER,FW,23-170,23.8,506,448,57,0,1,4,36,54,0,0,0,0,298,1,19,Matches,Brentford,2024
Ethan Pinnock,jm JAM,DF,31-352,21.3,1080,954,126,15,0,0,9,39,0,0,0,0,924,0,8,Matches,Brentford,2024
Kristoffer Ajer,no NOR,DF,27-029,15.6,626,554,71,2,0,3,14,69,0,0,0,0,489,1,16,Matches,Brentford,2024
Yehor Yarmoliuk,ua UKR,MF,21-076,14.3,674,666,7,3,3,8,16,4,0,0,0,0,582,1,11,Matches,Brentford,2024
Mads Roerslev,dk DEN,DF,25-326,12.2,536,471,63,2,0,1,31,61,0,0,0,0,422,2,11,Matches,Brentford,2024
Mathias Jensen,dk DEN,MF,29-135,9.3,456,382,70,15,2,4,31,37,13,10,0,0,344,4,7,Matches,Brentford,2024
Michael Kayode,it ITA,DF,20-310,4.2,176,131,45,0,0,0,9,45,0,0,0,0,129,0,1,Matches,Brentford,2024
Fabio Carvalho,pt POR,"FW,MF",22-259,5.1,178,163,14,4,2,0,10,1,7,3,0,0,126,1,7,Matches,Brentford,2024
Ben Mee,eng ENG,DF,35-237,2.0,120,108,12,5,0,1,0,4,0,0,0,0,93,0,1,Matches,Brentford,2024
Thiago,br BRA,FW,23-324,1.6,47,46,1,0,0,0,1,0,0,0,0,0,34,0,0,Matches,Brentford,2024
Hákon Rafn Valdimarsson,is ISL,GK,23-215,1.6,70,50,20,4,0,0,0,0,0,0,0,0,46,0,0,Matches,Brentford,2024
Edmond-Paris Maghoma,eng ENG,"MF,FW",24-008,1.3,84,83,1,1,0,0,3,0,0,0,0,0,76,0,2,Matches,Brentford,2024
Rico Henry,eng ENG,DF,27-312,0.9,32,24,8,0,0,0,0,8,0,0,0,0,21,0,2,Matches,Brentford,2024
Yunus Emre Konak,tr TUR,"FW,MF",19-126,0.5,36,35,1,0,0,0,0,1,0,0,0,0,26,0,1,Matches,Brentford,2024
Kim Jisoo,kr KOR,DF,20-143,0.3,28,27,1,1,0,0,0,0,0,0,0,0,25,0,0,Matches,Brentford,2024
Frank Onyeka,ng NGA,MF,27-135,0.3,7,7,0,0,0,0,0,0,0,0,0,0,6,0,0,Matches,Brentford,2024
Gustavo Nunes,br BRA,"FW,MF",19-177,0.1,1,1,0,0,0,0,0,0,0,0,0,0,1,0,0,Matches,Brentford,2024
Jayden Meghoma,eng ENG,DF,18-322,0.1,3,3,0,0,0,0,0,0,0,0,0,0,3,0,0,Matches,Brentford,2024
Ryan Trevitt,eng ENG,MF,22-065,0.0,7,6,0,0,0,0,0,0,0,0,0,0,4,1,1,Matches,Brentford,2024
Bart Verbruggen,nl NED,GK,22-271,34.0,1251,1103,143,61,0,0,0,0,0,0,0,0,959,5,2,Matches,Brighton and Hove Albion,2024
Jan Paul van Hecke,nl NED,DF,24-342,30.9,2147,2011,134,101,3,18,11,7,0,0,0,0,1887,2,6,Matches,Brighton and Hove Albion,2024
Carlos Baleba,cm CMR,MF,21-133,27.6,1238,1214,22,9,6,3,9,3,0,0,0,0,1081,2,14,Matches,Brighton and Hove Albion,2024
Kaoru Mitoma,jp JPN,"FW,MF",27-361,28.1,940,919,18,0,8,1,72,18,0,0,0,0,709,3,38,Matches,Brighton and Hove Albion,2024
Pervis Estupiñán,ec ECU,DF,27-115,25.7,1547,1316,228,19,0,5,116,172,37,23,9,3,1288,3,27,Matches,Brighton and Hove Albion,2024
Lewis Dunk,eng ENG,DF,33-176,23.1,1953,1818,131,67,2,10,5,10,0,0,0,0,1778,4,7,Matches,Brighton and Hove Albion,2024
Danny Welbeck,eng ENG,FW,34-171,22.6,469,450,18,2,0,0,3,2,0,0,0,0,398,1,13,Matches,Brighton and Hove Albion,2024
João Pedro,br BRA,"FW,MF",23-232,21.6,661,631,26,5,10,3,22,9,4,0,0,0,482,4,20,Matches,Brighton and Hove Albion,2024
Jack Hinshelwood,eng ENG,"DF,MF",20-035,19.4,997,878,118,27,0,8,26,75,8,4,1,1,831,1,11,Matches,Brighton and Hove Albion,2024
Yasin Ayari,se SWE,MF,21-222,20.5,915,829,85,31,9,1,64,3,34,26,5,1,745,1,13,Matches,Brighton and Hove Albion,2024
Joël Veltman,nl NED,DF,33-121,18.5,900,729,168,42,2,3,23,126,0,0,0,0,719,3,21,Matches,Brighton and Hove Albion,2024
Georginio Rutter,fr FRA,"MF,FW",23-026,18.4,355,344,9,0,12,0,9,0,0,0,0,0,237,2,14,Matches,Brighton and Hove Albion,2024
Yankuba Minteh,gm GAM,"FW,MF",20-298,18.5,497,451,44,9,2,4,79,19,16,7,6,0,310,2,32,Matches,Brighton and Hove Albion,2024
Matt O'Riley,dk DEN,MF,24-176,10.1,394,328,65,12,2,2,46,1,35,23,7,0,301,1,13,Matches,Brighton and Hove Albion,2024
Simon Adingra,ci CIV,"FW,MF",23-135,11.0,347,337,9,0,2,0,36,8,1,0,0,0,264,1,11,Matches,Brighton and Hove Albion,2024
Tariq Lamptey,gh GHA,DF,24-228,9.6,413,346,66,5,0,1,28,60,1,1,0,0,335,1,6,Matches,Brighton and Hove Albion,2024
Igor,br BRA,DF,27-098,10.0,682,634,46,12,3,3,2,9,0,0,0,0,628,2,5,Matches,Brighton and Hove Albion,2024
Adam Webster,eng ENG,DF,30-132,7.9,543,486,56,24,0,2,1,0,0,0,0,0,465,1,5,Matches,Brighton and Hove Albion,2024
Mats Wieffer,nl NED,"MF,DF",25-181,9.3,604,570,33,9,0,1,7,24,0,0,0,0,517,1,13,Matches,Brighton and Hove Albion,2024
Brajan Gruda,de GER,"MF,FW",20-350,6.0,200,172,28,6,1,2,20,10,10,4,5,0,147,0,1,Matches,Brighton and Hove Albion,2024
Ferdi Kadioglu,tr TUR,"DF,MF",25-221,4.3,175,157,17,2,1,0,9,15,0,0,0,0,144,1,1,Matches,Brighton and Hove Albion,2024
Diego Gómez,py PAR,MF,22-050,5.0,268,252,16,2,4,2,9,1,3,2,0,0,213,0,8,Matches,Brighton and Hove Albion,2024
James Milner,eng ENG,MF,39-132,1.9,73,62,11,4,2,0,8,0,6,2,3,0,55,0,1,Matches,Brighton and Hove Albion,2024
Julio Enciso,py PAR,"MF,FW",21-113,3.3,150,134,16,4,0,1,20,0,12,6,3,0,99,0,5,Matches,Brighton and Hove Albion,2024
Evan Ferguson,ie IRL,FW,20-209,2.7,58,52,5,0,0,0,0,0,0,0,0,0,43,1,1,Matches,Brighton and Hove Albion,2024
Jason Steele,eng ENG,GK,34-271,2.0,112,104,8,6,0,0,0,0,0,0,0,0,101,0,0,Matches,Brighton and Hove Albion,2024
Solly March,eng ENG,"FW,MF",30-300,1.9,95,81,14,1,0,1,20,6,6,3,2,1,60,0,7,Matches,Brighton and Hove Albion,2024
Billy Gilmour,sct SCO,MF,23-339,1.1,67,65,2,1,1,2,1,0,1,1,0,0,58,0,0,Matches,Brighton and Hove Albion,2024
Eiran Cashin,ie IRL,DF,23-188,0.2,28,28,0,0,0,0,1,0,0,0,0,0,23,0,0,Matches,Brighton and Hove Albion,2024
Jakub Moder,pl POL,MF,26-039,0.1,22,22,0,0,0,0,1,0,0,0,0,0,18,0,0,Matches,Brighton and Hove Albion,2024
Jeremy Sarmiento,ec ECU,MF,22-334,0.1,6,6,0,0,0,0,0,0,0,0,0,0,6,0,0,Matches,Brighton and Hove Albion,2024
Moisés Caicedo,ec ECU,"MF,DF",23-195,35.2,2103,2026,73,46,12,13,10,27,0,0,0,0,1889,4,18,Matches,Chelsea,2024
Cole Palmer,eng ENG,MF,23-010,33.5,1406,1210,188,42,21,14,138,16,71,49,5,0,1083,8,46,Matches,Chelsea,2024
Levi Colwill,eng ENG,DF,22-079,33.0,2516,2331,181,83,3,7,13,6,0,0,0,0,2252,4,20,Matches,Chelsea,2024
Marc Cucurella,es ESP,DF,26-298,31.2,1834,1568,259,28,2,1,31,229,2,0,0,0,1612,7,21,Matches,Chelsea,2024
Enzo Fernández,ar ARG,MF,24-119,30.7,1830,1688,133,52,14,25,108,4,74,44,12,1,1468,9,43,Matches,Chelsea,2024
Robert Sánchez,es ESP,GK,27-179,30.0,1184,1031,146,68,0,6,0,0,0,0,0,0,840,7,1,Matches,Chelsea,2024
Nicolas Jackson,sn SEN,FW,23-330,24.7,399,385,12,1,1,0,3,4,0,0,0,0,303,2,15,Matches,Chelsea,2024
Noni Madueke,eng ENG,FW,23-067,20.6,621,597,19,1,1,4,59,17,1,0,0,0,482,5,12,Matches,Chelsea,2024
Pedro Neto,pt POR,FW,25-068,23.4,842,762,79,14,0,5,140,13,49,16,12,5,663,1,25,Matches,Chelsea,2024
Malo Gusto,fr FRA,DF,21-362,20.5,1379,1224,153,37,2,3,52,116,0,0,0,0,1194,2,26,Matches,Chelsea,2024
Jadon Sancho,eng ENG,FW,25-052,18.9,779,767,11,1,7,1,24,9,1,1,0,0,643,1,23,Matches,Chelsea,2024
Wesley Fofana,fr FRA,DF,24-150,13.0,803,758,44,23,0,0,1,20,0,0,0,0,724,1,4,Matches,Chelsea,2024
Tosin Adarabioyo,eng ENG,DF,27-234,13.7,1081,1044,35,19,2,3,0,4,0,0,0,0,988,2,3,Matches,Chelsea,2024
Trevoh Chalobah,eng ENG,DF,25-315,10.1,677,654,23,11,1,2,3,10,0,0,0,0,609,0,3,Matches,Chelsea,2024
Roméo Lavia,be BEL,MF,21-130,8.4,414,409,3,3,3,3,0,0,0,0,0,0,381,2,1,Matches,Chelsea,2024
Reece James,eng ENG,"DF,MF",25-159,9.8,723,620,100,30,4,2,41,51,19,11,5,1,609,3,7,Matches,Chelsea,2024
Christopher Nkunku,fr FRA,FW,27-183,10.2,334,327,7,1,2,1,4,0,2,0,0,0,299,0,3,Matches,Chelsea,2024
Filip Jørgensen,dk DEN,GK,23-030,6.0,189,169,20,2,0,0,0,0,0,0,0,0,158,0,0,Matches,Chelsea,2024
Axel Disasi,fr FRA,DF,27-066,4.0,293,266,27,10,0,1,0,17,0,0,0,0,266,0,2,Matches,Chelsea,2024
João Félix,pt POR,"FW,MF",25-187,4.1,199,193,5,2,2,1,0,3,0,0,0,0,171,1,5,Matches,Chelsea,2024
Benoît Badiashile,fr FRA,DF,24-051,3.7,304,288,15,5,0,1,0,0,0,0,0,0,273,1,0,Matches,Chelsea,2024
Kiernan Dewsbury-Hall,eng ENG,"MF,FW",26-252,2.9,152,147,4,1,0,1,2,0,2,0,0,1,127,1,2,Matches,Chelsea,2024
Joshua Acheampong,eng ENG,DF,19-011,1.9,124,121,3,2,0,0,0,1,0,0,0,0,104,0,2,Matches,Chelsea,2024
Renato Veiga,pt POR,"DF,MF",21-291,2.0,139,127,12,5,0,0,0,7,0,0,0,0,118,0,1,Matches,Chelsea,2024
Mykhailo Mudryk,ua UKR,FW,24-131,1.7,42,40,2,0,1,0,7,0,2,0,0,0,28,0,1,Matches,Chelsea,2024
Tyrique George,eng ENG,FW,19-101,1.1,46,45,1,0,0,0,3,1,0,0,0,0,38,0,1,Matches,Chelsea,2024
Marc Guiu,es ESP,FW,19-132,0.8,16,14,2,0,0,0,0,0,0,0,0,0,11,0,0,Matches,Chelsea,2024
Mathis Amougou,fr FRA,MF,19-118,0.1,7,7,0,0,0,0,0,0,0,0,0,0,7,0,0,Matches,Chelsea,2024
Shumaira Mheuka,eng ENG,MF,17-208,0.0,0,0,0,0,0,0,0,0,0,0,0,0,0,0,0,Matches,Chelsea,2024
Dean Henderson,eng ENG,GK,28-065,36.0,1152,796,355,97,0,0,0,0,0,0,0,0,712,1,1,Matches,Crystal Palace,2024
Tyrick Mitchell,eng ENG,DF,25-257,33.4,1316,1088,224,8,0,2,102,216,0,0,0,0,948,4,59,Matches,Crystal Palace,2024
Daniel Muñoz,co COL,DF,28-355,33.9,1436,1136,294,27,2,2,73,265,2,0,0,0,1087,6,38,Matches,Crystal Palace,2024
Marc Guéhi,eng ENG,DF,24-307,34.0,1765,1664,95,76,7,14,13,6,0,0,0,0,1474,6,9,Matches,Crystal Palace,2024
Maxence Lacroix,fr FRA,DF,25-040,32.6,1419,1375,44,40,2,7,6,2,0,0,0,0,1160,0,12,Matches,Crystal Palace,2024
Jean-Philippe Mateta,fr FRA,FW,27-322,28.6,434,425,8,0,7,0,26,0,0,0,0,0,282,1,15,Matches,Crystal Palace,2024
Eberechi Eze,eng ENG,"MF,FW",26-321,28.0,1018,823,178,69,10,5,110,3,62,39,10,0,759,17,17,Matches,Crystal Palace,2024
Ismaila Sarr,sn SEN,MF,27-080,28.4,708,701,2,0,12,1,55,2,0,0,0,0,470,5,25,Matches,Crystal Palace,2024
Jefferson Lerma,co COL,"MF,DF",30-203,23.3,1057,993,56,12,8,8,11,43,0,0,0,0,799,8,21,Matches,Crystal Palace,2024
Will Hughes,eng ENG,MF,30-029,22.1,929,818,104,33,1,2,71,1,54,41,2,0,707,7,10,Matches,Crystal Palace,2024
Chris Richards,us USA,DF,25-049,19.4,808,773,33,16,2,5,5,17,0,0,0,0,645,2,13,Matches,Crystal Palace,2024
Adam Wharton,eng ENG,MF,20-348,14.6,725,678,40,14,5,1,39,0,26,19,1,0,548,7,12,Matches,Crystal Palace,2024
Daichi Kamada,jp JPN,MF,28-284,16.2,700,669,30,10,3,5,31,2,16,11,1,0,560,1,16,Matches,Crystal Palace,2024
Trevoh Chalobah,eng ENG,DF,25-315,11.8,442,426,16,11,1,2,7,5,0,0,0,0,349,0,7,Matches,Crystal Palace,2024
Eddie Nketiah,eng ENG,"FW,MF",25-351,10.3,226,217,9,0,2,0,5,1,0,0,0,0,167,0,12,Matches,Crystal Palace,2024
Nathaniel Clyne,eng ENG,"DF,MF",34-041,5.4,225,207,16,1,1,1,7,13,0,0,0,0,171,2,8,Matches,Crystal Palace,2024
Cheick Doucouré,ml MLI,MF,25-128,5.0,204,201,3,3,0,0,1,0,0,0,0,0,174,0,4,Matches,Crystal Palace,2024
Justin Devenny,nir NIR,MF,21-217,4.8,177,157,18,6,1,1,17,0,9,4,4,0,127,2,2,Matches,Crystal Palace,2024
Odsonne Édouard,fr FRA,"MF,FW",27-120,1.3,28,28,0,0,0,0,1,0,0,0,0,0,17,0,2,Matches,Crystal Palace,2024
Joachim Andersen,dk DEN,DF,28-350,1.0,83,81,2,1,0,0,1,0,1,0,0,0,61,0,0,Matches,Crystal Palace,2024
Chadi Riad,ma MAR,DF,21-333,1.0,82,82,0,0,0,1,0,0,0,0,0,0,70,0,2,Matches,Crystal Palace,2024
Ben Chilwell,eng ENG,DF,28-146,1.9,89,75,14,1,1,0,4,13,0,0,0,0,62,0,3,Matches,Crystal Palace,2024
Jeffrey Schlupp,gh GHA,"MF,DF",32-144,1.1,50,47,3,0,0,0,4,3,0,0,0,0,39,0,0,Matches,Crystal Palace,2024
Romain Esse,eng ENG,MF,20-003,0.5,22,22,0,0,0,0,0,0,0,0,0,0,18,0,1,Matches,Crystal Palace,2024
Matheus França,br BRA,"FW,MF",21-045,0.3,8,6,1,0,0,0,1,0,0,0,0,0,4,1,0,Matches,Crystal Palace,2024
Jordan Ayew,gh GHA,"FW,MF",33-247,0.2,10,8,2,0,0,1,1,0,1,1,0,0,8,0,0,Matches,Crystal Palace,2024
Caleb Kporha,eng ENG,DF,18-305,0.1,7,6,1,0,0,0,2,1,0,0,0,0,5,0,0,Matches,Crystal Palace,2024
Asher Agbinone,eng ENG,MF,19-230,0.1,3,3,0,0,0,0,1,0,0,0,0,0,2,0,0,Matches,Crystal Palace,2024
Joel Ward,eng ENG,DF,35-199,0.0,2,2,0,0,0,0,0,0,0,0,0,0,0,0,0,Matches,Crystal Palace,2024
Jordan Pickford,eng ENG,GK,31-070,36.0,1505,1094,402,179,0,6,0,0,0,0,0,0,1001,9,0,Matches,Everton,2024
James Tarkowski,eng ENG,DF,32-178,32.5,1290,1204,77,46,2,13,1,3,0,0,0,0,1045,9,12,Matches,Everton,2024
Vitaliy Mykolenko,ua UKR,DF,25-352,32.2,1243,991,249,13,2,3,93,236,0,0,0,0,925,3,22,Matches,Everton,2024
Idrissa Gana Gueye,sn SEN,MF,35-232,32.0,1323,1290,26,7,2,7,7,6,0,0,0,0,1143,7,22,Matches,Everton,2024
Abdoulaye Doucouré,ml MLI,MF,32-135,27.6,870,851,14,5,0,2,23,0,0,0,0,0,694,5,27,Matches,Everton,2024
Jarrad Branthwaite,eng ENG,DF,22-323,27.1,1139,1083,50,37,1,17,5,3,0,0,0,0,936,6,6,Matches,Everton,2024
Iliman Ndiaye,sn SEN,FW,25-071,25.4,676,649,25,5,2,2,38,5,10,4,0,2,547,2,21,Matches,Everton,2024
Jack Harrison,eng ENG,FW,28-177,21.8,629,561,61,22,4,2,126,8,30,26,0,1,395,7,33,Matches,Everton,2024
Dominic Calvert-Lewin,eng ENG,FW,28-061,17.7,284,282,2,0,0,1,6,1,0,0,0,0,179,0,12,Matches,Everton,2024
Ashley Young,eng ENG,"DF,FW",39-311,19.0,914,703,205,21,3,4,70,167,15,8,6,0,642,6,19,Matches,Everton,2024
James Garner,eng ENG,"MF,DF",24-064,15.7,702,595,102,16,2,2,53,39,21,14,4,2,525,5,22,Matches,Everton,2024
Jake O'Brien,ie IRL,DF,24-001,15.5,650,541,107,3,0,1,18,100,0,0,0,0,509,2,12,Matches,Everton,2024
Jesper Lindstrøm,dk DEN,FW,25-076,13.8,428,383,42,11,1,0,71,6,25,12,8,2,297,3,18,Matches,Everton,2024
Dwight McNeil,eng ENG,"MF,FW",25-175,14.4,584,487,93,29,7,5,98,5,42,29,5,4,431,4,16,Matches,Everton,2024
Orel Mangala,be BEL,MF,27-059,14.0,490,485,4,3,0,1,6,0,0,0,0,0,437,1,10,Matches,Everton,2024
Beto,gw GNB,FW,27-105,15.1,234,230,4,0,1,1,4,0,1,0,0,0,132,0,12,Matches,Everton,2024
Michael Keane,eng ENG,DF,32-125,10.5,346,335,7,3,0,12,1,0,0,0,0,0,285,4,6,Matches,Everton,2024
Carlos Alcaraz,ar ARG,"FW,MF",22-167,7.4,251,239,11,2,1,2,10,5,3,2,1,0,200,1,10,Matches,Everton,2024
Tim Iroegbunam,eng ENG,MF,21-320,6.4,158,156,0,0,0,0,1,0,0,0,0,0,115,2,5,Matches,Everton,2024
Armando Broja,al ALB,FW,23-248,3.7,73,72,0,0,0,0,1,0,0,0,0,0,53,1,1,Matches,Everton,2024
Nathan Patterson,sct SCO,DF,23-212,3.9,176,134,42,0,1,0,14,42,0,0,0,0,130,0,0,Matches,Everton,2024
Séamus Coleman,ie IRL,DF,36-217,2.2,82,63,18,0,0,0,3,18,0,0,0,0,60,1,1,Matches,Everton,2024
Roman Dixon,eng ENG,DF,20-141,1.0,19,16,3,0,0,0,0,3,0,0,0,0,11,0,0,Matches,Everton,2024
Harrison Armstrong,eng ENG,MF,18-117,0.5,15,13,1,0,0,0,1,0,0,0,0,0,7,1,0,Matches,Everton,2024
Youssef Chermiti,pt POR,"FW,MF",20-357,0.5,11,11,0,0,0,0,1,0,0,0,0,0,6,0,0,Matches,Everton,2024
Mason Holgate,eng ENG,"FW,DF",28-206,0.1,2,0,2,0,0,0,0,2,0,0,0,0,2,0,0,Matches,Everton,2024
Bernd Leno,de GER,GK,33-073,36.0,1338,1110,227,67,0,0,0,0,0,0,0,0,1093,1,1,Matches,Fulham,2024
Alex Iwobi,ng NGA,"FW,MF",29-013,32.1,1482,1439,37,7,15,21,124,22,2,0,1,0,1109,6,51,Matches,Fulham,2024
Antonee Robinson,us USA,DF,27-281,33.2,1987,1705,276,15,1,4,165,261,0,0,0,0,1523,6,47,Matches,Fulham,2024
Calvin Bassey,ng NGA,DF,25-136,33.2,2115,1988,125,47,0,10,8,8,0,0,0,0,1899,2,17,Matches,Fulham,2024
Raúl Jiménez,mx MEX,FW,34-011,25.7,617,609,7,3,3,5,23,4,0,0,0,0,440,1,28,Matches,Fulham,2024
Joachim Andersen,dk DEN,DF,28-350,26.7,1870,1765,98,79,0,34,11,8,0,0,0,0,1548,7,7,Matches,Fulham,2024
Saša Lukić,rs SRB,MF,28-276,24.1,1171,1089,81,35,1,3,55,1,39,11,22,0,1027,1,22,Matches,Fulham,2024
Sander Berge,no NOR,MF,27-091,24.2,1160,1120,40,39,3,7,3,1,0,0,0,0,1060,0,8,Matches,Fulham,2024
Andreas Pereira,br BRA,MF,29-135,21.7,960,753,203,50,4,8,171,9,109,53,47,0,662,4,26,Matches,Fulham,2024
Emile Smith Rowe,eng ENG,MF,24-292,21.6,979,947,30,5,2,2,15,2,1,0,0,0,881,2,18,Matches,Fulham,2024
Kenny Tete,nl NED,DF,29-219,17.7,882,735,143,6,1,2,33,137,0,0,0,0,715,4,23,Matches,Fulham,2024
Timothy Castagne,be BEL,DF,29-162,18.3,953,813,140,10,0,1,37,130,0,0,0,0,780,0,26,Matches,Fulham,2024
Adama Traoré,es ESP,"FW,MF",29-111,18.0,545,543,0,0,5,2,94,0,0,0,0,0,392,2,18,Matches,Fulham,2024
Issa Diop,fr FRA,DF,28-127,14.9,758,733,25,21,0,1,1,2,0,0,0,0,663,0,2,Matches,Fulham,2024
Harry Wilson,wls WAL,"FW,MF",28-055,12.0,418,366,51,16,1,5,41,4,27,14,6,1,306,1,5,Matches,Fulham,2024
Rodrigo Muniz,br BRA,FW,24-012,10.7,142,135,6,1,3,2,1,0,0,0,0,0,92,1,4,Matches,Fulham,2024
Ryan Sessegnon,eng ENG,"FW,DF",24-363,6.1,226,212,14,0,0,0,14,13,0,0,0,0,177,0,9,Matches,Fulham,2024
Reiss Nelson,eng ENG,FW,25-157,5.4,268,261,6,0,2,2,23,1,5,3,1,0,232,1,2,Matches,Fulham,2024
Jorge Cuenca,es ESP,DF,25-180,2.9,122,112,10,3,0,0,1,2,0,0,0,0,102,0,0,Matches,Fulham,2024
Tom Cairney,sct SCO,MF,34-116,5.7,555,530,25,11,0,0,19,1,8,3,3,0,503,0,8,Matches,Fulham,2024
Willian,br BRA,"FW,MF",36-280,2.9,208,196,11,2,0,4,16,2,7,3,4,0,178,1,1,Matches,Fulham,2024
Joshua King,eng ENG,MF,18-133,1.0,45,45,0,0,0,0,2,0,0,0,0,0,38,0,2,Matches,Fulham,2024
Harrison Reed,eng ENG,MF,30-109,1.2,55,46,8,5,0,0,6,0,1,0,1,0,39,1,3,Matches,Fulham,2024
Martial Godo,eng ENG,"FW,DF",22-063,0.3,17,15,2,0,0,0,1,2,0,0,0,0,12,0,2,Matches,Fulham,2024
Carlos Vinícius,br BRA,"MF,FW",30-052,0.2,3,3,0,0,0,0,0,0,0,0,0,0,1,0,1,Matches,Fulham,2024
Jay Stansfield,eng ENG,MF,22-173,0.0,0,0,0,0,0,0,0,0,0,0,0,0,0,0,0,Matches,Fulham,2024
Dara O'Shea,ie IRL,DF,26-073,32.7,1474,1375,94,25,0,13,7,62,0,0,0,0,1146,5,12,Matches,Ipswich Town,2024
Liam Delap,eng ENG,FW,22-097,28.4,353,346,5,0,8,1,5,2,0,0,0,0,216,2,16,Matches,Ipswich Town,2024
Leif Davis,eng ENG,DF,25-124,28.5,1194,905,284,54,3,4,148,153,77,53,13,0,854,5,19,Matches,Ipswich Town,2024
Sam Morsy,eg EGY,MF,33-248,28.6,1332,1279,47,46,2,5,12,0,0,0,0,0,1150,6,22,Matches,Ipswich Town,2024
Omari Hutchinson,eng ENG,"MF,FW",21-198,26.7,807,734,66,1,4,2,70,5,4,4,0,0,628,7,38,Matches,Ipswich Town,2024
Jacob Greaves,eng ENG,DF,24-246,22.5,1004,927,75,28,0,0,1,23,0,0,0,0,861,2,4,Matches,Ipswich Town,2024
Jens Cajuste,se SWE,MF,25-279,20.1,707,646,61,23,1,5,9,38,0,0,0,0,583,0,11,Matches,Ipswich Town,2024
Arijanet Muric,xk KVX,GK,26-190,18.0,633,485,143,49,0,3,0,0,0,0,0,0,454,5,0,Matches,Ipswich Town,2024
Axel Tuanzebe,cd COD,DF,27-183,17.0,697,558,139,24,0,1,7,115,0,0,0,0,581,0,13,Matches,Ipswich Town,2024
Cameron Burgess,au AUS,DF,29-207,17.1,774,710,60,28,1,1,0,0,0,0,0,0,626,4,7,Matches,Ipswich Town,2024
Ben Johnson,eng ENG,"DF,FW",25-112,15.0,416,333,82,11,2,4,37,58,13,11,1,0,298,1,23,Matches,Ipswich Town,2024
Kalvin Phillips,eng ENG,MF,29-165,13.7,551,510,40,27,1,6,20,2,11,8,2,1,436,1,9,Matches,Ipswich Town,2024
Sammie Szmodics,ie IRL,"FW,MF",29-234,10.9,194,184,10,1,0,0,13,0,6,6,0,0,144,0,12,Matches,Ipswich Town,2024
Luke Woolfenden,eng ENG,DF,26-207,13.2,562,547,13,9,0,2,0,1,0,0,0,0,496,2,2,Matches,Ipswich Town,2024
Alex Palmer,eng ENG,GK,28-279,12.0,394,261,133,42,0,0,0,0,0,0,0,0,271,0,1,Matches,Ipswich Town,2024
Wes Burns,wls WAL,"FW,DF",30-174,10.3,253,244,9,1,0,1,46,8,0,0,0,0,153,0,24,Matches,Ipswich Town,2024
Jack Clarke,eng ENG,"FW,MF",24-174,12.1,360,342,17,2,1,3,13,7,6,5,0,0,276,1,18,Matches,Ipswich Town,2024
Julio Enciso,py PAR,"FW,MF",21-113,8.9,232,197,34,8,4,0,19,2,12,10,1,0,161,1,10,Matches,Ipswich Town,2024
Conor Chaplin,eng ENG,"MF,FW",28-089,8.5,274,244,30,3,10,0,9,1,0,0,0,0,200,0,5,Matches,Ipswich Town,2024
Nathan Broadhead,wls WAL,"MF,FW",27-041,6.7,196,186,10,0,3,1,9,2,3,3,0,0,149,0,11,Matches,Ipswich Town,2024
Christian Walton,eng ENG,GK,29-188,6.0,226,159,67,17,0,0,0,0,0,0,0,0,152,0,0,Matches,Ipswich Town,2024
Jaden Philogene Bidace,eng ENG,"FW,DF",23-097,5.3,131,129,1,0,0,1,13,1,0,0,0,0,95,1,5,Matches,Ipswich Town,2024
Jack Taylor,ie IRL,MF,26-327,9.2,394,384,10,2,2,3,6,0,3,3,0,0,328,0,5,Matches,Ipswich Town,2024
Harry Clarke,eng ENG,DF,24-075,4.2,236,211,25,2,1,0,5,23,0,0,0,0,190,0,4,Matches,Ipswich Town,2024
George Hirst,sct SCO,FW,26-090,5.8,107,106,0,0,0,0,3,0,0,0,0,0,60,1,5,Matches,Ipswich Town,2024
Conor Townsend,eng ENG,DF,32-073,3.7,127,98,28,4,1,0,12,20,4,3,1,0,80,1,3,Matches,Ipswich Town,2024
Chiedozie Ogbene,ie IRL,FW,28-015,2.6,43,43,0,0,0,0,4,0,0,0,0,0,32,0,5,Matches,Ipswich Town,2024
Massimo Luongo,au AUS,MF,32-233,2.2,57,55,1,1,0,0,1,0,0,0,0,0,43,1,1,Matches,Ipswich Town,2024
Ben Godfrey,eng ENG,DF,27-121,1.8,57,49,8,1,0,0,0,7,0,0,0,0,47,0,3,Matches,Ipswich Town,2024
Ali Al Hamadi,iq IRQ,FW,23-076,1.5,30,30,0,0,0,0,0,0,0,0,0,0,25,0,1,Matches,Ipswich Town,2024
Marcus Harness,eng ENG,MF,29-081,0.5,16,16,0,0,0,0,0,0,0,0,0,0,10,0,1,Matches,Ipswich Town,2024
George Edmundson,eng ENG,DF,27-258,0.0,2,2,0,0,0,0,0,0,0,0,0,0,1,0,1,Matches,Ipswich Town,2024
Jamie Vardy,eng ENG,FW,38-125,30.5,382,329,46,0,1,1,11,0,0,0,0,0,255,7,14,Matches,Leicester City,2024
James Justin,eng ENG,DF,27-082,30.7,1452,1193,256,20,1,2,54,236,0,0,0,0,1135,3,37,Matches,Leicester City,2024
Wout Faes,be BEL,DF,27-043,29.3,1472,1420,49,25,2,7,5,6,0,0,0,0,1292,3,7,Matches,Leicester City,2024
Victor Bernth Kristiansen,dk DEN,DF,22-151,26.6,1302,1048,246,40,1,2,97,189,17,14,2,0,1011,8,24,Matches,Leicester City,2024
Mads Hermansen,dk DEN,GK,24-309,26.5,1073,840,229,86,0,2,0,0,0,0,0,0,654,4,1,Matches,Leicester City,2024
Wilfred Ndidi,ng NGA,MF,28-151,24.9,1005,980,22,13,4,4,30,9,0,0,0,0,805,3,24,Matches,Leicester City,2024
Bilal El Khannouss,ma MAR,MF,21-006,23.2,1013,884,124,24,11,6,87,13,35,19,10,1,757,5,24,Matches,Leicester City,2024
Boubakary Soumaré,fr FRA,MF,26-078,22.1,1151,1137,11,8,3,1,9,3,0,0,0,0,998,3,14,Matches,Leicester City,2024
Harry Winks,eng ENG,MF,29-103,17.1,1045,981,61,35,4,2,34,5,16,11,3,0,910,3,11,Matches,Leicester City,2024
Conor Coady,eng ENG,DF,32-080,17.0,958,911,43,20,2,2,0,1,0,0,0,0,869,4,4,Matches,Leicester City,2024
Jordan Ayew,gh GHA,"FW,MF",33-247,16.5,498,452,46,12,3,2,58,5,26,14,7,3,367,0,11,Matches,Leicester City,2024
Stephy Mavididi,eng ENG,FW,26-350,17.9,613,588,20,2,6,0,69,11,7,4,2,0,460,5,24,Matches,Leicester City,2024
Jannik Vestergaard,dk DEN,DF,32-286,15.5,959,890,68,26,0,2,0,0,0,0,0,0,870,1,4,Matches,Leicester City,2024
Facundo Buonanotte,ar ARG,"FW,MF",20-144,16.7,570,501,65,24,7,4,43,10,26,19,1,0,435,4,9,Matches,Leicester City,2024
Caleb Okoli,it ITA,DF,23-307,12.5,648,597,51,21,1,3,1,4,0,0,0,0,559,0,8,Matches,Leicester City,2024
Luke Thomas,eng ENG,DF,23-340,10.5,560,465,92,15,0,0,26,69,8,4,3,0,442,3,12,Matches,Leicester City,2024
Oliver Skipp,eng ENG,MF,24-242,11.7,481,476,4,3,2,0,5,1,0,0,0,0,408,1,11,Matches,Leicester City,2024
Bobby De Cordova-Reid,jm JAM,FW,32-103,8.3,206,198,8,1,0,0,15,6,0,0,0,0,145,0,15,Matches,Leicester City,2024
Jakub Stolarczyk,pl POL,GK,24-148,8.0,298,227,71,29,0,0,0,0,0,0,0,0,199,0,0,Matches,Leicester City,2024
Kasey McAteer,ie IRL,"FW,MF",23-175,7.6,215,205,7,0,0,0,18,7,0,0,0,0,155,3,10,Matches,Leicester City,2024
Abdul Fatawu Issahaku,gh GHA,FW,21-069,6.4,197,186,11,1,2,2,30,9,1,0,0,0,123,0,18,Matches,Leicester City,2024
Patson Daka,zm ZAM,"FW,MF",26-219,7.3,141,133,8,0,2,0,3,6,0,0,0,0,101,0,11,Matches,Leicester City,2024
Ricardo Pereira,pt POR,DF,31-222,3.8,216,176,39,6,0,0,3,33,0,0,0,0,178,1,2,Matches,Leicester City,2024
Danny Ward,wls WAL,GK,31-328,1.5,53,46,7,0,0,0,0,0,0,0,0,0,41,0,0,Matches,Leicester City,2024
Hamza Choudhury,bd BAN,"MF,DF",27-227,1.5,84,81,3,0,0,0,5,3,0,0,0,0,72,0,1,Matches,Leicester City,2024
Woyo Coulibaly,fr FRA,DF,25-361,1.2,57,44,13,0,0,0,0,13,0,0,0,0,48,0,0,Matches,Leicester City,2024
Jeremy Monga,,"FW,MF",,0.7,19,18,1,1,0,0,2,0,0,0,0,0,11,0,5,Matches,Leicester City,2024
Odsonne Édouard,fr FRA,FW,27-120,0.3,8,8,0,0,0,0,0,0,0,0,0,0,6,0,1,Matches,Leicester City,2024
Jake Evans,,FW,,0.1,1,1,0,0,0,0,0,0,0,0,0,0,1,0,0,Matches,Leicester City,2024
Will Alves,eng ENG,FW,20-102,0.0,1,1,0,0,0,0,0,0,0,0,0,0,1,0,0,Matches,Leicester City,2024
Michael Golding,eng ENG,MF,18-358,0.0,0,0,0,0,0,0,0,0,0,0,0,0,0,0,0,Matches,Leicester City,2024
Virgil van Dijk,nl NED,DF,33-312,36.0,2825,2603,220,82,1,22,1,8,0,0,0,0,2587,2,9,Matches,Liverpool,2024
Mohamed Salah,eg EGY,FW,32-335,35.5,1196,1165,25,7,17,3,74,18,0,0,0,0,848,6,56,Matches,Liverpool,2024
Ryan Gravenberch,nl NED,MF,23-000,33.4,1823,1787,30,14,8,7,6,10,0,0,0,0,1619,6,14,Matches,Liverpool,2024
Alexis Mac Allister,ar ARG,MF,26-143,28.9,1524,1403,116,35,6,3,86,9,71,26,36,0,1273,5,31,Matches,Liverpool,2024
Ibrahima Konaté,fr FRA,DF,25-356,26.8,1784,1737,44,40,1,5,0,4,0,0,0,0,1611,3,9,Matches,Liverpool,2024
Andrew Robertson,sct SCO,DF,31-066,26.6,1807,1512,289,48,4,5,139,184,57,39,11,0,1495,6,34,Matches,Liverpool,2024
Trent Alexander-Arnold,eng ENG,DF,26-221,25.8,1915,1610,295,60,11,31,145,186,49,32,10,1,1411,10,36,Matches,Liverpool,2024
Dominik Szoboszlai,hu HUN,MF,24-203,26.3,1250,1139,110,18,5,12,36,36,14,9,4,0,1056,1,25,Matches,Liverpool,2024
Luis Díaz,co COL,FW,28-123,25.6,842,824,16,2,2,8,31,13,1,0,0,0,711,2,23,Matches,Liverpool,2024
Alisson,br BRA,GK,32-226,25.9,857,746,109,38,1,1,0,0,0,0,0,0,712,2,1,Matches,Liverpool,2024
Cody Gakpo,nl NED,FW,26-009,19.8,592,574,16,4,3,4,69,11,1,0,0,0,449,2,10,Matches,Liverpool,2024
Curtis Jones,eng ENG,"MF,DF",24-106,17.7,1007,949,56,10,2,2,6,27,1,0,0,0,938,2,10,Matches,Liverpool,2024
Diogo Jota,pt POR,FW,28-163,13.0,296,291,3,0,1,2,8,1,0,0,0,0,207,2,13,Matches,Liverpool,2024
Caoimhín Kelleher,ie IRL,GK,26-174,10.0,382,344,38,20,0,0,0,0,0,0,0,0,289,0,1,Matches,Liverpool,2024
Darwin Núñez,uy URU,FW,25-326,11.9,221,216,4,0,1,6,2,2,0,0,0,0,155,1,13,Matches,Liverpool,2024
Kostas Tsimikas,gr GRE,DF,29-004,8.3,605,495,108,10,1,1,61,59,39,31,5,0,507,2,9,Matches,Liverpool,2024
Joe Gomez,eng ENG,DF,27-358,5.8,425,406,18,12,1,5,2,6,0,0,0,0,377,1,2,Matches,Liverpool,2024
Conor Bradley,nir NIR,DF,21-311,7.0,467,397,68,13,0,2,6,55,0,0,0,0,391,2,11,Matches,Liverpool,2024
Jarell Quansah,eng ENG,DF,22-107,4.5,322,300,22,10,0,1,2,12,0,0,0,0,293,0,2,Matches,Liverpool,2024
Harvey Elliott,eng ENG,"MF,FW",22-042,3.1,229,210,16,2,1,3,11,7,5,2,1,0,186,3,4,Matches,Liverpool,2024
Wataru Endo,jp JPN,MF,32-096,2.6,159,156,3,1,0,0,0,2,0,0,0,0,148,0,2,Matches,Liverpool,2024
Federico Chiesa,it ITA,FW,27-203,0.5,26,25,1,0,0,0,2,1,0,0,0,0,22,0,1,Matches,Liverpool,2024
Vitezslav Jaros,cz CZE,GK,23-297,0.1,8,7,1,0,0,0,0,0,0,0,0,0,6,0,0,Matches,Liverpool,2024
Jayden Danns,eng ENG,MF,19-120,0.1,1,1,0,0,0,0,0,0,0,0,0,0,1,0,0,Matches,Liverpool,2024
Joško Gvardiol,hr CRO,DF,23-113,34.4,2625,2429,189,36,6,9,22,146,0,0,0,0,2381,7,28,Matches,Manchester City,2024
Erling Haaland,no NOR,FW,24-299,28.6,353,344,7,0,1,0,3,1,0,0,0,0,234,2,8,Matches,Manchester City,2024
Bernardo Silva,pt POR,"MF,FW",30-279,27.7,1643,1521,121,52,3,5,56,43,13,3,0,0,1433,1,33,Matches,Manchester City,2024
Ederson,br BRA,GK,31-272,23.8,839,745,94,26,1,2,0,0,0,0,0,0,741,0,1,Matches,Manchester City,2024
Mateo Kovačić,hr CRO,MF,31-010,23.7,1797,1763,30,29,15,8,0,0,0,0,0,0,1660,4,14,Matches,Manchester City,2024
Rúben Dias,pt POR,DF,28-002,23.2,2180,2102,75,40,0,8,3,2,0,0,0,0,2038,3,14,Matches,Manchester City,2024
İlkay Gündoğan,de GER,MF,34-204,22.8,1576,1470,101,30,7,3,57,4,43,28,4,1,1408,5,19,Matches,Manchester City,2024
Rico Lewis,eng ENG,"DF,MF",20-176,21.0,1312,1185,127,25,3,0,6,102,0,0,0,0,1201,0,22,Matches,Manchester City,2024
Manuel Akanji,ch SUI,DF,29-301,20.4,1620,1584,35,18,4,9,11,10,0,0,0,0,1519,1,5,Matches,Manchester City,2024
Sávio,br BRA,"FW,MF",21-036,19.4,851,819,32,4,5,6,84,9,18,10,2,0,688,0,33,Matches,Manchester City,2024
Phil Foden,eng ENG,"MF,FW",24-353,19.6,934,847,83,21,7,2,80,5,46,30,8,1,786,4,25,Matches,Manchester City,2024
Kevin De Bruyne,be BEL,"MF,FW",33-322,18.1,1141,982,154,31,14,10,140,17,91,33,18,2,865,5,27,Matches,Manchester City,2024
Matheus Nunes,pt POR,"DF,MF",26-262,16.6,1109,994,114,10,2,8,39,96,7,5,0,0,957,1,22,Matches,Manchester City,2024
Jeremy Doku,be BEL,"FW,MF",22-354,16.0,734,729,3,0,8,0,56,1,2,0,0,0,582,2,29,Matches,Manchester City,2024
Stefan Ortega,de GER,GK,32-191,12.2,459,388,70,21,0,2,0,0,0,0,0,0,373,1,1,Matches,Manchester City,2024
Omar Marmoush,eg EGY,"FW,MF",26-098,11.2,260,234,24,4,2,0,25,1,14,8,3,0,203,2,3,Matches,Manchester City,2024
Kyle Walker,eng ENG,DF,34-353,10.8,826,727,99,18,2,7,14,81,0,0,0,0,724,0,8,Matches,Manchester City,2024
Nathan Aké,nl NED,DF,30-087,7.5,542,514,26,13,0,0,1,7,0,0,0,0,509,2,3,Matches,Manchester City,2024
Nicolás González,es ESP,MF,23-133,7.2,560,540,19,17,1,0,0,2,0,0,0,0,520,1,3,Matches,Manchester City,2024
Jack Grealish,eng ENG,"FW,MF",29-248,8.0,435,417,18,5,0,0,20,4,9,4,0,0,381,0,11,Matches,Manchester City,2024
John Stones,eng ENG,"DF,MF",30-353,6.1,403,389,13,7,0,3,0,0,0,0,0,0,367,1,2,Matches,Manchester City,2024
Nico O’Reilly,eng ENG,DF,20-056,5.9,353,311,41,5,1,0,8,36,0,0,0,0,305,1,3,Matches,Manchester City,2024
Abdukodir Khusanov,uz UZB,DF,21-076,5.6,395,385,10,6,0,1,1,3,0,0,0,0,360,0,3,Matches,Manchester City,2024
James Mcatee,eng ENG,"MF,FW",22-210,3.9,125,122,3,1,1,0,8,0,1,1,0,0,100,0,4,Matches,Manchester City,2024
Jahmai Simpson-Pusey,eng ENG,DF,19-193,1.1,115,110,5,3,0,0,0,1,0,0,0,0,107,0,0,Matches,Manchester City,2024
Rodri,es ESP,MF,28-328,0.7,61,60,1,1,0,0,0,0,0,0,0,0,57,0,0,Matches,Manchester City,2024
Divin Mubama,eng ENG,FW,20-203,0.3,3,3,0,0,0,0,0,0,0,0,0,0,2,0,1,Matches,Manchester City,2024
Oscar Bobb,no NOR,FW,21-308,0.2,11,11,0,0,0,0,0,0,0,0,0,0,9,0,0,Matches,Manchester City,2024
Vitor Reis,br BRA,DF,19-124,0.0,2,2,0,0,0,0,0,0,0,0,0,0,2,0,0,Matches,Manchester City,2024
André Onana,cm CMR,GK,29-044,33.0,1259,1032,222,82,1,2,0,0,0,0,0,0,920,5,0,Matches,Manchester United,2024
Bruno Fernandes,pt POR,MF,30-250,31.6,2111,1868,228,95,27,19,181,18,88,43,21,5,1598,15,49,Matches,Manchester United,2024
Noussair Mazraoui,ma MAR,DF,27-183,30.3,1719,1528,190,23,7,5,22,157,0,0,0,0,1475,1,34,Matches,Manchester United,2024
Diogo Dalot,pt POR,DF,26-059,31.0,1659,1414,241,13,4,8,65,228,0,0,0,0,1336,4,36,Matches,Manchester United,2024
Matthijs de Ligt,nl NED,DF,25-277,23.6,1380,1350,27,19,0,9,6,1,0,0,0,0,1241,3,11,Matches,Manchester United,2024
Alejandro Garnacho,ar ARG,"MF,FW",20-319,24.2,820,795,24,3,2,9,56,16,2,1,0,0,646,1,54,Matches,Manchester United,2024
Manuel Ugarte Ribeiro,uy URU,MF,24-035,19.6,898,872,23,7,2,5,7,2,0,0,0,0,789,3,12,Matches,Manchester United,2024
Rasmus Højlund,dk DEN,FW,22-101,20.4,308,283,22,0,2,0,7,0,0,0,0,0,233,3,6,Matches,Manchester United,2024
Lisandro Martínez,ar ARG,DF,27-118,19.5,1342,1285,54,15,5,3,9,16,0,0,0,0,1200,3,7,Matches,Manchester United,2024
Kobbie Mainoo,eng ENG,MF,20-027,17.7,812,784,23,13,2,4,6,6,0,0,0,0,701,5,17,Matches,Manchester United,2024
Amad Diallo,ci CIV,"FW,MF",22-309,19.1,864,778,82,4,3,1,40,47,31,23,1,1,720,4,17,Matches,Manchester United,2024
Harry Maguire,eng ENG,DF,32-072,17.5,996,953,39,24,0,8,3,1,0,0,0,0,856,4,3,Matches,Manchester United,2024
Casemiro,br BRA,MF,33-082,14.8,854,830,17,15,9,8,19,2,0,0,0,0,670,7,21,Matches,Manchester United,2024
Joshua Zirkzee,nl NED,"FW,MF",23-359,15.6,410,400,9,1,6,2,4,0,0,0,0,0,292,1,15,Matches,Manchester United,2024
Leny Yoro,fr FRA,DF,19-184,12.9,766,745,20,9,2,1,1,7,0,0,0,0,708,1,5,Matches,Manchester United,2024
Marcus Rashford,eng ENG,"FW,MF",27-197,10.9,343,334,9,1,6,5,27,4,1,1,0,0,253,0,10,Matches,Manchester United,2024
Christian Eriksen,dk DEN,MF,33-091,11.5,733,631,101,31,8,8,83,5,61,24,19,5,579,1,6,Matches,Manchester United,2024
Patrick Dorgu,dk DEN,DF,20-202,7.4,378,316,61,6,0,1,31,54,1,0,0,0,304,1,5,Matches,Manchester United,2024
Mason Mount,eng ENG,MF,26-126,5.4,199,189,10,5,2,1,9,2,3,3,0,0,162,0,5,Matches,Manchester United,2024
Victor Lindelöf,se SWE,DF,30-303,5.8,242,238,4,3,0,0,1,1,0,0,0,0,224,0,1,Matches,Manchester United,2024
Harry Amass,eng ENG,DF,18-061,3.8,181,150,31,2,0,0,9,29,0,0,0,0,149,0,3,Matches,Manchester United,2024
Jonny Evans,nir NIR,DF,37-133,3.2,196,177,19,5,0,0,0,3,0,0,0,0,174,0,1,Matches,Manchester United,2024
Altay Bayındır,tr TUR,GK,27-032,3.0,129,106,23,5,0,0,0,0,0,0,0,0,77,0,2,Matches,Manchester United,2024
Luke Shaw,eng ENG,DF,29-308,3.0,247,236,11,2,1,1,10,2,4,0,1,0,210,0,6,Matches,Manchester United,2024
Tyler Fredricson,eng ENG,DF,20-082,1.8,122,119,3,3,0,0,0,0,0,0,0,0,110,0,2,Matches,Manchester United,2024
Tyrell Malacia,nl NED,DF,25-272,1.1,55,49,6,0,0,0,1,6,0,0,0,0,49,0,2,Matches,Manchester United,2024
Chidozie Obi-Martin,dk DEN,FW,17-168,1.7,23,21,2,0,0,0,0,0,0,0,0,0,19,0,0,Matches,Manchester United,2024
Ayden Heaven,eng ENG,DF,18-236,1.1,49,48,1,1,0,0,0,0,0,0,0,0,40,0,2,Matches,Manchester United,2024
Toby Collyer,eng ENG,MF,21-133,2.0,92,88,4,1,0,0,0,2,0,0,0,0,76,0,2,Matches,Manchester United,2024
Antony,br BRA,"DF,MF",25-081,1.6,69,62,7,2,0,0,5,5,0,0,0,0,56,0,1,Matches,Manchester United,2024
Scott McTominay,sct SCO,MF,28-159,0.2,10,8,2,0,0,0,0,1,0,0,0,0,10,0,0,Matches,Manchester United,2024
Bruno Guimarães,br BRA,MF,27-181,34.3,1666,1580,77,68,22,13,26,3,4,2,1,0,1369,9,36,Matches,Newcastle United,2024
Dan Burn,eng ENG,DF,33-007,35.0,1891,1859,31,23,0,12,3,4,0,0,0,0,1677,1,16,Matches,Newcastle United,2024
Alexander Isak,se SWE,FW,25-237,29.6,660,579,75,0,6,3,15,9,3,0,0,0,493,6,24,Matches,Newcastle United,2024
Fabian Schär,ch SUI,DF,33-147,30.6,1863,1787,68,62,4,29,10,6,0,0,0,0,1558,8,8,Matches,Newcastle United,2024
Valentino Livramento,eng ENG,DF,22-185,29.6,1546,1302,239,16,1,1,45,222,1,0,0,0,1317,5,26,Matches,Newcastle United,2024
Joelinton,br BRA,"MF,FW",28-275,26.6,1043,1014,26,11,7,2,16,14,0,0,0,0,863,3,23,Matches,Newcastle United,2024
Jacob Murphy,eng ENG,FW,30-081,24.8,938,884,46,5,5,6,113,27,14,1,0,0,644,8,48,Matches,Newcastle United,2024
Sandro Tonali,it ITA,MF,25-008,27.2,1411,1363,42,24,7,7,34,9,8,5,1,1,1185,6,25,Matches,Newcastle United,2024
Nick Pope,eng ENG,GK,33-027,26.0,721,483,238,66,0,0,0,0,0,0,0,0,529,0,0,Matches,Newcastle United,2024
Anthony Gordon,eng ENG,FW,24-081,25.5,935,813,114,24,9,4,122,33,51,34,7,0,689,8,36,Matches,Newcastle United,2024
Lewis Hall,eng ENG,DF,20-250,24.3,1592,1300,287,68,4,2,110,164,55,45,2,0,1300,5,27,Matches,Newcastle United,2024
Harvey Barnes,eng ENG,FW,27-158,17.7,566,552,12,3,4,1,44,7,2,0,0,0,443,2,17,Matches,Newcastle United,2024
Kieran Trippier,eng ENG,DF,34-239,14.2,1218,973,242,50,3,3,79,132,59,24,8,14,1000,3,16,Matches,Newcastle United,2024
Joe Willock,eng ENG,"MF,FW",25-269,11.4,341,335,4,0,0,2,16,4,0,0,0,0,281,2,6,Matches,Newcastle United,2024
Martin Dúbravka,sk SVK,GK,36-121,10.0,333,246,86,27,0,1,0,0,0,0,0,0,265,1,0,Matches,Newcastle United,2024
Sean Longstaff,eng ENG,MF,27-198,8.9,349,344,4,2,2,3,5,0,1,0,0,1,295,1,12,Matches,Newcastle United,2024
Lloyd Kelly,eng ENG,DF,26-222,3.4,181,159,22,7,0,0,1,15,0,0,0,0,146,0,5,Matches,Newcastle United,2024
Sven Botman,nl NED,DF,25-124,3.2,174,168,6,6,0,1,0,0,0,0,0,0,152,0,0,Matches,Newcastle United,2024
Emil Krafth,se SWE,DF,30-287,3.5,143,128,15,4,0,0,1,11,0,0,0,0,113,0,3,Matches,Newcastle United,2024
Callum Wilson,eng ENG,FW,33-078,3.2,41,35,5,0,0,0,2,0,0,0,0,0,29,1,4,Matches,Newcastle United,2024
Lewis Miley,eng ENG,MF,19-015,3.2,170,169,0,0,1,0,0,0,0,0,0,0,150,1,4,Matches,Newcastle United,2024
Miguel Almirón,py PAR,FW,31-095,1.7,66,64,1,0,1,0,0,1,0,0,0,0,54,1,2,Matches,Newcastle United,2024
William Osula,dk DEN,FW,21-285,1.2,18,16,2,0,0,0,1,0,0,0,0,0,11,0,0,Matches,Newcastle United,2024
Matt Targett,eng ENG,DF,29-240,0.2,15,15,0,0,0,0,1,0,0,0,0,0,14,0,0,Matches,Newcastle United,2024
Matz Sels,be BEL,GK,33-079,36.0,942,570,360,97,0,0,0,0,0,0,0,0,484,12,0,Matches,Nottingham Forest,2024
Nikola Milenković,rs SRB,DF,27-216,35.0,964,925,32,32,0,3,0,0,0,0,0,0,787,7,3,Matches,Nottingham Forest,2024
Murillo,br BRA,DF,22-316,33.4,1350,1182,155,108,8,20,12,2,0,0,0,0,1056,13,6,Matches,Nottingham Forest,2024
Ola Aina,ng NGA,DF,28-220,31.4,1271,1011,258,15,0,4,50,243,0,0,0,0,937,2,44,Matches,Nottingham Forest,2024
Chris Wood,nz NZL,FW,33-160,30.9,452,448,0,0,1,1,1,0,0,0,0,0,294,4,7,Matches,Nottingham Forest,2024
Morgan Gibbs-White,eng ENG,MF,25-109,29.2,1195,1170,17,6,16,12,40,1,1,0,0,0,937,8,25,Matches,Nottingham Forest,2024
Elliot Anderson,eng ENG,MF,22-191,28.4,1285,1200,78,23,6,4,78,2,46,15,28,0,1000,7,35,Matches,Nottingham Forest,2024
Anthony Elanga,se SWE,"FW,MF",23-019,25.8,768,649,115,30,3,0,170,6,76,42,31,0,500,4,24,Matches,Nottingham Forest,2024
Neco Williams,wls WAL,DF,24-033,26.8,1032,824,204,19,1,4,52,183,2,0,2,0,785,4,30,Matches,Nottingham Forest,2024
Callum Hudson-Odoi,eng ENG,"FW,MF",24-190,23.9,820,797,20,3,4,6,75,4,4,3,1,0,674,3,16,Matches,Nottingham Forest,2024
Nicolás Domínguez,ar ARG,"MF,FW",26-322,20.1,880,828,46,20,5,0,6,6,0,0,0,0,764,6,9,Matches,Nottingham Forest,2024
Ryan Yates,eng ENG,MF,27-176,21.0,734,677,54,22,0,0,5,0,1,0,0,0,598,3,18,Matches,Nottingham Forest,2024
Álex Moreno,es ESP,"DF,MF",31-342,10.6,428,338,86,1,3,1,19,85,0,0,0,0,308,4,10,Matches,Nottingham Forest,2024
Morato,br BRA,DF,23-320,10.0,304,286,16,10,1,0,0,3,0,0,0,0,234,2,11,Matches,Nottingham Forest,2024
Jota Silva,pt POR,"FW,MF",25-288,9.4,191,188,1,0,1,1,21,0,1,0,0,0,115,2,12,Matches,Nottingham Forest,2024
Ibrahim Sangaré,ci CIV,MF,27-165,5.0,258,250,8,8,0,1,2,0,0,0,0,0,218,0,8,Matches,Nottingham Forest,2024
James Ward-Prowse,eng ENG,MF,30-196,4.4,182,157,24,15,0,1,19,0,8,3,5,0,145,1,1,Matches,Nottingham Forest,2024
Danilo,br BRA,"MF,FW",24-017,3.0,114,112,1,0,0,0,3,0,1,1,0,0,89,1,4,Matches,Nottingham Forest,2024
Taiwo Awoniyi,ng NGA,FW,27-277,4.6,96,96,0,0,1,0,2,0,0,0,0,0,61,0,4,Matches,Nottingham Forest,2024
Ramón Sosa,py PAR,"FW,MF",25-258,3.3,97,86,10,2,0,1,8,4,4,2,1,0,66,1,2,Matches,Nottingham Forest,2024
Willy Boly,ci CIV,DF,34-102,1.7,70,69,1,1,0,0,0,0,0,0,0,0,55,0,0,Matches,Nottingham Forest,2024
Harry Toffolo,eng ENG,DF,29-270,1.5,67,39,28,0,0,0,4,27,1,1,0,0,47,0,3,Matches,Nottingham Forest,2024
Eric da Silva Moreira,de GER,"MF,DF",19-013,0.3,8,6,2,0,0,0,0,2,0,0,0,0,7,0,0,Matches,Nottingham Forest,2024
Kyle Walker-Peters,eng ENG,DF,28-033,32.4,1693,1500,190,36,5,2,51,144,3,0,0,0,1493,3,33,Matches,Southampton,2024
Mateus Fernandes,pt POR,MF,20-310,30.3,1275,1111,163,59,8,10,105,10,50,36,13,0,1017,1,35,Matches,Southampton,2024
Taylor Harwood-Bellis,eng ENG,DF,23-106,30.5,2093,2011,79,51,3,9,10,25,0,0,0,0,1835,3,10,Matches,Southampton,2024
Jan Bednarek,pl POL,DF,29-034,28.1,1687,1606,79,33,0,7,1,1,0,0,0,0,1564,2,4,Matches,Southampton,2024
Aaron Ramsdale,eng ENG,GK,27-002,28.0,1154,867,280,100,0,4,0,0,0,0,0,0,737,7,0,Matches,Southampton,2024
Flynn Downes,eng ENG,MF,26-116,21.9,1007,979,27,27,7,1,3,0,0,0,0,0,906,1,12,Matches,Southampton,2024
Joe Aribo,ng NGA,"MF,DF",28-299,21.7,1006,992,13,4,2,1,10,4,0,0,0,0,892,1,15,Matches,Southampton,2024
Tyler Dibling,eng ENG,"FW,MF",19-065,20.1,603,568,32,4,8,2,28,3,11,8,0,0,489,3,16,Matches,Southampton,2024
Ryan Manning,ie IRL,"DF,MF",28-336,16.2,803,634,162,38,1,3,84,92,32,24,5,0,619,7,21,Matches,Southampton,2024
Lesley Ugochukwu,fr FRA,MF,21-051,17.4,680,671,9,9,2,0,6,0,0,0,0,0,577,0,11,Matches,Southampton,2024
Jack Stephens,eng ENG,DF,31-109,14.4,876,835,40,18,0,2,1,14,0,0,0,0,805,1,4,Matches,Southampton,2024
Yukinari Sugawara,jp JPN,"DF,MF",24-322,16.3,862,743,118,17,1,7,69,91,10,4,6,0,689,1,21,Matches,Southampton,2024
Kamaldeen Sulemana,gh GHA,"FW,MF",23-090,14.1,329,326,2,0,0,2,25,2,0,0,0,0,262,1,7,Matches,Southampton,2024
Adam Armstrong,eng ENG,"FW,MF",28-095,13.9,288,268,18,0,0,1,14,3,0,0,0,0,231,2,12,Matches,Southampton,2024
Cameron Archer,eng ENG,FW,23-299,15.5,235,215,19,0,2,0,3,0,0,0,0,0,191,1,7,Matches,Southampton,2024
James Bree,eng ENG,DF,27-217,10.9,549,508,40,9,0,0,27,27,3,2,0,0,459,1,9,Matches,Southampton,2024
Paul Onuachu,ng NGA,FW,30-353,11.4,257,255,0,0,0,4,0,0,0,0,0,0,156,2,7,Matches,Southampton,2024
Nathan Wood-Gordon,eng ENG,DF,22-350,6.9,391,381,9,3,0,0,3,1,0,0,0,0,363,1,1,Matches,Southampton,2024
William Smallbone,ie IRL,MF,25-084,7.2,332,271,59,12,0,2,34,4,24,15,6,0,257,2,7,Matches,Southampton,2024
Alex McCarthy,eng ENG,GK,35-164,5.0,156,126,29,6,0,1,0,0,0,0,0,0,117,1,1,Matches,Southampton,2024
Adam Lallana,eng ENG,MF,37-006,4.0,260,255,4,3,1,0,4,0,0,0,0,0,221,1,3,Matches,Southampton,2024
Ben Brereton,cl CHI,FW,26-028,5.0,166,163,2,1,1,0,5,1,0,0,0,0,128,1,3,Matches,Southampton,2024
Ryan Fraser,sct SCO,"FW,DF",31-081,3.4,103,97,5,0,0,0,12,3,2,2,0,0,77,1,2,Matches,Southampton,2024
Welington,br BRA,"DF,MF",24-086,3.4,118,97,21,3,0,0,11,17,1,0,0,0,92,0,7,Matches,Southampton,2024
Ross Stewart,sct SCO,FW,28-309,3.2,71,70,1,1,0,0,0,0,0,0,0,0,50,0,2,Matches,Southampton,2024
Joe Lumley,eng ENG,GK,30-090,3.0,151,128,22,7,0,0,0,0,0,0,0,0,106,1,0,Matches,Southampton,2024
Armel Bella Kotchap,de GER,DF,23-156,3.7,224,219,4,4,0,0,0,0,0,0,0,0,202,1,1,Matches,Southampton,2024
Charlie Taylor,eng ENG,DF,31-240,3.0,177,146,30,7,0,0,9,21,2,1,1,0,154,1,3,Matches,Southampton,2024
Albert Grønbaek,dk DEN,"FW,MF",23-358,1.6,18,18,0,0,0,0,1,0,0,0,0,0,13,0,1,Matches,Southampton,2024
Maxwel Cornet,ci CIV,FW,28-231,0.8,22,20,2,0,0,0,3,0,2,2,0,0,17,0,0,Matches,Southampton,2024
Samuel Edozie,eng ENG,"DF,FW",22-108,0.7,33,33,0,0,0,0,4,0,0,0,0,0,25,0,2,Matches,Southampton,2024
Jay Robinson,eng ENG,"MF,FW",18-062,0.4,9,9,0,0,0,0,0,0,0,0,0,0,8,0,0,Matches,Southampton,2024
Samuel Amo-Ameyaw,eng ENG,"FW,DF",18-302,0.3,9,8,1,0,0,0,2,0,1,0,0,0,8,0,0,Matches,Southampton,2024
Ronnie Edwards,eng ENG,DF,22-049,0.1,5,5,0,0,0,0,0,0,0,0,0,0,5,0,0,Matches,Southampton,2024
Carlos Alcaraz,ar ARG,MF,22-167,0.1,13,11,2,0,0,0,1,1,1,0,0,0,13,0,0,Matches,Southampton,2024
Pedro Porro,es ESP,DF,25-245,28.0,1844,1495,342,52,4,16,194,238,52,4,43,0,1355,7,72,Matches,Tottenham Hotspur,2024
Dejan Kulusevski,se SWE,"MF,FW",25-021,26.5,893,800,84,4,11,1,89,6,62,26,0,0,658,9,42,Matches,Tottenham Hotspur,2024
Dominic Solanke,eng ENG,FW,27-244,23.5,352,312,38,0,3,1,4,2,0,0,0,0,250,2,15,Matches,Tottenham Hotspur,2024
Brennan Johnson,wls WAL,FW,23-358,23.1,617,605,10,0,0,0,52,10,0,0,0,0,438,2,37,Matches,Tottenham Hotspur,2024
Guglielmo Vicario,it ITA,GK,28-221,23.0,841,746,95,32,0,1,0,0,0,0,0,0,737,0,2,Matches,Tottenham Hotspur,2024
Son Heung-min,kr KOR,FW,32-312,22.6,898,827,69,15,4,4,76,12,37,24,5,0,709,2,25,Matches,Tottenham Hotspur,2024
Destiny Udogie,it ITA,DF,22-169,20.4,1084,920,163,28,0,0,19,135,0,0,0,0,947,1,34,Matches,Tottenham Hotspur,2024
James Maddison,eng ENG,MF,28-174,20.1,1256,1118,132,48,12,5,98,5,59,37,8,0,1021,6,15,Matches,Tottenham Hotspur,2024
Pape Matar Sarr,sn SEN,MF,22-244,20.2,1003,975,25,9,1,3,14,11,0,0,0,0,869,3,19,Matches,Tottenham Hotspur,2024
Rodrigo Bentancur,uy URU,MF,27-325,17.4,1054,1014,38,31,4,2,4,2,0,0,0,0,926,2,19,Matches,Tottenham Hotspur,2024
Djed Spence,eng ENG,DF,24-280,18.8,1128,948,176,30,2,2,25,146,0,0,0,0,962,4,19,Matches,Tottenham Hotspur,2024
Cristian Romero,ar ARG,DF,27-019,15.7,1223,1120,101,80,4,2,3,7,0,0,0,0,1094,2,7,Matches,Tottenham Hotspur,2024
Archie Gray,eng ENG,"DF,MF",19-065,17.5,1100,1012,84,29,0,2,16,43,4,0,4,0,962,4,17,Matches,Tottenham Hotspur,2024
Yves Bissouma,ml MLI,MF,28-259,14.9,828,783,42,41,2,2,2,1,0,0,0,0,737,3,9,Matches,Tottenham Hotspur,2024
Radu Drăgușin,ro ROU,DF,23-102,13.9,840,793,47,40,1,3,1,3,0,0,0,0,716,0,5,Matches,Tottenham Hotspur,2024
Ben Davies,wls WAL,DF,32-022,13.5,971,879,89,24,1,5,4,5,0,0,0,0,848,3,6,Matches,Tottenham Hotspur,2024
Lucas Bergvall,se SWE,MF,19-103,13.5,720,675,44,21,0,8,21,10,8,5,2,0,629,1,11,Matches,Tottenham Hotspur,2024
Micky van de Ven,nl NED,DF,24-027,10.6,776,735,40,17,0,1,0,4,0,0,0,0,706,1,5,Matches,Tottenham Hotspur,2024
Mathys Tel,fr FRA,FW,20-019,8.2,232,213,18,2,2,1,31,5,7,5,2,0,162,1,9,Matches,Tottenham Hotspur,2024
Wilson Odobert,fr FRA,FW,20-169,8.0,252,245,3,0,0,1,25,2,1,0,0,0,194,4,13,Matches,Tottenham Hotspur,2024
Kevin Danso,at AUT,DF,26-239,7.4,483,464,19,15,0,2,1,0,0,0,0,0,416,0,8,Matches,Tottenham Hotspur,2024
Fraser Forster,eng ENG,GK,37-060,7.0,198,125,72,16,0,1,0,0,0,0,0,0,168,1,0,Matches,Tottenham Hotspur,2024
Antonín Kinský,cz CZE,GK,22-064,5.0,181,150,30,7,0,0,0,0,0,0,0,0,143,1,1,Matches,Tottenham Hotspur,2024
Timo Werner,de GER,"FW,MF",29-071,5.7,236,222,12,2,2,2,28,8,2,1,0,0,158,2,15,Matches,Tottenham Hotspur,2024
Richarlison,br BRA,FW,28-006,5.3,95,91,4,1,0,3,7,0,0,0,0,0,60,0,3,Matches,Tottenham Hotspur,2024
Mikey Moore,eng ENG,FW,17-278,3.1,86,78,8,0,0,0,15,2,6,3,0,0,60,0,5,Matches,Tottenham Hotspur,2024
Brandon Austin,eng ENG,GK,26-128,1.0,32,24,8,2,0,0,0,0,0,0,0,0,22,0,0,Matches,Tottenham Hotspur,2024
Sergio Reguilón,es ESP,DF,28-151,1.4,105,88,16,1,0,0,10,13,2,1,1,0,73,1,4,Matches,Tottenham Hotspur,2024
Dane Scarlett,eng ENG,"FW,MF",21-053,0.4,5,5,0,0,0,0,0,0,0,0,0,0,3,0,1,Matches,Tottenham Hotspur,2024
Alfie Dorrington,eng ENG,DF,20-026,0.2,16,16,0,0,0,0,0,0,0,0,0,0,15,0,0,Matches,Tottenham Hotspur,2024
Will Lankshear,eng ENG,"FW,MF",20-026,0.1,1,1,0,0,0,0,0,0,0,0,0,0,0,0,0,Matches,Tottenham Hotspur,2024
Max Kilman,eng ENG,DF,27-358,35.2,1835,1795,36,24,0,12,3,1,0,0,0,0,1588,4,9,Matches,West Ham United,2024
Aaron Wan-Bissaka,eng ENG,DF,27-171,33.0,1680,1448,228,11,5,1,70,217,0,0,0,0,1355,4,58,Matches,West Ham United,2024
Jarrod Bowen,eng ENG,"FW,MF",28-147,31.0,738,649,83,5,7,4,104,2,44,28,15,0,524,6,40,Matches,West Ham United,2024
Mohammed Kudus,gh GHA,"FW,MF",24-287,27.7,818,803,13,4,2,13,76,3,1,0,0,0,682,2,29,Matches,West Ham United,2024
Tomáš Souček,cz CZE,MF,30-078,26.9,924,903,18,15,0,10,13,3,0,0,0,0,679,3,25,Matches,West Ham United,2024
Lucas Paquetá,br BRA,"MF,FW",27-262,26.0,1407,1319,80,35,18,12,28,12,4,1,3,0,1088,8,24,Matches,West Ham United,2024
Emerson Palmieri,it ITA,DF,30-286,23.5,1077,887,185,20,1,2,64,140,25,7,15,0,861,5,23,Matches,West Ham United,2024
Alphonse Areola,fr FRA,GK,32-078,24.1,953,686,262,70,0,3,0,0,0,0,0,0,661,5,3,Matches,West Ham United,2024
Konstantinos Mavropanos,gr GRE,DF,27-156,21.7,1190,1128,58,39,1,23,2,15,0,0,0,0,1022,4,10,Matches,West Ham United,2024
Edson Álvarez,mx MEX,MF,27-204,18.4,912,890,15,11,3,11,6,3,0,0,0,0,784,7,10,Matches,West Ham United,2024
Jean-Clair Todibo,fr FRA,DF,25-137,18.3,949,913,33,28,0,3,3,5,0,0,0,0,832,3,7,Matches,West Ham United,2024
Guido Rodríguez,ar ARG,MF,31-034,12.0,534,520,14,13,1,5,4,1,0,0,0,0,449,0,13,Matches,West Ham United,2024
Carlos Soler,es ESP,"MF,FW",28-134,15.3,645,585,58,28,4,5,31,4,17,10,4,0,549,2,9,Matches,West Ham United,2024
Łukasz Fabiański,pl POL,GK,40-028,11.9,454,321,132,38,0,0,0,0,0,0,0,0,304,1,0,Matches,West Ham United,2024
Michail Antonio,jm JAM,FW,35-049,9.3,188,175,11,0,3,6,25,7,0,0,0,0,114,2,14,Matches,West Ham United,2024
Vladimír Coufal,cz CZE,DF,32-267,10.6,513,421,90,9,0,0,23,81,0,0,0,0,399,2,11,Matches,West Ham United,2024
James Ward-Prowse,eng ENG,MF,30-196,10.0,677,614,58,26,0,8,42,1,30,17,11,1,595,5,4,Matches,West Ham United,2024
Aaron Cresswell,eng ENG,DF,35-152,8.5,563,465,97,32,1,5,33,52,13,11,2,0,463,1,9,Matches,West Ham United,2024
Crysencio Summerville,nl NED,"FW,MF",23-198,8.7,254,241,13,2,3,0,21,2,8,6,0,0,194,0,13,Matches,West Ham United,2024
Oliver Scarles,eng ENG,DF,19-155,6.6,333,302,28,3,1,1,13,25,0,0,0,0,260,3,5,Matches,West Ham United,2024
Niclas Füllkrug,de GER,FW,32-096,7.6,164,156,7,0,0,1,1,0,0,0,0,0,108,1,6,Matches,West Ham United,2024
Danny Ings,eng ENG,"FW,MF",32-297,3.2,92,86,5,0,1,0,3,0,0,0,0,0,63,1,4,Matches,West Ham United,2024
Andy Irving,sct SCO,MF,25-003,1.8,124,120,2,2,1,0,2,0,0,0,0,0,109,2,1,Matches,West Ham United,2024
Evan Ferguson,ie IRL,FW,20-209,1.7,37,35,1,0,1,1,0,0,0,0,0,0,28,1,0,Matches,West Ham United,2024
Luis Guilherme,br BRA,"MF,FW",19-096,1.5,56,53,3,0,0,0,8,1,2,0,2,0,47,0,2,Matches,West Ham United,2024
Lewis Orford,eng ENG,MF,19-087,0.5,38,36,2,2,0,0,1,0,0,0,0,0,33,0,0,Matches,West Ham United,2024
Kaelan Casey,eng ENG,DF,20-200,0.0,0,0,0,0,0,0,0,0,0,0,0,0,0,0,0,Matches,West Ham United,2024
Rayan Aït-Nouri,dz ALG,DF,23-344,32.8,1612,1311,297,41,3,4,88,230,26,21,1,0,1355,4,41,Matches,Wolverhampton Wanderers,2024
João Gomes,br BRA,MF,24-093,31.5,1519,1462,54,25,5,9,28,17,1,1,0,0,1292,3,24,Matches,Wolverhampton Wanderers,2024
Nélson Semedo,pt POR,DF,31-181,30.6,1263,1060,199,11,1,4,62,188,0,0,0,0,1012,4,35,Matches,Wolverhampton Wanderers,2024
Jørgen Strand Larsen,no NOR,FW,25-099,27.7,435,423,12,0,1,2,6,0,0,0,0,0,275,0,18,Matches,Wolverhampton Wanderers,2024
André,br BRA,MF,23-304,26.0,1268,1234,32,28,5,15,0,2,0,0,0,0,1176,2,14,Matches,Wolverhampton Wanderers,2024
José Sá,pt POR,GK,32-119,28.0,887,673,211,63,1,0,0,0,0,0,0,0,569,3,1,Matches,Wolverhampton Wanderers,2024
Matheus Cunha,br BRA,"MF,FW",25-354,27.6,1066,887,170,48,14,13,132,28,66,38,20,2,764,9,32,Matches,Wolverhampton Wanderers,2024
Toti Gomes,pt POR,DF,26-120,27.0,1580,1491,88,40,0,3,13,34,0,0,0,0,1354,1,19,Matches,Wolverhampton Wanderers,2024
Matt Doherty,ie IRL,DF,33-120,22.5,1261,1137,120,54,2,22,20,66,0,0,0,0,1042,4,14,Matches,Wolverhampton Wanderers,2024
Jean-Ricner Bellegarde,fr FRA,"MF,FW",26-323,17.6,540,521,18,7,5,4,41,2,3,3,0,0,424,1,20,Matches,Wolverhampton Wanderers,2024
Santiago Bueno,uy URU,DF,26-188,18.7,842,807,34,21,1,3,0,4,0,0,0,0,741,1,9,Matches,Wolverhampton Wanderers,2024
Mario Lemina,ga GAB,"MF,DF",31-257,15.2,613,582,26,9,6,4,10,9,0,0,0,0,493,5,7,Matches,Wolverhampton Wanderers,2024
Emmanuel Agbadou,ci CIV,DF,27-333,13.7,865,825,37,27,1,11,2,0,0,0,0,0,740,3,4,Matches,Wolverhampton Wanderers,2024
Marshall Munetsi,zw ZIM,"MF,FW",28-328,10.8,185,178,7,0,1,0,6,1,0,0,0,0,132,0,3,Matches,Wolverhampton Wanderers,2024
Craig Dawson,eng ENG,DF,35-010,10.8,559,528,30,20,1,11,0,0,0,0,0,0,484,1,0,Matches,Wolverhampton Wanderers,2024
Gonçalo Guedes,pt POR,"MF,FW",28-168,9.3,281,253,25,0,0,4,20,7,1,1,0,0,205,3,8,Matches,Wolverhampton Wanderers,2024
Sam Johnstone,eng ENG,GK,32-052,7.0,278,230,47,22,0,0,0,0,0,0,0,0,184,1,2,Matches,Wolverhampton Wanderers,2024
Pablo Sarabia,es ESP,"MF,FW",33-005,8.3,398,335,55,20,5,2,40,8,20,18,2,0,279,8,17,Matches,Wolverhampton Wanderers,2024
Rodrigo Gomes,pt POR,"DF,FW",21-313,7.8,267,236,31,1,1,0,21,29,1,0,1,0,180,0,8,Matches,Wolverhampton Wanderers,2024
Hwang Hee-chan,kr KOR,"MF,FW",29-110,7.2,195,181,13,2,1,0,8,6,0,0,0,0,159,1,8,Matches,Wolverhampton Wanderers,2024
Yerson Mosquera,co COL,DF,24-014,4.9,240,230,9,4,0,1,2,0,0,0,0,0,205,1,3,Matches,Wolverhampton Wanderers,2024
Tommy Doyle,eng ENG,MF,23-211,5.4,392,353,35,19,0,6,15,3,12,6,4,0,321,4,8,Matches,Wolverhampton Wanderers,2024
Carlos Forbs,pt POR,"MF,FW",21-058,2.7,91,89,2,0,0,0,9,2,0,0,0,0,60,0,9,Matches,Wolverhampton Wanderers,2024
Daniel Bentley,eng ENG,GK,31-307,1.0,34,19,15,5,0,0,0,0,0,0,0,0,20,0,0,Matches,Wolverhampton Wanderers,2024
Pedro Lima,br BRA,DF,18-319,0.8,38,31,7,0,0,0,5,7,0,0,0,0,28,0,2,Matches,Wolverhampton Wanderers,2024
Daniel Podence,pt POR,"MF,FW",29-207,0.5,16,15,1,1,0,0,1,0,0,0,0,0,11,0,2,Matches,Wolverhampton Wanderers,2024
Nasser Djiga,bf BFA,"DF,FW",22-182,0.2,8,8,0,0,0,0,0,0,0,0,0,0,8,0,0,Matches,Wolverhampton Wanderers,2024
Chiquinho,pt POR,MF,25-100,0.1,3,3,0,0,0,0,1,0,0,0,0,0,3,0,0,Matches,Wolverhampton Wanderers,2024
Mateus Mane,,MF,,0.0,5,5,0,0,0,0,0,0,0,0,0,0,4,0,0,Matches,Wolverhampton Wanderers,2024
Alfie Pond,eng ENG,DF,21-076,0.0,1,1,0,0,0,0,0,0,0,0,0,0,1,0,0,Matches,Wolverhampton Wanderers,2024
Boubacar Traoré,ml MLI,MF,23-269,0.0,0,0,0,0,0,0,0,0,0,0,0,0,0,0,0,Matches,Wolverhampton Wanderers,2024
