Player,Nation,Pos,Age,90s,total_Cmp,total_Att,total_Cmp%,total_TotDist,total_PrgDist,short_Cmp,short_Att,short_Cmp%,medium_Cmp,medium_Att,medium_Cmp%,long_Cmp,long_Att,long_Cmp%,Ast,xAG,expected_xA,expected_A-xAG,KP,1/3,PPA,CrsPA,PrgP,Matches,Team,Season
David Raya,es ESP,GK,29-243,36.0,1010,1362,74.2,23949,16517,279,282,98.9,523,532,98.3,205,541,37.9,0,0.0,0.1,0.0,0,42,2,0,13,Matches,Arsenal,2024
William Saliba,fr FRA,DF,24-053,33.3,2385,2529,94.3,41030,12426,1011,1055,95.8,1242,1293,96.1,123,154,79.9,0,0.9,1.3,-0.9,7,179,6,0,138,Matches,Arsenal,2024
Declan Rice,eng ENG,MF,26-122,29.4,1304,1562,83.5,22238,5871,641,697,92.0,525,580,90.5,112,229,48.9,7,6.5,5.5,0.5,56,126,35,5,180,Matches,Arsenal,2024
Thomas Partey,gh GHA,"MF,DF",31-337,29.1,1574,1804,87.3,25056,6685,825,889,92.8,636,719,88.5,87,133,65.4,2,2.0,2.5,0.0,18,152,33,2,173,Matches,Arsenal,2024
Gabriel Magalhães,br BRA,DF,27-148,26.3,1480,1641,90.2,25788,7938,598,617,96.9,782,830,94.2,83,154,53.9,1,0.9,1.2,0.1,13,145,8,0,126,Matches,Arsenal,2024
Leandro Trossard,be BEL,FW,30-163,27.0,665,897,74.1,10776,2895,348,407,85.5,259,337,76.9,42,83,50.6,6,6.0,4.0,0.0,39,44,46,10,99,Matches,Arsenal,2024
Jurriën Timber,nl NED,DF,23-333,26.9,1194,1395,85.6,17327,4642,674,741,91.0,472,549,86.0,27,51,52.9,3,0.8,1.3,2.2,17,107,17,2,146,Matches,Arsenal,2024
Martin Ødegaard,no NOR,MF,26-150,24.7,1188,1435,82.8,18451,5271,653,720,90.7,433,496,87.3,75,139,54.0,7,5.3,6.6,1.7,59,124,84,5,250,Matches,Arsenal,2024
Gabriel Martinelli,br BRA,"FW,MF",23-332,23.7,459,648,70.8,6603,1442,292,350,83.4,129,185,69.7,24,49,49.0,4,4.7,4.4,-0.7,37,11,34,13,49,Matches,Arsenal,2024
Kai Havertz,de GER,"FW,MF",25-339,20.4,401,511,78.5,4833,1010,281,334,84.1,94,114,82.5,5,11,45.5,3,2.4,1.7,0.6,16,26,8,1,59,Matches,Arsenal,2024
Bukayo Saka,eng ENG,"FW,MF",23-253,18.1,511,675,75.7,7860,2275,304,336,90.5,148,202,73.3,42,87,48.3,10,7.0,7.1,3.0,54,14,35,11,66,Matches,Arsenal,2024
Mikel Merino,es ESP,"MF,FW",28-328,16.6,442,565,78.2,6078,1722,280,322,87.0,127,162,78.4,16,30,53.3,2,2.0,1.2,0.0,16,37,24,4,67,Matches,Arsenal,2024
Myles Lewis-Skelly,eng ENG,DF,18-232,14.0,648,711,91.1,9604,2088,361,376,96.0,265,291,91.1,13,20,65.0,0,0.4,0.4,-0.4,7,56,9,1,65,Matches,Arsenal,2024
Ben White,eng ENG,DF,27-220,11.3,482,578,83.4,7797,2649,250,271,92.3,198,235,84.3,24,49,49.0,1,0.9,0.7,0.1,8,44,8,1,47,Matches,Arsenal,2024
Riccardo Calafiori,it ITA,DF,22-362,10.4,450,527,85.4,6560,1655,273,298,91.6,150,175,85.7,19,28,67.9,1,0.3,0.7,0.7,6,40,9,1,54,Matches,Arsenal,2024
Ethan Nwaneri,eng ENG,"FW,MF",18-056,9.1,307,383,80.2,4430,1147,194,211,91.9,83,108,76.9,18,35,51.4,2,1.0,1.7,1.0,12,16,13,6,30,Matches,Arsenal,2024
Jorginho,it ITA,MF,33-147,7.8,410,473,86.7,6450,1591,215,235,91.5,167,189,88.4,21,36,58.3,0,0.4,0.6,-0.4,3,44,10,0,48,Matches,Arsenal,2024
Jakub Kiwior,pl POL,DF,25-090,10.5,572,628,91.1,9930,2937,232,245,94.7,307,324,94.8,27,47,57.4,0,0.3,0.3,-0.3,3,53,3,0,42,Matches,Arsenal,2024
Gabriel Jesus,br BRA,FW,28-043,6.8,156,203,76.8,2030,378,103,128,80.5,41,47,87.2,4,6,66.7,0,0.7,0.5,-0.7,8,10,9,1,19,Matches,Arsenal,2024
Raheem Sterling,eng ENG,"FW,MF",30-159,4.9,141,183,77.0,1785,352,93,107,86.9,38,51,74.5,2,3,66.7,2,0.5,0.5,1.5,8,4,9,2,17,Matches,Arsenal,2024
Oleksandr Zinchenko,ua UKR,"DF,MF",28-152,5.1,315,380,82.9,5001,1102,166,180,92.2,129,150,86.0,14,32,43.8,1,0.1,0.3,0.9,2,26,7,1,37,Matches,Arsenal,2024
Kieran Tierney,sct SCO,"DF,FW",27-345,2.2,97,119,81.5,1521,461,53,56,94.6,36,47,76.6,6,11,54.5,0,0.9,0.5,-0.9,7,7,5,2,12,Matches,Arsenal,2024
Nathan Butler-Oyedeji,eng ENG,FW,22-132,0.1,0,0,,0,0,0,0,,0,0,,0,0,,0,0.0,0.0,0.0,0,0,0,0,0,Matches,Arsenal,2024
Takehiro Tomiyasu,jp JPN,DF,26-192,0.1,3,4,75.0,42,10,1,1,100.0,2,2,100.0,0,1,0.0,0,0.0,0.0,0.0,0,0,0,0,1,Matches,Arsenal,2024
Reiss Nelson,eng ENG,FW,25-157,0.0,0,0,,0,0,0,0,,0,0,,0,0,,0,0.0,0.0,0.0,0,0,0,0,0,Matches,Arsenal,2024
Emiliano Martínez,ar ARG,GK,32-256,34.0,1043,1332,78.3,27532,16865,182,186,97.8,603,614,98.2,258,525,49.1,0,0.5,0.1,-0.5,2,26,0,0,4,Matches,Aston Villa,2024
Youri Tielemans,be BEL,MF,28-009,33.3,1679,2044,82.1,28817,10189,779,868,89.7,732,838,87.4,139,257,54.1,7,6.9,5.6,0.1,59,228,37,4,234,Matches,Aston Villa,2024
Morgan Rogers,eng ENG,"FW,MF",22-294,32.7,633,860,73.6,9320,3212,358,441,81.2,190,250,76.0,48,61,78.7,9,7.7,5.2,1.3,49,71,53,3,117,Matches,Aston Villa,2024
Ezri Konsa,eng ENG,DF,27-205,30.6,1449,1563,92.7,24309,8111,635,658,96.5,742,776,95.6,56,88,63.6,0,0.4,0.5,-0.4,5,96,1,0,77,Matches,Aston Villa,2024
Ollie Watkins,eng ENG,FW,29-137,26.9,292,396,73.7,3696,625,185,234,79.1,78,98,79.6,9,12,75.0,7,3.0,1.7,4.0,23,12,12,0,29,Matches,Aston Villa,2024
Lucas Digne,fr FRA,DF,31-300,26.1,956,1277,74.9,15607,5137,483,549,88.0,389,496,78.4,62,155,40.0,4,4.7,4.0,-0.7,36,44,30,19,57,Matches,Aston Villa,2024
John McGinn,sct SCO,"MF,FW",30-210,23.0,661,803,82.3,11241,3029,313,342,91.5,274,318,86.2,61,103,59.2,4,3.4,2.5,0.6,29,67,28,7,99,Matches,Aston Villa,2024
Matty Cash,pl POL,DF,27-282,21.0,652,835,78.1,10947,3057,317,356,89.0,276,351,78.6,47,91,51.6,1,1.1,1.2,-0.1,10,37,9,5,39,Matches,Aston Villa,2024
Pau Torres,es ESP,DF,28-120,20.4,1080,1219,88.6,18872,7175,461,486,94.9,536,574,93.4,69,131,52.7,0,0.1,0.4,-0.1,2,96,7,0,77,Matches,Aston Villa,2024
Jacob Ramsey,eng ENG,"FW,MF",23-353,17.7,492,580,84.8,6578,1573,331,363,91.2,131,156,84.0,15,20,75.0,3,2.3,2.1,0.7,21,31,21,1,68,Matches,Aston Villa,2024
Boubacar Kamara,fr FRA,MF,25-174,17.3,753,848,88.8,11918,3731,386,414,93.2,322,352,91.5,32,60,53.3,0,0.9,0.7,-0.9,10,86,8,0,78,Matches,Aston Villa,2024
Amadou Onana,be BEL,MF,23-273,16.3,638,728,87.6,10024,2566,329,354,92.9,268,300,89.3,28,40,70.0,0,0.3,0.6,-0.3,8,58,9,1,63,Matches,Aston Villa,2024
Leon Bailey,jm JAM,"FW,MF",27-280,12.6,273,386,70.7,4275,1048,149,183,81.4,99,122,81.1,18,38,47.4,2,1.5,2.9,0.5,16,16,20,2,35,Matches,Aston Villa,2024
Tyrone Mings,eng ENG,DF,32-064,12.4,596,676,88.2,10642,3364,234,256,91.4,323,342,94.4,34,64,53.1,0,0.2,0.2,-0.2,3,48,5,0,40,Matches,Aston Villa,2024
Ian Maatsen,nl NED,DF,23-067,10.7,530,648,81.8,8558,2218,258,292,88.4,237,274,86.5,25,46,54.3,2,2.7,2.3,-0.7,18,20,15,3,40,Matches,Aston Villa,2024
Diego Carlos,br BRA,DF,32-062,9.2,534,603,88.6,10941,4103,138,151,91.4,341,362,94.2,54,83,65.1,0,0.0,0.1,0.0,0,23,1,0,34,Matches,Aston Villa,2024
Marco Asensio,es ESP,MF,29-115,6.8,199,248,80.2,2908,854,115,126,91.3,68,81,84.0,8,23,34.8,1,0.8,1.0,0.2,13,17,8,2,37,Matches,Aston Villa,2024
Axel Disasi,fr FRA,DF,27-066,5.4,243,280,86.8,4080,1517,103,109,94.5,131,146,89.7,8,15,53.3,0,0.4,0.3,-0.4,3,14,3,0,16,Matches,Aston Villa,2024
Lamare Bogarde,nl NED,"DF,MF",21-131,5.3,240,272,88.2,3682,1154,129,139,92.8,107,116,92.2,3,9,33.3,0,0.1,0.1,-0.1,2,24,1,0,14,Matches,Aston Villa,2024
Andrés García,es ESP,"DF,MF",22-098,3.5,174,201,86.6,2725,577,89,96,92.7,74,82,90.2,7,13,53.8,0,0.2,0.4,-0.2,3,9,8,5,15,Matches,Aston Villa,2024
Jáder Durán,co COL,FW,21-154,7.1,115,163,70.6,1558,307,68,84,81.0,34,50,68.0,5,11,45.5,0,0.2,0.3,-0.2,4,10,1,0,13,Matches,Aston Villa,2024
Marcus Rashford,eng ENG,FW,27-197,4.9,117,164,71.3,1772,447,67,77,87.0,36,47,76.6,9,25,36.0,2,2.3,2.1,-0.3,13,2,9,2,13,Matches,Aston Villa,2024
Ross Barkley,eng ENG,MF,31-162,6.3,326,379,86.0,5081,1191,169,191,88.5,138,151,91.4,13,19,68.4,1,0.6,0.4,0.4,9,29,6,0,33,Matches,Aston Villa,2024
Jaden Philogene Bidace,eng ENG,"FW,MF",23-097,3.7,63,86,73.3,850,161,40,49,81.6,18,21,85.7,2,3,66.7,0,0.3,0.2,-0.3,1,1,3,0,4,Matches,Aston Villa,2024
Donyell Malen,nl NED,FW,26-127,3.3,48,69,69.6,658,124,30,36,83.3,13,18,72.2,3,6,50.0,0,0.1,0.1,-0.1,2,2,1,0,5,Matches,Aston Villa,2024
Robin Olsen,se SWE,GK,35-128,2.0,54,76,71.1,1466,983,10,10,100.0,31,31,100.0,13,35,37.1,0,0.0,0.0,0.0,0,2,0,0,0,Matches,Aston Villa,2024
Kosta Nedeljković,rs SRB,DF,19-151,1.4,47,53,88.7,853,185,22,23,95.7,21,25,84.0,4,5,80.0,0,0.0,0.0,0.0,0,5,0,0,6,Matches,Aston Villa,2024
Emi Buendía,ar ARG,"MF,FW",28-142,1.1,49,60,81.7,624,166,33,36,91.7,12,14,85.7,1,5,20.0,0,0.0,0.0,0.0,1,4,1,0,7,Matches,Aston Villa,2024
Milos Kerkez,hu HUN,DF,21-190,35.2,1250,1661,75.3,19548,6527,682,766,89.0,459,591,77.7,78,206,37.9,5,3.8,2.4,1.2,33,82,36,23,150,Matches,Bournemouth,2024
Antoine Semenyo,gh GHA,FW,25-129,33.6,768,1050,73.1,10932,2807,464,546,85.0,244,319,76.5,32,89,36.0,5,5.8,4.2,-0.8,46,48,45,8,107,Matches,Bournemouth,2024
Illia Zabarnyi,ua UKR,DF,22-257,32.5,1300,1589,81.8,27460,10180,350,387,90.4,764,841,90.8,176,331,53.2,0,0.6,0.6,-0.6,11,139,7,0,129,Matches,Bournemouth,2024
Lewis Cook,eng ENG,"MF,DF",28-102,32.3,1192,1551,76.9,20690,7064,525,618,85.0,533,627,85.0,109,240,45.4,3,4.1,3.7,-1.1,48,153,26,11,155,Matches,Bournemouth,2024
Kepa Arrizabalaga,es ESP,GK,30-225,29.0,698,961,72.6,19309,13256,110,112,98.2,353,359,98.3,234,483,48.4,0,0.0,0.0,0.0,1,10,0,0,2,Matches,Bournemouth,2024
Justin Kluivert,nl NED,"MF,FW",26-011,24.5,550,739,74.4,8463,2253,299,356,84.0,183,241,75.9,44,83,53.0,6,4.8,3.5,1.2,45,41,33,6,100,Matches,Bournemouth,2024
Ryan Christie,sct SCO,MF,30-083,23.5,837,1056,79.3,14882,4269,368,417,88.2,378,430,87.9,82,168,48.8,3,3.5,3.0,-0.5,41,118,33,5,137,Matches,Bournemouth,2024
Evanilson,br BRA,FW,25-222,23.9,224,317,70.7,2766,587,141,187,75.4,51,68,75.0,10,15,66.7,1,1.6,1.7,-0.6,23,14,3,0,25,Matches,Bournemouth,2024
Dean Huijsen,es ESP,DF,20-032,25.8,1281,1535,83.5,25723,10224,421,470,89.6,678,744,91.1,171,285,60.0,1,2.0,1.5,-1.0,14,168,7,2,128,Matches,Bournemouth,2024
Dango Ouattara,bf BFA,FW,23-094,22.3,367,612,60.0,5725,1706,210,288,72.9,120,193,62.2,25,67,37.3,4,5.5,3.3,-1.5,35,21,26,11,43,Matches,Bournemouth,2024
Tyler Adams,us USA,MF,26-091,19.8,817,973,84.0,12915,3241,397,446,89.0,357,403,88.6,32,58,55.2,3,1.0,0.6,2.0,17,63,2,1,69,Matches,Bournemouth,2024
Marcus Tavernier,eng ENG,"FW,MF",26-055,19.6,594,819,72.5,10136,3006,282,330,85.5,251,318,78.9,50,112,44.6,5,2.9,2.9,2.1,37,68,32,10,109,Matches,Bournemouth,2024
Adam Smith,eng ENG,DF,34-017,16.4,455,604,75.3,7436,2448,222,252,88.1,190,244,77.9,29,77,37.7,0,0.3,0.4,-0.3,7,45,8,5,43,Matches,Bournemouth,2024
Marcos Senesi,ar ARG,DF,28-006,11.4,500,654,76.5,10402,5393,176,200,88.0,237,276,85.9,82,165,49.7,0,0.2,0.5,-0.2,3,75,12,3,54,Matches,Bournemouth,2024
David Brooks,wls WAL,"FW,MF",27-312,9.5,268,354,75.7,4159,1277,153,178,86.0,87,113,77.0,21,39,53.8,0,1.8,1.8,-1.8,18,19,18,6,34,Matches,Bournemouth,2024
Alex Scott,eng ENG,MF,21-268,8.4,286,342,83.6,4583,1359,142,159,89.3,112,121,92.6,20,35,57.1,0,0.9,1.0,-0.9,12,41,5,1,52,Matches,Bournemouth,2024
James Hill,eng ENG,DF,23-126,5.0,159,245,64.9,3098,1094,51,67,76.1,85,110,77.3,21,58,36.2,1,0.3,0.3,0.7,3,20,6,0,16,Matches,Bournemouth,2024
Julian Araujo,mx MEX,DF,23-276,4.8,160,204,78.4,2713,813,76,86,88.4,74,86,86.0,9,26,34.6,0,0.0,0.1,0.0,0,17,1,0,14,Matches,Bournemouth,2024
Mark Travers,ie IRL,GK,25-363,5.0,100,142,70.4,3469,2692,6,6,100.0,51,53,96.2,43,83,51.8,0,0.0,0.0,0.0,0,3,0,0,0,Matches,Bournemouth,2024
Enes Ünal,tr TUR,"FW,MF",28-006,3.8,63,99,63.6,685,192,40,52,76.9,17,28,60.7,0,1,0.0,1,0.4,0.3,0.6,4,4,4,0,12,Matches,Bournemouth,2024
Neto,br BRA,GK,35-301,2.0,40,62,64.5,1183,896,7,7,100.0,21,21,100.0,12,33,36.4,0,0.0,0.0,0.0,0,2,0,0,0,Matches,Bournemouth,2024
Luis Sinisterra,co COL,"FW,MF",25-333,2.6,73,93,78.5,1067,200,44,48,91.7,22,32,68.8,5,5,100.0,1,1.4,1.3,-0.4,9,6,2,2,6,Matches,Bournemouth,2024
Philip Billing,dk DEN,MF,28-339,2.0,70,102,68.6,1023,400,43,51,84.3,19,27,70.4,4,15,26.7,0,1.1,1.0,-1.1,9,9,7,2,15,Matches,Bournemouth,2024
Max Aarons,eng ENG,DF,25-132,1.0,50,63,79.4,887,361,21,25,84.0,24,29,82.8,4,7,57.1,0,0.0,0.0,0.0,0,8,0,0,8,Matches,Bournemouth,2024
Daniel Jebbison,eng ENG,FW,21-276,0.9,28,34,82.4,299,41,17,19,89.5,2,2,100.0,1,2,50.0,0,0.2,0.1,-0.2,3,1,1,0,3,Matches,Bournemouth,2024
Ben Winterburn,eng ENG,"FW,MF",20-254,0.3,5,7,71.4,93,44,2,3,66.7,3,4,75.0,0,0,,0,0.0,0.0,0.0,0,0,0,0,0,Matches,Bournemouth,2024
Julio Soler,ar ARG,FW,20-089,0.0,0,1,0.0,0,0,0,0,,0,1,0.0,0,0,,0,0.0,0.0,0.0,0,0,0,0,0,Matches,Bournemouth,2024
Remy Rees-Dottin,eng ENG,FW,19-071,0.0,0,0,,0,0,0,0,,0,0,,0,0,,0,0.0,0.0,0.0,0,0,0,0,0,Matches,Bournemouth,2024
Zain Silcott-Duberry,ms MSR,FW,19-311,0.0,1,2,50.0,25,0,0,0,,1,1,100.0,0,0,,0,0.0,0.0,0.0,0,0,0,0,0,Matches,Bournemouth,2024
Nathan Collins,ie IRL,DF,24-016,36.0,1619,1886,85.8,31098,10152,533,608,87.7,938,1013,92.6,135,225,60.0,3,1.8,1.6,1.2,10,106,7,2,121,Matches,Brentford,2024
Bryan Mbeumo,cm CMR,FW,25-282,35.9,831,1247,66.6,13218,4126,458,578,79.2,296,413,71.7,63,170,37.1,7,8.1,9.1,-1.1,67,58,56,16,133,Matches,Brentford,2024
Mark Flekken,nl NED,GK,31-337,34.4,1199,1641,73.1,35350,24138,144,147,98.0,649,665,97.6,406,822,49.4,2,0.5,0.1,1.5,3,47,2,0,0,Matches,Brentford,2024
Keane Lewis-Potter,eng ENG,"DF,FW",24-083,32.5,923,1196,77.2,15257,4575,497,553,89.9,317,400,79.3,82,169,48.5,3,3.2,4.9,-0.2,25,62,43,16,91,Matches,Brentford,2024
Mikkel Damsgaard,dk DEN,"MF,FW",24-317,30.5,1038,1428,72.7,17803,7037,522,610,85.6,361,491,73.5,125,240,52.1,10,8.0,6.6,2.0,61,156,68,17,220,Matches,Brentford,2024
Yoane Wissa,cd COD,FW,28-255,30.4,418,548,76.3,6075,1488,259,304,85.2,119,158,75.3,26,45,57.8,3,1.9,1.6,1.1,24,42,11,1,61,Matches,Brentford,2024
Christian Nørgaard,dk DEN,MF,31-067,29.3,1087,1341,81.1,17956,5990,546,629,86.8,453,533,85.0,70,122,57.4,3,1.0,1.2,2.0,17,133,24,4,142,Matches,Brentford,2024
Sepp van den Berg,nl NED,DF,23-147,26.7,1007,1183,85.1,17559,5541,427,485,88.0,506,566,89.4,66,103,64.1,0,0.5,0.5,-0.5,5,59,3,1,74,Matches,Brentford,2024
Vitaly Janelt,de GER,MF,27-006,25.0,872,1057,82.5,14466,4279,443,489,90.6,344,403,85.4,66,118,55.9,3,2.2,2.4,0.8,14,78,23,7,80,Matches,Brentford,2024
Kevin Schade,de GER,FW,23-170,23.8,298,506,58.9,4608,1269,167,242,69.0,104,171,60.8,18,42,42.9,2,3.6,1.7,-1.6,22,29,10,3,33,Matches,Brentford,2024
Ethan Pinnock,jm JAM,DF,31-352,21.3,924,1080,85.6,17045,6094,360,382,94.2,472,528,89.4,84,145,57.9,0,1.2,0.7,-1.2,8,48,4,1,41,Matches,Brentford,2024
Kristoffer Ajer,no NOR,DF,27-029,15.6,489,626,78.1,7626,2762,254,293,86.7,192,241,79.7,26,53,49.1,0,1.2,0.5,-1.2,8,42,7,4,54,Matches,Brentford,2024
Yehor Yarmoliuk,ua UKR,MF,21-076,14.3,582,674,86.4,10198,2408,283,325,87.1,224,250,89.6,61,73,83.6,0,0.9,0.7,-0.9,9,63,7,4,57,Matches,Brentford,2024
Mads Roerslev,dk DEN,DF,25-326,12.2,422,536,78.7,6925,2249,205,233,88.0,179,224,79.9,27,49,55.1,2,3.0,2.1,-1.0,14,37,11,4,51,Matches,Brentford,2024
Mathias Jensen,dk DEN,MF,29-135,9.3,344,456,75.4,6318,2271,161,183,88.0,128,162,79.0,44,80,55.0,2,1.6,1.6,0.4,15,39,18,2,56,Matches,Brentford,2024
Michael Kayode,it ITA,DF,20-310,4.2,129,176,73.3,2262,724,63,72,87.5,55,75,73.3,11,27,40.7,1,1.1,0.6,-0.1,6,8,3,2,9,Matches,Brentford,2024
Fabio Carvalho,pt POR,"FW,MF",22-259,5.1,126,178,70.8,1755,442,78,94,83.0,32,45,71.1,7,18,38.9,1,0.7,0.6,0.3,4,11,5,1,17,Matches,Brentford,2024
Ben Mee,eng ENG,DF,35-237,2.0,93,120,77.5,1751,688,34,38,89.5,51,60,85.0,8,20,40.0,0,0.0,0.0,0.0,0,10,0,0,11,Matches,Brentford,2024
Thiago,br BRA,FW,23-324,1.6,34,47,72.3,501,70,18,25,72.0,11,14,78.6,3,4,75.0,0,0.1,0.0,-0.1,2,2,1,0,3,Matches,Brentford,2024
Hákon Rafn Valdimarsson,is ISL,GK,23-215,1.6,46,70,65.7,1445,1110,8,8,100.0,21,21,100.0,17,41,41.5,0,0.0,0.0,0.0,0,2,0,0,0,Matches,Brentford,2024
Edmond-Paris Maghoma,eng ENG,"MF,FW",24-008,1.3,76,84,90.5,1259,343,38,40,95.0,29,31,93.5,6,7,85.7,0,0.1,0.0,-0.1,1,2,0,0,13,Matches,Brentford,2024
Rico Henry,eng ENG,DF,27-312,0.9,21,32,65.6,325,145,13,19,68.4,8,11,72.7,0,2,0.0,0,0.0,0.0,0.0,0,1,0,0,1,Matches,Brentford,2024
Yunus Emre Konak,tr TUR,"FW,MF",19-126,0.5,26,36,72.2,458,84,13,16,81.3,9,12,75.0,4,5,80.0,0,0.0,0.0,0.0,0,2,0,0,2,Matches,Brentford,2024
Kim Jisoo,kr KOR,DF,20-143,0.3,25,28,89.3,552,202,8,9,88.9,11,12,91.7,6,7,85.7,0,0.0,0.0,0.0,0,1,0,0,2,Matches,Brentford,2024
Frank Onyeka,ng NGA,MF,27-135,0.3,6,7,85.7,71,19,5,5,100.0,1,1,100.0,0,0,,0,0.0,0.0,0.0,0,0,1,0,1,Matches,Brentford,2024
Gustavo Nunes,br BRA,"FW,MF",19-177,0.1,1,1,100.0,15,0,1,1,100.0,0,0,,0,0,,0,0.0,0.0,0.0,0,0,0,0,0,Matches,Brentford,2024
Jayden Meghoma,eng ENG,DF,18-322,0.1,3,3,100.0,28,7,3,3,100.0,0,0,,0,0,,0,0.0,0.0,0.0,0,0,0,0,0,Matches,Brentford,2024
Ryan Trevitt,eng ENG,MF,22-065,0.0,4,7,57.1,73,23,1,2,50.0,3,3,100.0,0,0,,0,0.0,0.0,0.0,0,1,0,0,0,Matches,Brentford,2024
Bart Verbruggen,nl NED,GK,22-271,34.0,959,1251,76.7,22816,15439,271,273,99.3,452,460,98.3,231,506,45.7,1,0.0,0.0,1.0,1,19,1,0,2,Matches,Brighton and Hove Albion,2024
Jan Paul van Hecke,nl NED,DF,24-342,30.9,1887,2147,87.9,36953,14203,666,713,93.4,997,1074,92.8,209,321,65.1,1,1.5,1.4,-0.5,13,209,16,4,217,Matches,Brighton and Hove Albion,2024
Carlos Baleba,cm CMR,MF,21-133,27.6,1081,1238,87.3,18221,4623,516,556,92.8,452,493,91.7,91,144,63.2,1,1.3,1.2,-0.3,20,105,23,3,114,Matches,Brighton and Hove Albion,2024
Kaoru Mitoma,jp JPN,"FW,MF",27-361,28.1,709,940,75.4,9223,2121,476,547,87.0,179,254,70.5,22,50,44.0,3,4.4,3.7,-1.4,35,36,32,8,82,Matches,Brighton and Hove Albion,2024
Pervis Estupiñán,ec ECU,DF,27-115,25.7,1288,1547,83.3,19639,5944,757,809,93.6,431,516,83.5,73,154,47.4,1,2.1,2.3,-1.1,24,99,32,18,121,Matches,Brighton and Hove Albion,2024
Lewis Dunk,eng ENG,DF,33-176,23.1,1778,1953,91.0,32940,10612,668,693,96.4,954,1002,95.2,143,228,62.7,0,0.5,1.0,-0.5,6,157,6,0,142,Matches,Brighton and Hove Albion,2024
Danny Welbeck,eng ENG,FW,34-171,22.6,398,469,84.9,4713,926,265,304,87.2,90,102,88.2,9,10,90.0,4,1.3,1.3,2.7,20,17,13,0,45,Matches,Brighton and Hove Albion,2024
João Pedro,br BRA,"FW,MF",23-232,21.6,482,661,72.9,6847,1766,300,381,78.7,133,177,75.1,29,44,65.9,6,5.0,3.1,1.0,30,42,36,5,78,Matches,Brighton and Hove Albion,2024
Jack Hinshelwood,eng ENG,"DF,MF",20-035,19.4,831,997,83.4,12595,2961,489,536,91.2,266,316,84.2,55,104,52.9,2,1.3,1.5,0.7,15,33,9,2,63,Matches,Brighton and Hove Albion,2024
Yasin Ayari,se SWE,MF,21-222,20.5,745,915,81.4,11166,3055,441,482,91.5,251,297,84.5,36,92,39.1,1,2.2,2.3,-1.2,28,55,17,4,72,Matches,Brighton and Hove Albion,2024
Joël Veltman,nl NED,DF,33-121,18.5,719,900,79.9,12118,3171,355,395,89.9,292,363,80.4,62,98,63.3,0,0.5,1.3,-0.5,6,62,8,5,80,Matches,Brighton and Hove Albion,2024
Georginio Rutter,fr FRA,"MF,FW",23-026,18.4,237,355,66.8,3344,1174,144,187,77.0,74,111,66.7,10,16,62.5,3,2.5,1.7,0.5,19,30,16,1,67,Matches,Brighton and Hove Albion,2024
Yankuba Minteh,gm GAM,"FW,MF",20-298,18.5,310,497,62.4,5002,1684,177,226,78.3,97,156,62.2,29,62,46.8,4,4.9,4.7,-0.9,27,13,31,8,42,Matches,Brighton and Hove Albion,2024
Matt O'Riley,dk DEN,MF,24-176,10.1,301,394,76.4,4775,1293,153,174,87.9,103,126,81.7,29,62,46.8,1,1.7,1.5,-0.7,19,30,8,1,36,Matches,Brighton and Hove Albion,2024
Simon Adingra,ci CIV,"FW,MF",23-135,11.0,264,347,76.1,3813,744,166,191,86.9,77,104,74.0,15,27,55.6,2,2.3,2.4,-0.3,14,5,13,5,15,Matches,Brighton and Hove Albion,2024
Tariq Lamptey,gh GHA,DF,24-228,9.6,335,413,81.1,5168,1326,185,199,93.0,128,162,79.0,19,40,47.5,2,0.8,0.8,1.2,5,12,6,5,14,Matches,Brighton and Hove Albion,2024
Igor,br BRA,DF,27-098,10.0,628,682,92.1,11358,3723,248,257,96.5,337,354,95.2,40,56,71.4,0,0.2,0.3,-0.2,1,35,2,1,44,Matches,Brighton and Hove Albion,2024
Adam Webster,eng ENG,DF,30-132,7.9,465,543,85.6,8531,3384,185,194,95.4,230,249,92.4,42,84,50.0,0,0.5,0.2,-0.5,3,35,2,0,41,Matches,Brighton and Hove Albion,2024
Mats Wieffer,nl NED,"MF,DF",25-181,9.3,517,604,85.6,8404,2284,257,284,90.5,214,242,88.4,35,47,74.5,3,1.5,0.9,1.5,13,46,7,1,55,Matches,Brighton and Hove Albion,2024
Brajan Gruda,de GER,"MF,FW",20-350,6.0,147,200,73.5,2082,702,91,110,82.7,34,48,70.8,12,27,44.4,3,1.5,1.1,1.5,15,8,10,1,17,Matches,Brighton and Hove Albion,2024
Ferdi Kadioglu,tr TUR,"DF,MF",25-221,4.3,144,175,82.3,2372,698,73,82,89.0,61,74,82.4,9,14,64.3,0,0.2,0.3,-0.2,5,10,9,4,15,Matches,Brighton and Hove Albion,2024
Diego Gómez,py PAR,MF,22-050,5.0,213,268,79.5,3289,773,119,139,85.6,77,92,83.7,12,23,52.2,0,0.5,0.9,-0.5,5,13,5,1,22,Matches,Brighton and Hove Albion,2024
James Milner,eng ENG,MF,39-132,1.9,55,73,75.3,899,347,26,28,92.9,23,30,76.7,4,10,40.0,0,0.2,0.2,-0.2,4,3,1,1,10,Matches,Brighton and Hove Albion,2024
Julio Enciso,py PAR,"MF,FW",21-113,3.3,99,150,66.0,1464,392,61,75,81.3,29,40,72.5,5,22,22.7,0,0.2,0.3,-0.2,5,13,4,1,14,Matches,Brighton and Hove Albion,2024
Evan Ferguson,ie IRL,FW,20-209,2.7,43,58,74.1,484,44,31,36,86.1,8,11,72.7,1,4,25.0,0,0.4,0.4,-0.4,3,1,0,0,1,Matches,Brighton and Hove Albion,2024
Jason Steele,eng ENG,GK,34-271,2.0,101,112,90.2,2321,1556,21,21,100.0,63,65,96.9,17,26,65.4,0,0.0,0.0,0.0,0,0,0,0,0,Matches,Brighton and Hove Albion,2024
Solly March,eng ENG,"FW,MF",30-300,1.9,60,95,63.2,990,222,35,40,87.5,16,28,57.1,7,18,38.9,0,0.3,0.3,-0.3,3,2,4,4,2,Matches,Brighton and Hove Albion,2024
Billy Gilmour,sct SCO,MF,23-339,1.1,58,67,86.6,980,346,36,38,94.7,18,22,81.8,4,7,57.1,0,0.0,0.0,0.0,0,12,2,0,11,Matches,Brighton and Hove Albion,2024
Eiran Cashin,ie IRL,DF,23-188,0.2,23,28,82.1,407,196,9,10,90.0,13,13,100.0,1,5,20.0,0,0.0,0.0,0.0,0,5,0,0,6,Matches,Brighton and Hove Albion,2024
Jakub Moder,pl POL,MF,26-039,0.1,18,22,81.8,254,82,10,14,71.4,8,8,100.0,0,0,,0,0.2,0.5,-0.2,3,0,1,1,4,Matches,Brighton and Hove Albion,2024
Jeremy Sarmiento,ec ECU,MF,22-334,0.1,6,6,100.0,74,1,4,4,100.0,2,2,100.0,0,0,,0,0.0,0.0,0.0,0,0,0,0,0,Matches,Brighton and Hove Albion,2024
Moisés Caicedo,ec ECU,"MF,DF",23-195,35.2,1889,2103,89.8,32552,8601,855,924,92.5,843,911,92.5,155,200,77.5,2,3.0,2.7,-1.0,30,226,31,2,204,Matches,Chelsea,2024
Cole Palmer,eng ENG,MF,23-010,33.5,1083,1406,77.0,20660,5418,446,519,85.9,444,524,84.7,168,279,60.2,8,10.0,8.5,-2.0,83,156,62,17,203,Matches,Chelsea,2024
Levi Colwill,eng ENG,DF,22-079,33.0,2252,2516,89.5,41036,14422,775,835,92.8,1313,1378,95.3,138,243,56.8,1,1.1,1.2,-0.1,14,144,7,3,126,Matches,Chelsea,2024
Marc Cucurella,es ESP,DF,26-298,31.2,1612,1834,87.9,25457,7268,806,859,93.8,709,788,90.0,67,118,56.8,1,2.1,2.4,-1.1,19,116,12,3,113,Matches,Chelsea,2024
Enzo Fernández,ar ARG,MF,24-119,30.7,1468,1830,80.2,26029,7308,671,754,89.0,609,714,85.3,155,267,58.1,7,6.7,6.2,0.3,76,161,41,7,207,Matches,Chelsea,2024
Robert Sánchez,es ESP,GK,27-179,30.0,840,1184,70.9,20302,13560,201,202,99.5,441,457,96.5,195,513,38.0,0,0.1,0.0,-0.1,2,26,1,0,1,Matches,Chelsea,2024
Nicolas Jackson,sn SEN,FW,23-330,24.7,303,399,75.9,4088,884,182,223,81.6,92,118,78.0,9,15,60.0,5,4.3,1.9,0.7,28,22,10,1,38,Matches,Chelsea,2024
Noni Madueke,eng ENG,FW,23-067,20.6,482,621,77.6,7105,1740,292,340,85.9,151,197,76.6,22,39,56.4,3,4.2,3.0,-1.2,31,13,34,8,66,Matches,Chelsea,2024
Pedro Neto,pt POR,FW,25-068,23.4,663,842,78.7,10830,2302,324,348,93.1,253,309,81.9,59,121,48.8,5,6.1,4.7,-1.1,44,30,37,23,59,Matches,Chelsea,2024
Malo Gusto,fr FRA,DF,21-362,20.5,1194,1379,86.6,19493,4889,582,624,93.3,516,583,88.5,68,112,60.7,1,1.4,1.9,-0.4,22,111,19,7,119,Matches,Chelsea,2024
Jadon Sancho,eng ENG,FW,25-052,18.9,643,779,82.5,8710,2053,401,450,89.1,205,244,84.0,14,27,51.9,4,3.7,3.1,0.3,37,26,48,0,88,Matches,Chelsea,2024
Wesley Fofana,fr FRA,DF,24-150,13.0,724,803,90.2,12262,3415,306,326,93.9,385,416,92.5,26,42,61.9,0,0.4,0.2,-0.4,6,54,1,0,32,Matches,Chelsea,2024
Tosin Adarabioyo,eng ENG,DF,27-234,13.7,988,1081,91.4,18105,6479,374,391,95.7,554,584,94.9,58,95,61.1,1,0.2,0.2,0.8,1,53,1,0,37,Matches,Chelsea,2024
Trevoh Chalobah,eng ENG,DF,25-315,10.1,609,677,90.0,10527,3326,267,281,95.0,300,314,95.5,38,72,52.8,1,1.2,0.3,-0.2,3,42,3,0,37,Matches,Chelsea,2024
Roméo Lavia,be BEL,MF,21-130,8.4,381,414,92.0,6425,1666,175,191,91.6,180,189,95.2,21,25,84.0,1,0.7,0.4,0.3,7,49,3,0,31,Matches,Chelsea,2024
Reece James,eng ENG,"DF,MF",25-159,9.8,609,723,84.2,10884,3682,287,304,94.4,259,292,88.7,54,105,51.4,0,0.5,0.9,-0.5,10,76,5,1,55,Matches,Chelsea,2024
Christopher Nkunku,fr FRA,FW,27-183,10.2,299,334,89.5,3928,760,185,202,91.6,95,103,92.2,6,6,100.0,2,2.1,1.0,-0.1,14,26,7,0,25,Matches,Chelsea,2024
Filip Jørgensen,dk DEN,GK,23-030,6.0,158,189,83.6,2843,1649,64,64,100.0,79,81,97.5,11,40,27.5,0,0.0,0.0,0.0,0,1,0,0,0,Matches,Chelsea,2024
Axel Disasi,fr FRA,DF,27-066,4.0,266,293,90.8,4218,1367,136,144,94.4,117,126,92.9,9,13,69.2,0,0.1,0.1,-0.1,2,20,2,0,16,Matches,Chelsea,2024
João Félix,pt POR,"FW,MF",25-187,4.1,171,199,85.9,2588,663,95,105,90.5,62,68,91.2,10,15,66.7,1,1.0,0.5,0.0,6,22,8,0,26,Matches,Chelsea,2024
Benoît Badiashile,fr FRA,DF,24-051,3.7,273,304,89.8,4820,1473,111,119,93.3,135,144,93.8,21,32,65.6,0,0.0,0.1,0.0,0,37,1,0,17,Matches,Chelsea,2024
Kiernan Dewsbury-Hall,eng ENG,"MF,FW",26-252,2.9,127,152,83.6,1898,319,75,82,91.5,47,56,83.9,5,10,50.0,1,1.1,0.2,-0.1,3,12,3,0,14,Matches,Chelsea,2024
Joshua Acheampong,eng ENG,DF,19-011,1.9,104,124,83.9,2025,705,29,32,90.6,63,68,92.6,11,20,55.0,0,0.0,0.0,0.0,0,6,0,0,8,Matches,Chelsea,2024
Renato Veiga,pt POR,"DF,MF",21-291,2.0,118,139,84.9,2171,435,45,51,88.2,55,61,90.2,13,21,61.9,0,0.0,0.2,0.0,0,6,1,0,7,Matches,Chelsea,2024
Mykhailo Mudryk,ua UKR,FW,24-131,1.7,28,42,66.7,431,165,17,24,70.8,10,15,66.7,1,2,50.0,0,1.0,0.5,-1.0,2,2,2,1,5,Matches,Chelsea,2024
Tyrique George,eng ENG,FW,19-101,1.1,38,46,82.6,494,72,21,23,91.3,14,17,82.4,0,2,0.0,1,0.7,0.3,0.3,5,0,1,0,2,Matches,Chelsea,2024
Marc Guiu,es ESP,FW,19-132,0.8,11,16,68.8,110,4,9,13,69.2,1,2,50.0,0,0,,0,0.0,0.0,0.0,1,0,0,0,0,Matches,Chelsea,2024
Mathis Amougou,fr FRA,MF,19-118,0.1,7,7,100.0,69,30,6,6,100.0,1,1,100.0,0,0,,0,0.0,0.0,0.0,0,2,0,0,1,Matches,Chelsea,2024
Shumaira Mheuka,eng ENG,MF,17-208,0.0,0,0,,0,0,0,0,,0,0,,0,0,,0,0.0,0.0,0.0,0,0,0,0,0,Matches,Chelsea,2024
Dean Henderson,eng ENG,GK,28-065,36.0,712,1152,61.8,19575,12987,167,168,99.4,341,343,99.4,200,636,31.4,0,0.1,0.1,-0.1,2,22,1,0,0,Matches,Crystal Palace,2024
Tyrick Mitchell,eng ENG,DF,25-257,33.4,948,1316,72.0,15266,5732,495,585,84.6,373,499,74.7,59,142,41.5,4,5.8,3.7,-1.8,40,47,33,16,66,Matches,Crystal Palace,2024
Daniel Muñoz,co COL,DF,28-355,33.9,1087,1436,75.7,16578,5004,614,720,85.3,407,525,77.5,46,104,44.2,5,5.4,3.4,-0.4,44,56,35,15,93,Matches,Crystal Palace,2024
Marc Guéhi,eng ENG,DF,24-307,34.0,1474,1765,83.5,28114,11524,547,603,90.7,762,855,89.1,152,274,55.5,2,1.7,2.0,0.3,16,133,11,3,134,Matches,Crystal Palace,2024
Maxence Lacroix,fr FRA,DF,25-040,32.6,1160,1419,81.7,23883,9289,301,354,85.0,723,796,90.8,130,238,54.6,1,0.8,1.0,0.2,7,69,3,1,63,Matches,Crystal Palace,2024
Jean-Philippe Mateta,fr FRA,FW,27-322,28.6,282,434,65.0,3770,993,170,224,75.9,82,129,63.6,7,23,30.4,2,3.2,2.2,-1.2,29,33,16,2,51,Matches,Crystal Palace,2024
Eberechi Eze,eng ENG,"MF,FW",26-321,28.0,759,1018,74.6,12996,3500,366,433,84.5,297,355,83.7,76,167,45.5,8,5.3,4.0,2.7,55,49,36,4,94,Matches,Crystal Palace,2024
Ismaila Sarr,sn SEN,MF,27-080,28.4,470,708,66.4,6987,2119,251,339,74.0,177,248,71.4,22,47,46.8,5,7.8,6.4,-2.8,42,28,39,9,81,Matches,Crystal Palace,2024
Jefferson Lerma,co COL,"MF,DF",30-203,23.3,799,1057,75.6,14015,4875,375,432,86.8,326,401,81.3,79,168,47.0,1,1.5,1.7,-0.5,10,86,18,2,94,Matches,Crystal Palace,2024
Will Hughes,eng ENG,MF,30-029,22.1,707,929,76.1,11175,3885,361,408,88.5,274,332,82.5,46,126,36.5,3,3.1,2.6,-0.1,32,72,15,3,85,Matches,Crystal Palace,2024
Chris Richards,us USA,DF,25-049,19.4,645,808,79.8,11498,4035,260,295,88.1,323,364,88.7,51,113,45.1,0,0.1,0.6,-0.1,2,22,1,1,37,Matches,Crystal Palace,2024
Adam Wharton,eng ENG,MF,20-348,14.6,548,725,75.6,10271,3780,208,252,82.5,258,322,80.1,70,107,65.4,2,3.0,2.2,-1.0,26,78,18,5,107,Matches,Crystal Palace,2024
Daichi Kamada,jp JPN,MF,28-284,16.2,560,700,80.0,9038,2353,297,336,88.4,220,267,82.4,32,54,59.3,0,1.9,1.5,-1.9,20,45,13,2,83,Matches,Crystal Palace,2024
Trevoh Chalobah,eng ENG,DF,25-315,11.8,349,442,79.0,6831,2195,125,141,88.7,178,209,85.2,42,82,51.2,0,0.4,0.3,-0.4,4,27,2,1,34,Matches,Crystal Palace,2024
Eddie Nketiah,eng ENG,"FW,MF",25-351,10.3,167,226,73.9,2503,511,89,113,78.8,56,69,81.2,12,18,66.7,1,1.6,0.8,-0.6,12,11,4,0,17,Matches,Crystal Palace,2024
Nathaniel Clyne,eng ENG,"DF,MF",34-041,5.4,171,225,76.0,3113,1102,72,89,80.9,84,95,88.4,14,30,46.7,0,0.3,0.2,-0.3,3,16,2,1,7,Matches,Crystal Palace,2024
Cheick Doucouré,ml MLI,MF,25-128,5.0,174,204,85.3,2909,823,84,94,89.4,70,78,89.7,16,20,80.0,0,0.0,0.1,0.0,1,17,3,0,19,Matches,Crystal Palace,2024
Justin Devenny,nir NIR,MF,21-217,4.8,127,177,71.8,2006,566,70,86,81.4,42,60,70.0,9,22,40.9,0,0.4,0.4,-0.4,6,15,4,1,17,Matches,Crystal Palace,2024
Odsonne Édouard,fr FRA,"MF,FW",27-120,1.3,17,28,60.7,230,46,11,16,68.8,4,7,57.1,1,1,100.0,0,0.0,0.0,0.0,1,2,0,0,4,Matches,Crystal Palace,2024
Joachim Andersen,dk DEN,DF,28-350,1.0,61,83,73.5,1227,526,19,21,90.5,31,37,83.8,9,21,42.9,0,0.0,0.0,0.0,0,9,1,0,4,Matches,Crystal Palace,2024
Chadi Riad,ma MAR,DF,21-333,1.0,70,82,85.4,1411,568,24,28,85.7,38,41,92.7,8,13,61.5,0,0.0,0.0,0.0,0,8,1,0,7,Matches,Crystal Palace,2024
Ben Chilwell,eng ENG,DF,28-146,1.9,62,89,69.7,909,238,37,42,88.1,20,29,69.0,3,12,25.0,0,0.7,0.8,-0.7,3,4,3,0,6,Matches,Crystal Palace,2024
Jeffrey Schlupp,gh GHA,"MF,DF",32-144,1.1,39,50,78.0,591,144,16,19,84.2,18,23,78.3,2,4,50.0,0,0.2,0.1,-0.2,3,4,2,0,5,Matches,Crystal Palace,2024
Romain Esse,eng ENG,MF,20-003,0.5,18,22,81.8,262,87,11,12,91.7,6,6,100.0,1,3,33.3,0,0.1,0.1,-0.1,1,1,0,0,3,Matches,Crystal Palace,2024
Matheus França,br BRA,"FW,MF",21-045,0.3,4,8,50.0,69,35,2,3,66.7,2,4,50.0,0,0,,0,0.0,0.2,0.0,0,1,0,0,2,Matches,Crystal Palace,2024
Jordan Ayew,gh GHA,"FW,MF",33-247,0.2,8,10,80.0,167,4,3,3,100.0,4,6,66.7,1,1,100.0,0,0.0,0.0,0.0,1,0,0,0,0,Matches,Crystal Palace,2024
Caleb Kporha,eng ENG,DF,18-305,0.1,5,7,71.4,72,21,4,4,100.0,0,2,0.0,1,1,100.0,0,0.0,0.0,0.0,0,0,1,1,0,Matches,Crystal Palace,2024
Asher Agbinone,eng ENG,MF,19-230,0.1,2,3,66.7,32,0,1,1,100.0,1,2,50.0,0,0,,0,0.0,0.0,0.0,1,0,0,0,0,Matches,Crystal Palace,2024
Joel Ward,eng ENG,DF,35-199,0.0,0,2,0.0,0,0,0,1,0.0,0,1,0.0,0,0,,0,0.0,0.0,0.0,0,0,0,0,0,Matches,Crystal Palace,2024
Jordan Pickford,eng ENG,GK,31-070,36.0,1001,1505,66.5,31760,23629,145,146,99.3,438,445,98.4,417,904,46.1,1,0.4,0.2,0.6,2,71,8,0,0,Matches,Everton,2024
James Tarkowski,eng ENG,DF,32-178,32.5,1045,1290,81.0,22119,8229,337,399,84.5,525,571,91.9,173,276,62.7,1,2.9,2.4,-1.9,16,83,11,0,75,Matches,Everton,2024
Vitaliy Mykolenko,ua UKR,DF,25-352,32.2,925,1243,74.4,15504,6263,476,535,89.0,348,469,74.2,82,182,45.1,1,1.6,2.0,-0.6,20,97,37,22,107,Matches,Everton,2024
Idrissa Gana Gueye,sn SEN,MF,35-232,32.0,1143,1323,86.4,19264,5152,575,634,90.7,455,502,90.6,96,133,72.2,3,1.7,1.9,1.3,19,141,10,3,136,Matches,Everton,2024
Abdoulaye Doucouré,ml MLI,MF,32-135,27.6,694,870,79.8,10476,2204,363,426,85.2,255,308,82.8,42,57,73.7,2,2.3,1.2,-0.3,27,44,14,0,80,Matches,Everton,2024
Jarrad Branthwaite,eng ENG,DF,22-323,27.1,936,1139,82.2,18352,7298,348,385,90.4,466,514,90.7,115,209,55.0,1,0.7,0.6,0.3,3,81,3,0,64,Matches,Everton,2024
Iliman Ndiaye,sn SEN,FW,25-071,25.4,547,676,80.9,8207,1706,318,369,86.2,181,210,86.2,34,50,68.0,0,1.6,1.2,-1.6,17,35,14,5,52,Matches,Everton,2024
Jack Harrison,eng ENG,FW,28-177,21.8,395,629,62.8,6325,2362,226,280,80.7,116,170,68.2,36,106,34.0,0,3.7,3.1,-3.7,33,27,25,11,48,Matches,Everton,2024
Dominic Calvert-Lewin,eng ENG,FW,28-061,17.7,179,284,63.0,2089,488,129,184,70.1,36,61,59.0,3,8,37.5,1,0.6,0.7,0.4,7,19,5,1,19,Matches,Everton,2024
Ashley Young,eng ENG,"DF,FW",39-311,19.0,642,914,70.2,11822,5391,305,347,87.9,251,329,76.3,80,194,41.2,3,2.1,2.5,0.9,22,73,20,10,85,Matches,Everton,2024
James Garner,eng ENG,"MF,DF",24-064,15.7,525,702,74.8,9190,2847,228,266,85.7,237,287,82.6,50,107,46.7,1,1.3,1.3,-0.3,12,51,7,4,47,Matches,Everton,2024
Jake O'Brien,ie IRL,DF,24-001,15.5,509,650,78.3,9400,3587,220,248,88.7,226,282,80.1,57,89,64.0,0,0.6,0.3,-0.6,6,41,8,5,43,Matches,Everton,2024
Jesper Lindstrøm,dk DEN,FW,25-076,13.8,297,428,69.4,4593,1335,194,225,86.2,65,99,65.7,29,65,44.6,1,2.0,2.0,-1.0,19,18,12,7,25,Matches,Everton,2024
Dwight McNeil,eng ENG,"MF,FW",25-175,14.4,431,584,73.8,7987,2656,200,231,86.6,153,188,81.4,68,129,52.7,5,3.9,3.9,1.1,34,38,34,10,64,Matches,Everton,2024
Orel Mangala,be BEL,MF,27-059,14.0,437,490,89.2,6998,1567,219,242,90.5,187,197,94.9,23,30,76.7,0,0.6,0.6,-0.6,8,50,8,1,34,Matches,Everton,2024
Beto,gw GNB,FW,27-105,15.1,132,234,56.4,1779,209,80,118,67.8,36,74,48.6,7,8,87.5,0,0.8,0.3,-0.8,9,6,5,1,12,Matches,Everton,2024
Michael Keane,eng ENG,DF,32-125,10.5,285,346,82.4,6454,2164,92,102,90.2,129,142,90.8,62,84,73.8,0,0.1,0.0,-0.1,2,20,0,0,12,Matches,Everton,2024
Carlos Alcaraz,ar ARG,"FW,MF",22-167,7.4,200,251,79.7,3629,939,85,100,85.0,86,97,88.7,23,35,65.7,3,1.6,0.6,1.4,13,19,18,3,40,Matches,Everton,2024
Tim Iroegbunam,eng ENG,MF,21-320,6.4,115,158,72.8,1921,621,54,73,74.0,42,50,84.0,14,20,70.0,1,0.2,0.1,0.8,3,10,1,0,15,Matches,Everton,2024
Armando Broja,al ALB,FW,23-248,3.7,53,73,72.6,594,101,35,45,77.8,10,12,83.3,2,3,66.7,0,0.2,0.1,-0.2,4,3,0,0,2,Matches,Everton,2024
Nathan Patterson,sct SCO,DF,23-212,3.9,130,176,73.9,2272,806,65,72,90.3,52,75,69.3,12,24,50.0,1,0.4,0.4,0.6,4,9,5,3,13,Matches,Everton,2024
Séamus Coleman,ie IRL,DF,36-217,2.2,60,82,73.2,1087,516,29,31,93.5,25,32,78.1,6,16,37.5,0,0.0,0.0,0.0,0,6,0,0,9,Matches,Everton,2024
Roman Dixon,eng ENG,DF,20-141,1.0,11,19,57.9,205,111,6,8,75.0,4,8,50.0,1,3,33.3,0,0.0,0.0,0.0,0,3,0,0,0,Matches,Everton,2024
Harrison Armstrong,eng ENG,MF,18-117,0.5,7,15,46.7,149,15,3,4,75.0,2,5,40.0,2,4,50.0,0,0.1,0.0,-0.1,1,1,0,0,1,Matches,Everton,2024
Youssef Chermiti,pt POR,"FW,MF",20-357,0.5,6,11,54.5,78,14,4,7,57.1,0,1,0.0,1,1,100.0,0,0.0,0.0,0.0,0,1,0,0,1,Matches,Everton,2024
Mason Holgate,eng ENG,"FW,DF",28-206,0.1,2,2,100.0,55,0,0,0,,1,1,100.0,1,1,100.0,0,0.0,0.0,0.0,0,0,0,0,0,Matches,Everton,2024
Bernd Leno,de GER,GK,33-073,36.0,1093,1338,81.7,26627,15948,213,214,99.5,655,663,98.8,213,447,47.7,1,0.1,0.1,0.9,2,16,2,0,0,Matches,Fulham,2024
Alex Iwobi,ng NGA,"FW,MF",29-013,32.1,1109,1482,74.8,18912,5516,556,644,86.3,436,559,78.0,96,179,53.6,6,7.0,6.9,-1.0,59,110,84,19,206,Matches,Fulham,2024
Antonee Robinson,us USA,DF,27-281,33.2,1523,1987,76.6,26058,9482,732,844,86.7,644,815,79.0,128,227,56.4,10,4.1,4.0,5.9,42,113,54,28,123,Matches,Fulham,2024
Calvin Bassey,ng NGA,DF,25-136,33.2,1899,2115,89.8,33534,11711,804,844,95.3,926,985,94.0,137,224,61.2,0,0.1,0.4,-0.1,3,150,3,0,114,Matches,Fulham,2024
Raúl Jiménez,mx MEX,FW,34-011,25.7,440,617,71.3,6621,1485,256,314,81.5,134,181,74.0,31,52,59.6,3,3.3,2.0,-0.3,23,38,12,3,58,Matches,Fulham,2024
Joachim Andersen,dk DEN,DF,28-350,26.7,1548,1870,82.8,34283,13676,415,454,91.4,870,929,93.6,254,460,55.2,0,0.3,0.5,-0.3,3,188,6,3,110,Matches,Fulham,2024
Saša Lukić,rs SRB,MF,28-276,24.1,1027,1171,87.7,17364,4245,486,529,91.9,450,489,92.0,78,111,70.3,2,2.6,1.3,-0.6,23,97,15,6,92,Matches,Fulham,2024
Sander Berge,no NOR,MF,27-091,24.2,1060,1160,91.4,18871,4427,436,475,91.8,513,543,94.5,94,112,83.9,0,0.6,0.6,-0.6,18,113,4,0,119,Matches,Fulham,2024
Andreas Pereira,br BRA,MF,29-135,21.7,662,960,69.0,11980,3815,305,365,83.6,257,325,79.1,87,215,40.5,4,4.5,4.3,-0.5,56,65,19,4,103,Matches,Fulham,2024
Emile Smith Rowe,eng ENG,MF,24-292,21.6,881,979,90.0,12569,2337,518,561,92.3,320,337,95.0,20,28,71.4,3,1.3,1.9,1.7,21,78,15,1,121,Matches,Fulham,2024
Kenny Tete,nl NED,DF,29-219,17.7,715,882,81.1,11509,3743,374,409,91.4,263,325,80.9,59,100,59.0,2,0.9,0.6,1.1,9,62,9,6,55,Matches,Fulham,2024
Timothy Castagne,be BEL,DF,29-162,18.3,780,953,81.8,12441,3910,397,442,89.8,328,382,85.9,37,75,49.3,1,1.2,0.6,-0.2,9,51,5,3,62,Matches,Fulham,2024
Adama Traoré,es ESP,"FW,MF",29-111,18.0,392,545,71.9,6112,1573,218,267,81.6,131,178,73.6,28,50,56.0,6,4.7,4.4,1.3,39,33,34,19,64,Matches,Fulham,2024
Issa Diop,fr FRA,DF,28-127,14.9,663,758,87.5,12350,4179,233,252,92.5,379,408,92.9,46,87,52.9,0,0.1,0.1,-0.1,3,43,1,0,25,Matches,Fulham,2024
Harry Wilson,wls WAL,"FW,MF",28-055,12.0,306,418,73.2,5135,1281,156,182,85.7,117,150,78.0,28,69,40.6,1,1.1,1.1,-0.1,20,25,14,1,49,Matches,Fulham,2024
Rodrigo Muniz,br BRA,FW,24-012,10.7,92,142,64.8,1540,528,46,68,67.6,31,45,68.9,11,13,84.6,1,0.7,0.2,0.3,7,13,3,0,27,Matches,Fulham,2024
Ryan Sessegnon,eng ENG,"FW,DF",24-363,6.1,177,226,78.3,2520,776,114,131,87.0,50,65,76.9,8,13,61.5,2,1.0,0.8,1.0,10,17,4,1,20,Matches,Fulham,2024
Reiss Nelson,eng ENG,FW,25-157,5.4,232,268,86.6,3429,761,136,147,92.5,77,91,84.6,12,19,63.2,1,1.0,1.0,0.0,13,7,15,3,35,Matches,Fulham,2024
Jorge Cuenca,es ESP,DF,25-180,2.9,102,122,83.6,1768,637,34,38,89.5,60,68,88.2,6,14,42.9,0,0.0,0.0,0.0,0,7,0,0,9,Matches,Fulham,2024
Tom Cairney,sct SCO,MF,34-116,5.7,503,555,90.6,7937,1691,280,299,93.6,186,199,93.5,32,43,74.4,0,1.0,1.1,-1.0,10,47,7,3,48,Matches,Fulham,2024
Willian,br BRA,"FW,MF",36-280,2.9,178,208,85.6,3198,855,86,91,94.5,75,88,85.2,17,23,73.9,0,0.5,0.7,-0.5,7,19,10,2,40,Matches,Fulham,2024
Joshua King,eng ENG,MF,18-133,1.0,38,45,84.4,613,121,22,24,91.7,14,16,87.5,1,2,50.0,0,0.4,0.7,-0.4,3,3,1,0,5,Matches,Fulham,2024
Harrison Reed,eng ENG,MF,30-109,1.2,39,55,70.9,550,138,21,24,87.5,13,17,76.5,2,5,40.0,0,0.1,0.1,-0.1,1,1,1,0,4,Matches,Fulham,2024
Martial Godo,eng ENG,"FW,DF",22-063,0.3,12,17,70.6,214,53,6,8,75.0,5,5,100.0,1,2,50.0,0,0.1,0.1,-0.1,1,0,3,0,3,Matches,Fulham,2024
Carlos Vinícius,br BRA,"MF,FW",30-052,0.2,1,3,33.3,14,0,1,2,50.0,0,0,,0,0,,0,0.0,0.0,0.0,0,0,0,0,0,Matches,Fulham,2024
Jay Stansfield,eng ENG,MF,22-173,0.0,0,0,,0,0,0,0,,0,0,,0,0,,0,0.0,0.0,0.0,0,0,0,0,0,Matches,Fulham,2024
Dara O'Shea,ie IRL,DF,26-073,32.7,1146,1474,77.7,22826,9910,366,422,86.7,644,755,85.3,125,254,49.2,2,0.5,0.7,1.5,3,83,3,1,73,Matches,Ipswich Town,2024
Liam Delap,eng ENG,FW,22-097,28.4,216,353,61.2,2980,654,121,171,70.8,68,107,63.6,9,24,37.5,2,1.9,1.4,0.1,21,17,6,0,30,Matches,Ipswich Town,2024
Leif Davis,eng ENG,DF,25-124,28.5,854,1194,71.5,14708,5905,398,463,86.0,367,474,77.4,75,201,37.3,2,4.3,4.2,-2.3,54,30,26,11,55,Matches,Ipswich Town,2024
Sam Morsy,eg EGY,MF,33-248,28.6,1150,1332,86.3,18505,5059,593,636,93.2,454,498,91.2,74,127,58.3,1,0.9,1.1,0.1,20,133,13,2,107,Matches,Ipswich Town,2024
Omari Hutchinson,eng ENG,"MF,FW",21-198,26.7,628,807,77.8,9896,1800,319,362,88.1,264,313,84.3,32,64,50.0,2,3.3,2.2,-1.3,28,44,24,13,71,Matches,Ipswich Town,2024
Jacob Greaves,eng ENG,DF,24-246,22.5,861,1004,85.8,14211,5498,401,433,92.6,411,460,89.3,34,81,42.0,0,0.2,0.2,-0.2,4,65,2,0,56,Matches,Ipswich Town,2024
Jens Cajuste,se SWE,MF,25-279,20.1,583,707,82.5,9620,1950,265,299,88.6,275,320,85.9,29,58,50.0,0,0.6,0.6,-0.6,11,45,5,1,46,Matches,Ipswich Town,2024
Arijanet Muric,xk KVX,GK,26-190,18.0,454,633,71.7,11705,8247,122,122,100.0,215,221,97.3,115,283,40.6,0,0.0,0.0,0.0,0,14,0,0,1,Matches,Ipswich Town,2024
Axel Tuanzebe,cd COD,DF,27-183,17.0,581,697,83.4,8955,3493,318,348,91.4,226,274,82.5,25,45,55.6,1,0.3,0.2,0.7,4,53,3,0,49,Matches,Ipswich Town,2024
Cameron Burgess,au AUS,DF,29-207,17.1,626,774,80.9,11461,5485,259,285,90.9,295,340,86.8,64,127,50.4,2,0.5,0.4,1.5,7,47,4,0,42,Matches,Ipswich Town,2024
Ben Johnson,eng ENG,"DF,FW",25-112,15.0,298,416,71.6,4835,2045,170,197,86.3,101,135,74.8,24,49,49.0,2,1.3,0.9,0.7,12,22,3,2,27,Matches,Ipswich Town,2024
Kalvin Phillips,eng ENG,MF,29-165,13.7,436,551,79.1,8581,2474,162,195,83.1,208,240,86.7,60,98,61.2,0,0.2,0.5,-0.2,5,49,6,1,51,Matches,Ipswich Town,2024
Sammie Szmodics,ie IRL,"FW,MF",29-234,10.9,144,194,74.2,2402,702,67,77,87.0,54,64,84.4,15,29,51.7,0,0.2,0.5,-0.2,4,10,4,1,18,Matches,Ipswich Town,2024
Luke Woolfenden,eng ENG,DF,26-207,13.2,496,562,88.3,9196,3071,178,184,96.7,274,292,93.8,39,74,52.7,0,0.0,0.0,0.0,0,31,0,0,15,Matches,Ipswich Town,2024
Alex Palmer,eng ENG,GK,28-279,12.0,271,394,68.8,8007,5807,55,57,96.5,122,122,100.0,94,215,43.7,0,0.0,0.0,0.0,1,8,0,0,1,Matches,Ipswich Town,2024
Wes Burns,wls WAL,"FW,DF",30-174,10.3,153,253,60.5,2416,597,82,102,80.4,51,78,65.4,14,36,38.9,1,1.6,1.2,-0.6,10,8,8,7,8,Matches,Ipswich Town,2024
Jack Clarke,eng ENG,"FW,MF",24-174,12.1,276,360,76.7,4537,1153,140,161,87.0,118,137,86.1,15,30,50.0,4,2.1,1.0,1.9,25,27,7,0,38,Matches,Ipswich Town,2024
Julio Enciso,py PAR,"FW,MF",21-113,8.9,161,232,69.4,2592,771,77,99,77.8,64,88,72.7,10,20,50.0,3,1.3,1.0,1.7,11,16,7,1,25,Matches,Ipswich Town,2024
Conor Chaplin,eng ENG,"MF,FW",28-089,8.5,200,274,73.0,3236,827,93,115,80.9,94,116,81.0,8,22,36.4,1,0.7,0.6,0.3,8,20,7,2,27,Matches,Ipswich Town,2024
Nathan Broadhead,wls WAL,"MF,FW",27-041,6.7,149,196,76.0,2132,415,91,104,87.5,51,64,79.7,3,12,25.0,0,0.6,1.1,-0.6,6,10,4,0,12,Matches,Ipswich Town,2024
Christian Walton,eng ENG,GK,29-188,6.0,152,226,67.3,4170,2976,41,41,100.0,69,71,97.2,42,114,36.8,0,0.0,0.0,0.0,1,1,0,0,0,Matches,Ipswich Town,2024
Jaden Philogene Bidace,eng ENG,"FW,DF",23-097,5.3,95,131,72.5,1536,414,54,64,84.4,30,41,73.2,6,12,50.0,0,0.2,0.2,-0.2,5,7,4,3,10,Matches,Ipswich Town,2024
Jack Taylor,ie IRL,MF,26-327,9.2,328,394,83.2,5836,1570,143,163,87.7,154,174,88.5,26,44,59.1,0,0.5,0.8,-0.5,5,29,8,1,42,Matches,Ipswich Town,2024
Harry Clarke,eng ENG,DF,24-075,4.2,190,236,80.5,3442,1226,87,95,91.6,77,88,87.5,23,40,57.5,0,0.0,0.1,0.0,1,21,1,0,14,Matches,Ipswich Town,2024
George Hirst,sct SCO,FW,26-090,5.8,60,107,56.1,705,188,41,61,67.2,13,25,52.0,1,2,50.0,1,0.3,0.3,0.7,4,1,4,0,13,Matches,Ipswich Town,2024
Conor Townsend,eng ENG,DF,32-073,3.7,80,127,63.0,1418,756,32,39,82.1,41,55,74.5,7,24,29.2,1,0.7,0.2,0.3,4,7,2,2,8,Matches,Ipswich Town,2024
Chiedozie Ogbene,ie IRL,FW,28-015,2.6,32,43,74.4,415,27,20,24,83.3,8,10,80.0,1,1,100.0,0,0.1,0.0,-0.1,2,0,0,0,0,Matches,Ipswich Town,2024
Massimo Luongo,au AUS,MF,32-233,2.2,43,57,75.4,613,135,27,30,90.0,11,16,68.8,3,7,42.9,0,0.0,0.0,0.0,0,1,0,0,5,Matches,Ipswich Town,2024
Ben Godfrey,eng ENG,DF,27-121,1.8,47,57,82.5,657,255,30,33,90.9,16,18,88.9,0,0,,0,0.0,0.0,0.0,0,5,1,0,4,Matches,Ipswich Town,2024
Ali Al Hamadi,iq IRQ,FW,23-076,1.5,25,30,83.3,278,29,20,23,87.0,5,7,71.4,0,0,,0,0.1,0.0,-0.1,2,0,0,0,3,Matches,Ipswich Town,2024
Marcus Harness,eng ENG,MF,29-081,0.5,10,16,62.5,89,23,9,11,81.8,0,1,0.0,0,1,0.0,0,0.0,0.1,0.0,0,0,2,0,2,Matches,Ipswich Town,2024
George Edmundson,eng ENG,DF,27-258,0.0,1,2,50.0,9,0,1,1,100.0,0,0,,0,0,,0,0.0,0.0,0.0,0,0,0,0,0,Matches,Ipswich Town,2024
Jamie Vardy,eng ENG,FW,38-125,30.5,255,382,66.8,3720,410,139,187,74.3,85,112,75.9,15,22,68.2,4,3.0,2.6,1.0,19,10,10,1,21,Matches,Leicester City,2024
James Justin,eng ENG,DF,27-082,30.7,1135,1452,78.2,17623,5494,586,674,86.9,470,554,84.8,47,131,35.9,1,0.6,0.7,0.4,13,74,22,8,87,Matches,Leicester City,2024
Wout Faes,be BEL,DF,27-043,29.3,1292,1472,87.8,23959,8473,497,529,94.0,686,721,95.1,105,195,53.8,0,0.1,0.4,-0.1,4,82,6,0,83,Matches,Leicester City,2024
Victor Bernth Kristiansen,dk DEN,DF,22-151,26.6,1011,1302,77.6,16236,5818,514,573,89.7,411,513,80.1,65,157,41.4,1,1.4,1.7,-0.4,18,75,23,18,69,Matches,Leicester City,2024
Mads Hermansen,dk DEN,GK,24-309,26.5,654,1073,61.0,17066,12387,151,155,97.4,312,329,94.8,191,584,32.7,0,0.0,0.0,0.0,0,20,1,0,1,Matches,Leicester City,2024
Wilfred Ndidi,ng NGA,MF,28-151,24.9,805,1005,80.1,11569,2961,441,507,87.0,272,333,81.7,37,69,53.6,4,1.9,1.5,2.1,16,66,10,3,67,Matches,Leicester City,2024
Bilal El Khannouss,ma MAR,MF,21-006,23.2,757,1013,74.7,13574,3859,353,412,85.7,295,367,80.4,92,160,57.5,3,4.3,3.0,-1.3,38,85,29,6,122,Matches,Leicester City,2024
Boubakary Soumaré,fr FRA,MF,26-078,22.1,998,1151,86.7,15170,4089,542,589,92.0,388,443,87.6,39,56,69.6,0,0.4,0.9,-0.4,11,91,14,2,100,Matches,Leicester City,2024
Harry Winks,eng ENG,MF,29-103,17.1,910,1045,87.1,14101,5048,471,511,92.2,362,397,91.2,44,76,57.9,2,1.2,1.5,0.8,17,110,7,5,101,Matches,Leicester City,2024
Conor Coady,eng ENG,DF,32-080,17.0,869,958,90.7,15135,5599,362,375,96.5,451,467,96.6,52,98,53.1,0,0.1,0.5,-0.1,1,32,2,0,30,Matches,Leicester City,2024
Jordan Ayew,gh GHA,"FW,MF",33-247,16.5,367,498,73.7,5472,1105,201,231,87.0,128,172,74.4,22,55,40.0,0,1.0,1.4,-1.0,15,22,13,7,39,Matches,Leicester City,2024
Stephy Mavididi,eng ENG,FW,26-350,17.9,460,613,75.0,6191,1429,286,314,91.1,124,184,67.4,18,43,41.9,1,2.6,3.3,-1.6,22,32,26,7,57,Matches,Leicester City,2024
Jannik Vestergaard,dk DEN,DF,32-286,15.5,870,959,90.7,14697,5807,397,418,95.0,416,444,93.7,48,81,59.3,0,0.1,0.1,-0.1,3,34,1,0,32,Matches,Leicester City,2024
Facundo Buonanotte,ar ARG,"FW,MF",20-144,16.7,435,570,76.3,6874,1757,236,276,85.5,148,180,82.2,35,74,47.3,2,3.1,2.3,-1.1,24,41,13,2,54,Matches,Leicester City,2024
Caleb Okoli,it ITA,DF,23-307,12.5,559,648,86.3,9749,3849,243,266,91.4,273,301,90.7,36,65,55.4,0,0.0,0.2,0.0,0,21,1,0,32,Matches,Leicester City,2024
Luke Thomas,eng ENG,DF,23-340,10.5,442,560,78.9,7134,2336,231,250,92.4,175,215,81.4,31,72,43.1,0,0.4,0.5,-0.4,8,28,3,1,33,Matches,Leicester City,2024
Oliver Skipp,eng ENG,MF,24-242,11.7,408,481,84.8,6246,1532,208,236,88.1,160,172,93.0,20,34,58.8,0,0.3,0.3,-0.3,9,30,4,0,34,Matches,Leicester City,2024
Bobby De Cordova-Reid,jm JAM,FW,32-103,8.3,145,206,70.4,1883,587,88,108,81.5,39,53,73.6,5,15,33.3,2,1.2,0.2,0.8,6,9,5,0,15,Matches,Leicester City,2024
Jakub Stolarczyk,pl POL,GK,24-148,8.0,199,298,66.8,5210,3874,63,63,100.0,71,72,98.6,64,162,39.5,0,0.0,0.0,0.0,0,2,0,0,1,Matches,Leicester City,2024
Kasey McAteer,ie IRL,"FW,MF",23-175,7.6,155,215,72.1,2150,504,101,120,84.2,43,59,72.9,6,12,50.0,1,0.7,0.4,0.3,9,10,6,2,11,Matches,Leicester City,2024
Abdul Fatawu Issahaku,gh GHA,FW,21-069,6.4,123,197,62.4,2150,601,59,81,72.8,45,59,76.3,16,33,48.5,2,1.6,1.4,0.4,6,7,7,2,17,Matches,Leicester City,2024
Patson Daka,zm ZAM,"FW,MF",26-219,7.3,101,141,71.6,1400,254,61,76,80.3,31,43,72.1,3,3,100.0,0,0.1,0.1,-0.1,1,6,1,0,8,Matches,Leicester City,2024
Ricardo Pereira,pt POR,DF,31-222,3.8,178,216,82.4,2899,821,85,98,86.7,77,92,83.7,12,14,85.7,0,0.0,0.1,0.0,0,18,0,0,14,Matches,Leicester City,2024
Danny Ward,wls WAL,GK,31-328,1.5,41,53,77.4,1162,949,6,6,100.0,20,20,100.0,15,27,55.6,0,0.0,0.0,0.0,0,2,0,0,0,Matches,Leicester City,2024
Hamza Choudhury,bd BAN,"MF,DF",27-227,1.5,72,84,85.7,991,249,47,50,94.0,23,29,79.3,2,4,50.0,0,0.4,0.2,-0.4,2,10,1,1,3,Matches,Leicester City,2024
Woyo Coulibaly,fr FRA,DF,25-361,1.2,48,57,84.2,797,314,28,34,82.4,16,19,84.2,4,4,100.0,0,0.0,0.0,0.0,0,3,0,0,3,Matches,Leicester City,2024
Jeremy Monga,,"FW,MF",,0.7,11,19,57.9,141,35,6,8,75.0,5,5,100.0,0,1,0.0,0,0.0,0.0,0.0,0,2,0,0,2,Matches,Leicester City,2024
Odsonne Édouard,fr FRA,FW,27-120,0.3,6,8,75.0,59,5,3,4,75.0,1,1,100.0,0,0,,0,0.0,0.0,0.0,1,0,0,0,1,Matches,Leicester City,2024
Jake Evans,,FW,,0.1,1,1,100.0,16,0,0,0,,1,1,100.0,0,0,,0,0.0,0.0,0.0,0,0,0,0,0,Matches,Leicester City,2024
Will Alves,eng ENG,FW,20-102,0.0,1,1,100.0,12,0,1,1,100.0,0,0,,0,0,,0,0.0,0.0,0.0,0,0,0,0,0,Matches,Leicester City,2024
Michael Golding,eng ENG,MF,18-358,0.0,0,0,,0,0,0,0,,0,0,,0,0,,0,0.0,0.0,0.0,0,0,0,0,0,Matches,Leicester City,2024
Virgil van Dijk,nl NED,DF,33-312,36.0,2587,2825,91.6,47121,18459,1065,1108,96.1,1280,1340,95.5,217,325,66.8,1,0.7,0.9,0.3,12,271,7,0,182,Matches,Liverpool,2024
Mohamed Salah,eg EGY,FW,32-335,35.5,848,1196,70.9,12637,3672,479,574,83.4,282,405,69.6,57,96,59.4,18,13.5,8.6,4.5,84,50,89,14,137,Matches,Liverpool,2024
Ryan Gravenberch,nl NED,MF,23-000,33.4,1619,1823,88.8,24197,6074,882,955,92.4,623,679,91.8,60,98,61.2,4,2.9,3.3,1.1,25,141,33,1,171,Matches,Liverpool,2024
Alexis Mac Allister,ar ARG,MF,26-143,28.9,1273,1524,83.5,20344,5748,658,729,90.3,493,558,88.4,89,160,55.6,5,4.7,5.6,0.3,45,122,35,2,177,Matches,Liverpool,2024
Ibrahima Konaté,fr FRA,DF,25-356,26.8,1611,1784,90.3,29812,10243,558,595,93.8,955,1004,95.1,89,160,55.6,2,1.0,0.9,1.0,10,126,8,0,105,Matches,Liverpool,2024
Andrew Robertson,sct SCO,DF,31-066,26.6,1495,1807,82.7,25170,8134,736,782,94.1,636,736,86.4,106,227,46.7,1,4.6,4.2,-3.6,40,146,29,17,167,Matches,Liverpool,2024
Trent Alexander-Arnold,eng ENG,DF,26-221,25.8,1411,1915,73.7,26967,11045,618,687,90.0,578,758,76.3,191,393,48.6,6,6.7,7.1,-0.7,50,201,64,20,228,Matches,Liverpool,2024
Dominik Szoboszlai,hu HUN,MF,24-203,26.3,1056,1250,84.5,16428,3385,576,645,89.3,343,389,88.2,86,120,71.7,6,7.2,5.8,-1.2,53,83,31,5,121,Matches,Liverpool,2024
Luis Díaz,co COL,FW,28-123,25.6,711,842,84.4,11381,2479,380,428,88.8,245,285,86.0,58,70,82.9,5,5.0,4.4,0.0,55,48,44,6,106,Matches,Liverpool,2024
Alisson,br BRA,GK,32-226,25.9,712,857,83.1,15729,10194,210,213,98.6,379,384,98.7,122,256,47.7,0,0.6,0.2,-0.6,1,12,0,0,1,Matches,Liverpool,2024
Cody Gakpo,nl NED,FW,26-009,19.8,449,592,75.8,6446,1596,276,319,86.5,141,210,67.1,18,33,54.5,3,3.5,3.2,-0.5,34,22,27,8,52,Matches,Liverpool,2024
Curtis Jones,eng ENG,"MF,DF",24-106,17.7,938,1007,93.1,13684,2819,541,560,96.6,340,367,92.6,34,46,73.9,3,1.0,1.5,2.0,20,73,18,0,99,Matches,Liverpool,2024
Diogo Jota,pt POR,FW,28-163,13.0,207,296,69.9,3149,750,110,144,76.4,73,97,75.3,13,21,61.9,3,1.8,1.1,1.2,11,29,3,1,33,Matches,Liverpool,2024
Caoimhín Kelleher,ie IRL,GK,26-174,10.0,289,382,75.7,6252,3968,99,99,100.0,147,147,100.0,43,135,31.9,0,0.0,0.0,0.0,0,6,0,0,0,Matches,Liverpool,2024
Darwin Núñez,uy URU,FW,25-326,11.9,155,221,70.1,2298,561,84,105,80.0,47,64,73.4,12,19,63.2,2,1.3,0.4,0.7,10,9,2,0,27,Matches,Liverpool,2024
Kostas Tsimikas,gr GRE,DF,29-004,8.3,507,605,83.8,8637,2827,243,257,94.6,207,235,88.1,45,90,50.0,1,2.1,2.3,-1.1,16,41,11,4,71,Matches,Liverpool,2024
Joe Gomez,eng ENG,DF,27-358,5.8,377,425,88.7,6689,2299,155,170,91.2,191,204,93.6,26,42,61.9,0,0.1,0.1,-0.1,2,29,0,0,35,Matches,Liverpool,2024
Conor Bradley,nir NIR,DF,21-311,7.0,391,467,83.7,5833,1521,227,248,91.5,146,166,88.0,11,32,34.4,1,0.5,0.6,0.5,5,20,3,1,27,Matches,Liverpool,2024
Jarell Quansah,eng ENG,DF,22-107,4.5,293,322,91.0,5236,1760,110,113,97.3,163,176,92.6,17,27,63.0,0,0.1,0.2,-0.1,1,21,1,0,16,Matches,Liverpool,2024
Harvey Elliott,eng ENG,"MF,FW",22-042,3.1,186,229,81.2,3185,753,100,109,91.7,62,78,79.5,18,26,69.2,1,0.9,0.6,0.1,6,20,5,0,32,Matches,Liverpool,2024
Wataru Endo,jp JPN,MF,32-096,2.6,148,159,93.1,2295,527,76,81,93.8,58,61,95.1,8,8,100.0,0,0.1,0.1,-0.1,2,14,1,0,14,Matches,Liverpool,2024
Federico Chiesa,it ITA,FW,27-203,0.5,22,26,84.6,257,63,16,17,94.1,4,6,66.7,1,1,100.0,0,0.0,0.1,0.0,0,3,0,0,2,Matches,Liverpool,2024
Vitezslav Jaros,cz CZE,GK,23-297,0.1,6,8,75.0,302,273,0,0,,1,1,100.0,5,7,71.4,0,0.0,0.0,0.0,0,2,0,0,0,Matches,Liverpool,2024
Jayden Danns,eng ENG,MF,19-120,0.1,1,1,100.0,6,0,1,1,100.0,0,0,,0,0,,0,0.0,0.0,0.0,0,0,0,0,0,Matches,Liverpool,2024
Joško Gvardiol,hr CRO,DF,23-113,34.4,2381,2625,90.7,38741,10467,1161,1233,94.2,1095,1178,93.0,104,152,68.4,0,2.0,2.9,-2.0,25,241,20,1,256,Matches,Manchester City,2024
Erling Haaland,no NOR,FW,24-299,28.6,234,353,66.3,2797,549,164,230,71.3,50,75,66.7,4,6,66.7,3,2.9,2.0,0.1,28,9,7,1,18,Matches,Manchester City,2024
Bernardo Silva,pt POR,"MF,FW",30-279,27.7,1433,1643,87.2,21803,3972,808,875,92.3,522,592,88.2,73,109,67.0,4,4.4,4.0,-0.4,49,79,35,7,122,Matches,Manchester City,2024
Ederson,br BRA,GK,31-272,23.8,741,839,88.3,18162,11989,133,133,100.0,427,434,98.4,178,268,66.4,4,1.5,0.2,2.5,4,20,1,0,2,Matches,Manchester City,2024
Mateo Kovačić,hr CRO,MF,31-010,23.7,1660,1797,92.4,25924,6704,879,927,94.8,697,729,95.6,65,101,64.4,1,3.6,3.1,-2.6,31,198,28,0,156,Matches,Manchester City,2024
Rúben Dias,pt POR,DF,28-002,23.2,2038,2180,93.5,35296,11301,848,876,96.8,1056,1096,96.4,108,161,67.1,0,0.3,1.1,-0.3,5,207,10,0,143,Matches,Manchester City,2024
İlkay Gündoğan,de GER,MF,34-204,22.8,1408,1576,89.3,21666,4054,803,851,94.4,487,530,91.9,88,140,62.9,5,2.8,3.9,2.2,37,97,21,2,115,Matches,Manchester City,2024
Rico Lewis,eng ENG,"DF,MF",20-176,21.0,1201,1312,91.5,17279,3228,721,762,94.6,438,466,94.0,28,44,63.6,2,0.3,1.0,1.7,7,92,14,0,107,Matches,Manchester City,2024
Manuel Akanji,ch SUI,DF,29-301,20.4,1519,1620,93.8,25172,6963,716,749,95.6,711,746,95.3,78,103,75.7,0,0.4,1.3,-0.4,9,168,11,2,150,Matches,Manchester City,2024
Sávio,br BRA,"FW,MF",21-036,19.4,688,851,80.8,10252,1713,419,466,89.9,227,283,80.2,31,55,56.4,8,6.9,6.1,1.1,46,19,47,8,66,Matches,Manchester City,2024
Phil Foden,eng ENG,"MF,FW",24-353,19.6,786,934,84.2,12304,2599,466,512,91.0,241,270,89.3,66,111,59.5,2,4.8,5.3,-2.8,43,41,39,6,103,Matches,Manchester City,2024
Kevin De Bruyne,be BEL,"MF,FW",33-322,18.1,865,1141,75.8,14777,4282,439,512,85.7,326,425,76.7,87,154,56.5,7,7.9,6.6,-0.9,55,86,58,12,153,Matches,Manchester City,2024
Matheus Nunes,pt POR,"DF,MF",26-262,16.6,957,1109,86.3,14863,2604,536,587,91.3,358,406,88.2,50,77,64.9,5,4.2,3.1,0.8,21,45,25,7,69,Matches,Manchester City,2024
Jeremy Doku,be BEL,"FW,MF",22-354,16.0,582,734,79.3,8162,1446,386,446,86.5,177,218,81.2,13,19,68.4,6,4.7,3.6,1.3,31,12,46,6,67,Matches,Manchester City,2024
Stefan Ortega,de GER,GK,32-191,12.2,373,459,81.3,8327,5597,102,105,97.1,190,196,96.9,79,154,51.3,0,0.0,0.0,0.0,0,6,0,0,0,Matches,Manchester City,2024
Omar Marmoush,eg EGY,"FW,MF",26-098,11.2,203,260,78.1,2782,722,133,159,83.6,55,69,79.7,7,14,50.0,0,1.7,1.4,-1.7,13,8,24,4,29,Matches,Manchester City,2024
Kyle Walker,eng ENG,DF,34-353,10.8,724,826,87.7,11928,3918,367,388,94.6,305,334,91.3,42,82,51.2,0,0.4,1.3,-0.4,7,63,7,4,64,Matches,Manchester City,2024
Nathan Aké,nl NED,DF,30-087,7.5,509,542,93.9,8321,2950,248,253,98.0,237,244,97.1,20,34,58.8,0,0.0,0.2,0.0,1,42,1,0,50,Matches,Manchester City,2024
Nicolás González,es ESP,MF,23-133,7.2,520,560,92.9,7739,1760,301,314,95.9,203,219,92.7,10,14,71.4,0,0.1,0.5,-0.1,1,48,4,0,46,Matches,Manchester City,2024
Jack Grealish,eng ENG,"FW,MF",29-248,8.0,381,435,87.6,5676,986,246,264,93.2,115,131,87.8,18,26,69.2,1,1.8,1.7,-0.8,24,23,16,0,52,Matches,Manchester City,2024
John Stones,eng ENG,"DF,MF",30-353,6.1,367,403,91.1,6382,1601,169,179,94.4,161,174,92.5,31,40,77.5,0,0.1,0.2,-0.1,2,42,0,0,21,Matches,Manchester City,2024
Nico O’Reilly,eng ENG,DF,20-056,5.9,305,353,86.4,4042,780,209,226,92.5,88,109,80.7,3,7,42.9,0,0.4,0.7,-0.4,4,28,1,1,17,Matches,Manchester City,2024
Abdukodir Khusanov,uz UZB,DF,21-076,5.6,360,395,91.1,6126,1976,160,169,94.7,191,197,97.0,6,23,26.1,0,0.1,0.1,-0.1,2,23,0,0,25,Matches,Manchester City,2024
James Mcatee,eng ENG,"MF,FW",22-210,3.9,100,125,80.0,1491,254,57,65,87.7,40,45,88.9,3,9,33.3,0,0.5,0.8,-0.5,3,7,2,0,7,Matches,Manchester City,2024
Jahmai Simpson-Pusey,eng ENG,DF,19-193,1.1,107,115,93.0,1754,549,47,49,95.9,57,59,96.6,3,7,42.9,0,0.0,0.0,0.0,0,3,0,0,3,Matches,Manchester City,2024
Rodri,es ESP,MF,28-328,0.7,57,61,93.4,1056,250,25,26,96.2,24,27,88.9,7,7,100.0,0,0.0,0.1,0.0,1,3,1,0,4,Matches,Manchester City,2024
Divin Mubama,eng ENG,FW,20-203,0.3,2,3,66.7,44,18,1,1,100.0,0,0,,1,1,100.0,0,0.0,0.0,0.0,0,0,0,0,1,Matches,Manchester City,2024
Oscar Bobb,no NOR,FW,21-308,0.2,9,11,81.8,116,22,5,7,71.4,3,3,100.0,0,0,,0,0.1,0.0,-0.1,1,0,1,0,1,Matches,Manchester City,2024
Vitor Reis,br BRA,DF,19-124,0.0,2,2,100.0,50,10,0,0,,2,2,100.0,0,0,,0,0.0,0.0,0.0,0,0,0,0,0,Matches,Manchester City,2024
André Onana,cm CMR,GK,29-044,33.0,920,1259,73.1,21868,13211,218,220,99.1,511,516,99.0,186,513,36.3,0,0.2,0.2,-0.2,1,24,0,0,1,Matches,Manchester United,2024
Bruno Fernandes,pt POR,MF,30-250,31.6,1598,2111,75.7,28431,10037,757,871,86.9,580,716,81.0,208,384,54.2,9,8.1,7.4,0.9,88,189,77,11,295,Matches,Manchester United,2024
Noussair Mazraoui,ma MAR,DF,27-183,30.3,1475,1719,85.8,22224,7868,806,881,91.5,557,623,89.4,68,123,55.3,1,1.3,1.7,-0.3,18,123,19,5,110,Matches,Manchester United,2024
Diogo Dalot,pt POR,DF,26-059,31.0,1336,1659,80.5,21497,6609,691,769,89.9,519,634,81.9,93,168,55.4,3,2.0,2.5,1.0,26,61,25,8,102,Matches,Manchester United,2024
Matthijs de Ligt,nl NED,DF,25-277,23.6,1241,1380,89.9,21810,5955,454,482,94.2,728,771,94.4,53,108,49.1,0,0.3,0.3,-0.3,6,63,2,1,55,Matches,Manchester United,2024
Alejandro Garnacho,ar ARG,"MF,FW",20-319,24.2,646,820,78.8,9102,1176,403,456,88.4,182,222,82.0,31,52,59.6,2,4.5,2.8,-2.5,37,22,25,5,56,Matches,Manchester United,2024
Manuel Ugarte Ribeiro,uy URU,MF,24-035,19.6,789,898,87.9,12860,2779,404,451,89.6,305,328,93.0,62,83,74.7,2,1.1,0.7,0.9,10,58,9,3,60,Matches,Manchester United,2024
Rasmus Højlund,dk DEN,FW,22-101,20.4,233,308,75.6,2529,456,167,205,81.5,40,57,70.2,4,5,80.0,0,1.3,0.8,-1.3,14,13,5,1,17,Matches,Manchester United,2024
Lisandro Martínez,ar ARG,DF,27-118,19.5,1200,1342,89.4,20292,7055,522,554,94.2,601,646,93.0,64,116,55.2,1,1.1,1.3,-0.1,9,91,18,2,117,Matches,Manchester United,2024
Kobbie Mainoo,eng ENG,MF,20-027,17.7,701,812,86.3,9351,2279,440,477,92.2,184,211,87.2,31,44,70.5,0,1.6,1.4,-1.6,14,49,11,0,64,Matches,Manchester United,2024
Amad Diallo,ci CIV,"FW,MF",22-309,19.1,720,864,83.3,9979,2019,445,491,90.6,206,240,85.8,36,67,53.7,6,4.6,3.8,1.4,45,25,32,6,57,Matches,Manchester United,2024
Harry Maguire,eng ENG,DF,32-072,17.5,856,996,85.9,15850,5329,320,350,91.4,456,502,90.8,68,120,56.7,0,0.6,0.2,-0.6,7,44,3,0,46,Matches,Manchester United,2024
Casemiro,br BRA,MF,33-082,14.8,670,854,78.5,11089,3522,318,368,86.4,267,319,83.7,58,97,59.8,0,2.3,1.9,-2.3,20,68,20,6,70,Matches,Manchester United,2024
Joshua Zirkzee,nl NED,"FW,MF",23-359,15.6,292,410,71.2,3600,901,196,251,78.1,61,82,74.4,9,18,50.0,1,1.5,1.1,-0.5,12,26,6,0,44,Matches,Manchester United,2024
Leny Yoro,fr FRA,DF,19-184,12.9,708,766,92.4,11513,3678,313,328,95.4,351,373,94.1,27,41,65.9,0,0.1,0.2,-0.1,2,44,5,1,52,Matches,Manchester United,2024
Marcus Rashford,eng ENG,"FW,MF",27-197,10.9,253,343,73.8,3508,868,168,201,83.6,56,85,65.9,14,28,50.0,1,2.1,1.4,-1.1,15,13,16,8,21,Matches,Manchester United,2024
Christian Eriksen,dk DEN,MF,33-091,11.5,579,733,79.0,9765,3081,306,333,91.9,192,238,80.7,60,126,47.6,2,3.1,2.6,-1.1,28,54,13,6,55,Matches,Manchester United,2024
Patrick Dorgu,dk DEN,DF,20-202,7.4,304,378,80.4,4091,981,202,226,89.4,86,116,74.1,6,17,35.3,0,0.4,1.1,-0.4,8,16,7,2,25,Matches,Manchester United,2024
Mason Mount,eng ENG,MF,26-126,5.4,162,199,81.4,2355,518,96,111,86.5,46,56,82.1,9,14,64.3,0,0.5,0.5,-0.5,7,15,5,1,25,Matches,Manchester United,2024
Victor Lindelöf,se SWE,DF,30-303,5.8,224,242,92.6,3648,1014,94,103,91.3,118,123,95.9,8,11,72.7,0,0.1,0.1,-0.1,3,10,2,1,15,Matches,Manchester United,2024
Harry Amass,eng ENG,DF,18-061,3.8,149,181,82.3,1920,387,97,105,92.4,44,56,78.6,3,11,27.3,0,0.0,0.1,0.0,1,5,0,0,7,Matches,Manchester United,2024
Jonny Evans,nir NIR,DF,37-133,3.2,174,196,88.8,2809,784,82,87,94.3,81,90,90.0,6,12,50.0,0,0.0,0.0,0.0,0,9,1,0,8,Matches,Manchester United,2024
Altay Bayındır,tr TUR,GK,27-032,3.0,77,129,59.7,2049,1097,10,10,100.0,45,48,93.8,22,69,31.9,0,0.0,0.0,0.0,0,1,0,0,0,Matches,Manchester United,2024
Luke Shaw,eng ENG,DF,29-308,3.0,210,247,85.0,3493,1268,107,114,93.9,84,95,88.4,16,27,59.3,0,0.7,0.8,-0.7,5,18,3,1,23,Matches,Manchester United,2024
Tyler Fredricson,eng ENG,DF,20-082,1.8,110,122,90.2,1932,434,47,50,94.0,54,59,91.5,8,9,88.9,0,0.0,0.0,0.0,0,8,0,0,8,Matches,Manchester United,2024
Tyrell Malacia,nl NED,DF,25-272,1.1,49,55,89.1,642,260,31,33,93.9,13,14,92.9,2,2,100.0,0,0.0,0.0,0.0,1,7,1,0,3,Matches,Manchester United,2024
Chidozie Obi-Martin,dk DEN,FW,17-168,1.7,19,23,82.6,247,46,9,10,90.0,7,9,77.8,1,2,50.0,0,0.0,0.0,0.0,0,1,0,0,1,Matches,Manchester United,2024
Ayden Heaven,eng ENG,DF,18-236,1.1,40,49,81.6,695,185,14,17,82.4,24,27,88.9,1,3,33.3,0,0.0,0.0,0.0,0,2,0,0,2,Matches,Manchester United,2024
Toby Collyer,eng ENG,MF,21-133,2.0,76,92,82.6,1127,121,37,43,86.0,32,37,86.5,3,4,75.0,0,0.3,0.4,-0.3,2,3,1,0,5,Matches,Manchester United,2024
Antony,br BRA,"DF,MF",25-081,1.6,56,69,81.2,688,111,45,51,88.2,9,14,64.3,1,1,100.0,0,0.1,0.2,-0.1,3,1,5,2,6,Matches,Manchester United,2024
Scott McTominay,sct SCO,MF,28-159,0.2,10,10,100.0,186,99,5,5,100.0,3,3,100.0,2,2,100.0,0,0.0,0.0,0.0,0,2,0,0,1,Matches,Manchester United,2024
Bruno Guimarães,br BRA,MF,27-181,34.3,1369,1666,82.2,22586,7340,678,748,90.6,542,621,87.3,107,187,57.2,6,5.8,5.2,0.2,48,164,74,6,257,Matches,Newcastle United,2024
Dan Burn,eng ENG,DF,33-007,35.0,1677,1891,88.7,30507,10631,589,654,90.1,974,1029,94.7,101,164,61.6,1,0.9,1.1,0.1,9,44,7,0,63,Matches,Newcastle United,2024
Alexander Isak,se SWE,FW,25-237,29.6,493,660,74.7,7082,1574,289,347,83.3,154,197,78.2,26,40,65.0,6,4.3,3.6,1.7,41,33,29,1,84,Matches,Newcastle United,2024
Fabian Schär,ch SUI,DF,33-147,30.6,1558,1863,83.6,31297,12101,540,585,92.3,828,893,92.7,181,350,51.7,0,0.4,1.0,-0.4,5,149,10,0,108,Matches,Newcastle United,2024
Valentino Livramento,eng ENG,DF,22-185,29.6,1317,1546,85.2,19463,6352,766,845,90.7,477,551,86.6,48,83,57.8,1,2.5,2.4,-1.5,23,102,26,5,150,Matches,Newcastle United,2024
Joelinton,br BRA,"MF,FW",28-275,26.6,863,1043,82.7,12199,3384,529,603,87.7,277,320,86.6,33,55,60.0,3,2.5,2.3,0.5,23,80,17,2,116,Matches,Newcastle United,2024
Jacob Murphy,eng ENG,FW,30-081,24.8,644,938,68.7,9786,3249,383,455,84.2,204,300,68.0,42,99,42.4,12,8.8,6.1,3.2,41,52,40,15,77,Matches,Newcastle United,2024
Sandro Tonali,it ITA,MF,25-008,27.2,1185,1411,84.0,18788,4816,624,692,90.2,435,498,87.3,83,131,63.4,2,1.4,2.1,0.6,22,96,27,5,117,Matches,Newcastle United,2024
Nick Pope,eng ENG,GK,33-027,26.0,529,721,73.4,13548,8172,109,110,99.1,274,278,98.6,142,328,43.3,0,0.0,0.0,0.0,1,2,0,0,1,Matches,Newcastle United,2024
Anthony Gordon,eng ENG,FW,24-081,25.5,689,935,73.7,10615,3465,385,447,86.1,229,292,78.4,53,120,44.2,5,4.9,4.9,0.1,50,62,53,17,95,Matches,Newcastle United,2024
Lewis Hall,eng ENG,DF,20-250,24.3,1300,1592,81.7,21999,8891,653,715,91.3,525,617,85.1,104,202,51.5,4,4.3,3.7,-0.3,34,114,17,5,123,Matches,Newcastle United,2024
Harvey Barnes,eng ENG,FW,27-158,17.7,443,566,78.3,6200,1856,281,322,87.3,140,193,72.5,13,22,59.1,4,4.0,4.5,0.0,25,24,41,9,78,Matches,Newcastle United,2024
Kieran Trippier,eng ENG,DF,34-239,14.2,1000,1218,82.1,17045,5904,482,511,94.3,418,490,85.3,79,166,47.6,3,1.3,1.4,1.7,19,67,20,2,111,Matches,Newcastle United,2024
Joe Willock,eng ENG,"MF,FW",25-269,11.4,281,341,82.4,4022,852,164,185,88.6,100,115,87.0,10,22,45.5,2,1.9,0.9,0.1,21,25,8,0,38,Matches,Newcastle United,2024
Martin Dúbravka,sk SVK,GK,36-121,10.0,265,333,79.6,5932,3082,58,58,100.0,161,161,100.0,45,112,40.2,0,0.0,0.0,0.0,0,0,0,0,0,Matches,Newcastle United,2024
Sean Longstaff,eng ENG,MF,27-198,8.9,295,349,84.5,4407,1175,161,185,87.0,111,120,92.5,15,22,68.2,0,0.2,0.2,-0.2,4,26,1,0,40,Matches,Newcastle United,2024
Lloyd Kelly,eng ENG,DF,26-222,3.4,146,181,80.7,2636,867,57,65,87.7,78,87,89.7,10,24,41.7,1,0.5,0.1,0.5,2,6,1,1,9,Matches,Newcastle United,2024
Sven Botman,nl NED,DF,25-124,3.2,152,174,87.4,2560,1016,68,81,84.0,70,72,97.2,8,13,61.5,0,0.1,0.1,-0.1,1,9,0,0,4,Matches,Newcastle United,2024
Emil Krafth,se SWE,DF,30-287,3.5,113,143,79.0,1809,755,54,66,81.8,49,57,86.0,6,11,54.5,0,0.1,0.0,-0.1,1,6,1,0,8,Matches,Newcastle United,2024
Callum Wilson,eng ENG,FW,33-078,3.2,29,41,70.7,397,77,14,18,77.8,12,15,80.0,0,0,,0,0.1,0.0,-0.1,1,1,0,0,3,Matches,Newcastle United,2024
Lewis Miley,eng ENG,MF,19-015,3.2,150,170,88.2,2189,373,85,95,89.5,51,53,96.2,7,8,87.5,0,0.0,0.3,0.0,1,10,4,0,16,Matches,Newcastle United,2024
Miguel Almirón,py PAR,FW,31-095,1.7,54,66,81.8,707,219,39,42,92.9,13,16,81.3,1,3,33.3,0,0.3,0.2,-0.3,3,3,1,0,6,Matches,Newcastle United,2024
William Osula,dk DEN,FW,21-285,1.2,11,18,61.1,126,33,8,13,61.5,2,4,50.0,0,0,,0,0.1,0.0,-0.1,1,0,1,0,2,Matches,Newcastle United,2024
Matt Targett,eng ENG,DF,29-240,0.2,14,15,93.3,187,49,9,10,90.0,4,4,100.0,1,1,100.0,0,0.0,0.1,0.0,0,0,1,1,0,Matches,Newcastle United,2024
Matz Sels,be BEL,GK,33-079,36.0,484,942,51.4,18262,15661,75,75,100.0,150,153,98.0,259,702,36.9,0,0.0,0.1,0.0,1,43,3,0,1,Matches,Nottingham Forest,2024
Nikola Milenković,rs SRB,DF,27-216,35.0,787,964,81.6,15821,5820,238,273,87.2,439,500,87.8,96,157,61.1,2,1.0,0.5,1.0,8,49,2,0,49,Matches,Nottingham Forest,2024
Murillo,br BRA,DF,22-316,33.4,1056,1350,78.2,20985,9838,395,439,90.0,490,558,87.8,149,305,48.9,0,1.1,1.1,-1.1,12,124,13,1,103,Matches,Nottingham Forest,2024
Ola Aina,ng NGA,DF,28-220,31.4,937,1271,73.7,14508,5958,499,562,88.8,348,470,74.0,57,156,36.5,1,1.1,1.9,-0.1,15,79,21,9,103,Matches,Nottingham Forest,2024
Chris Wood,nz NZL,FW,33-160,30.9,294,452,65.0,4096,887,177,257,68.9,80,119,67.2,16,23,69.6,3,2.5,1.4,0.5,20,17,9,1,36,Matches,Nottingham Forest,2024
Morgan Gibbs-White,eng ENG,MF,25-109,29.2,937,1195,78.4,14468,4443,510,599,85.1,318,386,82.4,66,114,57.9,8,4.8,4.4,3.2,50,123,38,9,158,Matches,Nottingham Forest,2024
Elliot Anderson,eng ENG,MF,22-191,28.4,1000,1285,77.8,15971,5502,530,594,89.2,367,454,80.8,70,155,45.2,6,3.1,3.4,2.9,35,110,19,2,133,Matches,Nottingham Forest,2024
Anthony Elanga,se SWE,"FW,MF",23-019,25.8,500,768,65.1,7373,2425,295,359,82.2,137,213,64.3,42,121,34.7,10,5.3,4.5,4.7,47,30,25,8,56,Matches,Nottingham Forest,2024
Neco Williams,wls WAL,DF,24-033,26.8,785,1032,76.1,11723,4696,456,501,91.0,261,361,72.3,37,98,37.8,3,1.5,1.4,1.5,17,66,20,8,85,Matches,Nottingham Forest,2024
Callum Hudson-Odoi,eng ENG,"FW,MF",24-190,23.9,674,820,82.2,9918,1991,396,430,92.1,207,253,81.8,43,84,51.2,2,2.7,2.6,-0.7,44,36,31,11,66,Matches,Nottingham Forest,2024
Nicolás Domínguez,ar ARG,"MF,FW",26-322,20.1,764,880,86.8,11105,3162,431,473,91.1,259,289,89.6,32,52,61.5,1,1.3,1.5,-0.3,13,77,10,1,75,Matches,Nottingham Forest,2024
Ryan Yates,eng ENG,MF,27-176,21.0,598,734,81.5,8831,1919,317,362,87.6,214,251,85.3,31,54,57.4,1,1.2,0.5,-0.2,18,47,4,0,48,Matches,Nottingham Forest,2024
Álex Moreno,es ESP,"DF,MF",31-342,10.6,308,428,72.0,4574,1911,184,210,87.6,95,148,64.2,14,40,35.0,1,1.3,1.1,-0.3,8,25,9,2,34,Matches,Nottingham Forest,2024
Morato,br BRA,DF,23-320,10.0,234,304,77.0,3939,1896,103,119,86.6,108,129,83.7,15,34,44.1,0,0.0,0.0,0.0,0,17,0,0,18,Matches,Nottingham Forest,2024
Jota Silva,pt POR,"FW,MF",25-288,9.4,115,191,60.2,1635,467,65,85,76.5,35,58,60.3,6,17,35.3,1,2.9,1.8,-1.9,14,4,9,3,18,Matches,Nottingham Forest,2024
Ibrahim Sangaré,ci CIV,MF,27-165,5.0,218,258,84.5,3545,1099,110,122,90.2,86,96,89.6,16,24,66.7,1,0.4,0.1,0.6,4,22,4,1,21,Matches,Nottingham Forest,2024
James Ward-Prowse,eng ENG,MF,30-196,4.4,145,182,79.7,2296,768,82,88,93.2,53,61,86.9,8,23,34.8,1,1.1,0.8,-0.1,4,16,2,0,16,Matches,Nottingham Forest,2024
Danilo,br BRA,"MF,FW",24-017,3.0,89,114,78.1,1435,534,43,51,84.3,36,43,83.7,6,10,60.0,0,0.0,0.0,0.0,0,13,0,0,11,Matches,Nottingham Forest,2024
Taiwo Awoniyi,ng NGA,FW,27-277,4.6,61,96,63.5,705,157,42,59,71.2,14,25,56.0,1,5,20.0,0,0.1,0.1,-0.1,2,5,2,0,7,Matches,Nottingham Forest,2024
Ramón Sosa,py PAR,"FW,MF",25-258,3.3,66,97,68.0,1016,283,33,47,70.2,24,35,68.6,5,7,71.4,0,0.5,0.4,-0.5,8,2,5,3,6,Matches,Nottingham Forest,2024
Willy Boly,ci CIV,DF,34-102,1.7,55,70,78.6,1010,477,20,22,90.9,30,32,93.8,4,15,26.7,0,0.0,0.0,0.0,0,3,0,0,2,Matches,Nottingham Forest,2024
Harry Toffolo,eng ENG,DF,29-270,1.5,47,67,70.1,653,304,30,32,93.8,15,24,62.5,1,7,14.3,0,0.0,0.0,0.0,0,1,0,0,2,Matches,Nottingham Forest,2024
Eric da Silva Moreira,de GER,"MF,DF",19-013,0.3,7,8,87.5,86,7,6,7,85.7,1,1,100.0,0,0,,0,0.0,0.0,0.0,0,0,0,0,0,Matches,Nottingham Forest,2024
Kyle Walker-Peters,eng ENG,DF,28-033,32.4,1493,1693,88.2,22418,6584,832,886,93.9,573,637,90.0,56,93,60.2,2,2.8,2.3,-0.8,24,119,30,4,139,Matches,Southampton,2024
Mateus Fernandes,pt POR,MF,20-310,30.3,1017,1275,79.8,17183,4010,480,545,88.1,386,451,85.6,101,184,54.9,3,2.6,3.1,0.4,31,93,22,4,135,Matches,Southampton,2024
Taylor Harwood-Bellis,eng ENG,DF,23-106,30.5,1835,2093,87.7,34171,12258,664,717,92.6,987,1077,91.6,168,261,64.4,0,1.0,0.7,-1.0,14,176,10,1,121,Matches,Southampton,2024
Jan Bednarek,pl POL,DF,29-034,28.1,1564,1687,92.7,27781,8925,590,620,95.2,856,903,94.8,105,137,76.6,0,0.5,0.9,-0.5,5,72,1,0,60,Matches,Southampton,2024
Aaron Ramsdale,eng ENG,GK,27-002,28.0,737,1154,63.9,20898,16233,199,200,99.5,286,297,96.3,246,644,38.2,0,0.0,0.1,0.0,0,33,1,0,0,Matches,Southampton,2024
Flynn Downes,eng ENG,MF,26-116,21.9,906,1007,90.0,13223,2637,521,562,92.7,318,346,91.9,33,49,67.3,0,1.1,1.4,-1.1,15,54,12,0,63,Matches,Southampton,2024
Joe Aribo,ng NGA,"MF,DF",28-299,21.7,892,1006,88.7,13232,2533,488,534,91.4,347,381,91.1,31,45,68.9,0,1.6,1.2,-1.6,16,50,4,1,72,Matches,Southampton,2024
Tyler Dibling,eng ENG,"FW,MF",19-065,20.1,489,603,81.1,7304,1539,278,308,90.3,178,208,85.6,20,46,43.5,0,1.5,1.5,-1.5,20,27,20,1,64,Matches,Southampton,2024
Ryan Manning,ie IRL,"DF,MF",28-336,16.2,619,803,77.1,10360,3336,317,344,92.2,233,288,80.9,55,125,44.0,1,3.2,2.8,-2.2,34,33,12,8,35,Matches,Southampton,2024
Lesley Ugochukwu,fr FRA,MF,21-051,17.4,577,680,84.9,8945,1971,280,317,88.3,252,277,91.0,22,37,59.5,1,1.0,0.6,0.0,14,52,7,1,49,Matches,Southampton,2024
Jack Stephens,eng ENG,DF,31-109,14.4,805,876,91.9,14062,3941,318,342,93.0,426,452,94.2,46,56,82.1,0,0.2,0.3,-0.2,3,47,5,0,53,Matches,Southampton,2024
Yukinari Sugawara,jp JPN,"DF,MF",24-322,16.3,689,862,79.9,10831,3323,366,415,88.2,272,328,82.9,35,73,47.9,1,2.2,2.5,-1.2,17,43,21,9,68,Matches,Southampton,2024
Kamaldeen Sulemana,gh GHA,"FW,MF",23-090,14.1,262,329,79.6,3756,580,165,187,88.2,77,93,82.8,12,27,44.4,1,1.0,0.8,0.0,10,6,13,7,26,Matches,Southampton,2024
Adam Armstrong,eng ENG,"FW,MF",28-095,13.9,231,288,80.2,3320,446,138,158,87.3,81,95,85.3,6,13,46.2,2,1.2,0.6,0.8,9,10,8,2,21,Matches,Southampton,2024
Cameron Archer,eng ENG,FW,23-299,15.5,191,235,81.3,2490,337,120,140,85.7,53,58,91.4,5,9,55.6,0,0.4,0.7,-0.4,4,6,7,0,14,Matches,Southampton,2024
James Bree,eng ENG,DF,27-217,10.9,459,549,83.6,7332,2010,220,243,90.5,204,232,87.9,26,50,52.0,1,0.9,0.7,0.1,10,26,7,6,31,Matches,Southampton,2024
Paul Onuachu,ng NGA,FW,30-353,11.4,156,257,60.7,2219,365,83,132,62.9,42,67,62.7,12,19,63.2,1,0.5,0.3,0.5,8,13,2,0,13,Matches,Southampton,2024
Nathan Wood-Gordon,eng ENG,DF,22-350,6.9,363,391,92.8,6144,1494,153,162,94.4,190,197,96.4,16,23,69.6,0,0.0,0.0,0.0,1,11,0,0,17,Matches,Southampton,2024
William Smallbone,ie IRL,MF,25-084,7.2,257,332,77.4,4218,1158,122,140,87.1,108,127,85.0,19,49,38.8,0,0.6,0.8,-0.6,9,11,3,2,25,Matches,Southampton,2024
Alex McCarthy,eng ENG,GK,35-164,5.0,117,156,75.0,2823,1985,41,43,95.3,45,49,91.8,30,61,49.2,0,0.0,0.0,0.0,0,5,0,0,0,Matches,Southampton,2024
Adam Lallana,eng ENG,MF,37-006,4.0,221,260,85.0,2891,980,147,165,89.1,61,67,91.0,4,9,44.4,2,0.9,0.5,1.1,4,21,9,3,24,Matches,Southampton,2024
Ben Brereton,cl CHI,FW,26-028,5.0,128,166,77.1,1836,383,83,95,87.4,36,53,67.9,7,11,63.6,0,0.1,0.1,-0.1,3,9,2,1,9,Matches,Southampton,2024
Ryan Fraser,sct SCO,"FW,DF",31-081,3.4,77,103,74.8,1121,208,43,46,93.5,28,40,70.0,3,10,30.0,0,0.1,0.1,-0.1,2,3,1,0,8,Matches,Southampton,2024
Welington,br BRA,"DF,MF",24-086,3.4,92,118,78.0,1474,468,40,47,85.1,41,53,77.4,6,8,75.0,0,0.1,0.2,-0.1,3,7,5,4,7,Matches,Southampton,2024
Ross Stewart,sct SCO,FW,28-309,3.2,50,71,70.4,703,76,25,33,75.8,22,27,81.5,0,1,0.0,0,0.0,0.0,0.0,0,2,1,0,2,Matches,Southampton,2024
Joe Lumley,eng ENG,GK,30-090,3.0,106,151,70.2,2342,1476,42,44,95.5,42,46,91.3,21,59,35.6,0,0.0,0.0,0.0,0,2,0,0,0,Matches,Southampton,2024
Armel Bella Kotchap,de GER,DF,23-156,3.7,202,224,90.2,3829,956,65,66,98.5,119,123,96.7,16,29,55.2,0,0.0,0.0,0.0,0,6,0,0,5,Matches,Southampton,2024
Charlie Taylor,eng ENG,DF,31-240,3.0,154,177,87.0,2691,691,63,67,94.0,77,86,89.5,12,17,70.6,0,0.1,0.1,-0.1,1,8,2,1,8,Matches,Southampton,2024
Albert Grønbaek,dk DEN,"FW,MF",23-358,1.6,13,18,72.2,135,43,9,11,81.8,2,4,50.0,0,0,,0,0.0,0.0,0.0,1,2,0,0,1,Matches,Southampton,2024
Maxwel Cornet,ci CIV,FW,28-231,0.8,17,22,77.3,262,37,9,10,90.0,6,8,75.0,1,2,50.0,0,0.0,0.0,0.0,0,0,0,0,0,Matches,Southampton,2024
Samuel Edozie,eng ENG,"DF,FW",22-108,0.7,25,33,75.8,316,67,19,21,90.5,6,7,85.7,0,3,0.0,0,0.1,0.2,-0.1,1,0,3,0,4,Matches,Southampton,2024
Jay Robinson,eng ENG,"MF,FW",18-062,0.4,8,9,88.9,81,6,7,7,100.0,1,1,100.0,0,1,0.0,0,0.0,0.0,0.0,2,0,0,0,0,Matches,Southampton,2024
Samuel Amo-Ameyaw,eng ENG,"FW,DF",18-302,0.3,8,9,88.9,107,13,6,6,100.0,2,3,66.7,0,0,,0,0.1,0.1,-0.1,1,0,1,1,0,Matches,Southampton,2024
Ronnie Edwards,eng ENG,DF,22-049,0.1,5,5,100.0,109,0,0,0,,5,5,100.0,0,0,,0,0.0,0.0,0.0,0,0,0,0,0,Matches,Southampton,2024
Carlos Alcaraz,ar ARG,MF,22-167,0.1,13,13,100.0,221,66,7,7,100.0,4,4,100.0,2,2,100.0,0,0.1,0.0,-0.1,1,4,1,1,6,Matches,Southampton,2024
Pedro Porro,es ESP,DF,25-245,28.0,1355,1844,73.5,23669,9365,664,758,87.6,525,662,79.3,138,312,44.2,6,4.4,4.6,1.6,56,123,56,27,152,Matches,Tottenham Hotspur,2024
Dejan Kulusevski,se SWE,"MF,FW",25-021,26.5,658,893,73.7,9216,2920,394,457,86.2,203,260,78.1,32,79,40.5,4,6.2,3.9,-2.2,65,62,52,6,124,Matches,Tottenham Hotspur,2024
Dominic Solanke,eng ENG,FW,27-244,23.5,250,352,71.0,3344,914,153,201,76.1,64,83,77.1,12,18,66.7,3,2.9,1.1,0.1,14,27,9,0,45,Matches,Tottenham Hotspur,2024
Brennan Johnson,wls WAL,FW,23-358,23.1,438,617,71.0,5790,1591,268,333,80.5,140,185,75.7,11,32,34.4,3,2.3,2.0,0.7,19,25,35,6,70,Matches,Tottenham Hotspur,2024
Guglielmo Vicario,it ITA,GK,28-221,23.0,737,841,87.6,14516,8468,228,230,99.1,418,431,97.0,84,171,49.1,0,0.0,0.0,0.0,0,1,0,0,1,Matches,Tottenham Hotspur,2024
Son Heung-min,kr KOR,FW,32-312,22.6,709,898,79.0,9968,2716,439,490,89.6,195,243,80.2,37,77,48.1,9,8.2,5.1,0.8,50,38,51,6,108,Matches,Tottenham Hotspur,2024
Destiny Udogie,it ITA,DF,22-169,20.4,947,1084,87.4,13710,4612,533,584,91.3,359,397,90.4,24,30,80.0,1,1.5,1.2,-0.5,16,88,6,1,120,Matches,Tottenham Hotspur,2024
James Maddison,eng ENG,MF,28-174,20.1,1021,1256,81.3,16664,5028,481,529,90.9,424,492,86.2,75,162,46.3,7,4.2,5.9,2.8,41,123,32,5,164,Matches,Tottenham Hotspur,2024
Pape Matar Sarr,sn SEN,MF,22-244,20.2,869,1003,86.6,13319,3047,452,498,90.8,339,377,89.9,45,61,73.8,2,1.6,0.8,0.4,15,85,11,2,86,Matches,Tottenham Hotspur,2024
Rodrigo Bentancur,uy URU,MF,27-325,17.4,926,1054,87.9,15023,3610,443,488,90.8,413,446,92.6,46,62,74.2,0,0.4,1.0,-0.4,10,107,12,2,99,Matches,Tottenham Hotspur,2024
Djed Spence,eng ENG,DF,24-280,18.8,962,1128,85.3,13819,4169,560,597,93.8,338,394,85.8,32,66,48.5,2,1.8,1.4,0.2,11,77,18,8,103,Matches,Tottenham Hotspur,2024
Cristian Romero,ar ARG,DF,27-019,15.7,1094,1223,89.5,20402,8197,370,405,91.4,630,665,94.7,80,126,63.5,0,0.6,0.8,-0.6,7,109,8,1,71,Matches,Tottenham Hotspur,2024
Archie Gray,eng ENG,"DF,MF",19-065,17.5,962,1100,87.5,16738,5117,375,409,91.7,517,562,92.0,56,96,58.3,0,0.1,0.2,-0.1,2,41,0,0,37,Matches,Tottenham Hotspur,2024
Yves Bissouma,ml MLI,MF,28-259,14.9,737,828,89.0,11164,2833,401,434,92.4,274,295,92.9,36,57,63.2,0,0.3,0.6,-0.3,6,59,10,1,74,Matches,Tottenham Hotspur,2024
Radu Drăgușin,ro ROU,DF,23-102,13.9,716,840,85.2,13638,5250,223,245,91.0,437,470,93.0,47,107,43.9,0,0.4,0.2,-0.4,4,52,2,1,37,Matches,Tottenham Hotspur,2024
Ben Davies,wls WAL,DF,32-022,13.5,848,971,87.3,15889,6322,284,317,89.6,474,504,94.0,74,119,62.2,0,0.2,0.5,-0.2,2,46,2,0,51,Matches,Tottenham Hotspur,2024
Lucas Bergvall,se SWE,MF,19-103,13.5,629,720,87.4,10567,2202,295,321,91.9,264,294,89.8,53,71,74.6,1,0.6,0.8,0.4,11,53,7,3,49,Matches,Tottenham Hotspur,2024
Micky van de Ven,nl NED,DF,24-027,10.6,706,776,91.0,13313,4092,210,229,91.7,444,460,96.5,45,72,62.5,2,1.2,0.7,0.8,2,50,1,0,51,Matches,Tottenham Hotspur,2024
Mathys Tel,fr FRA,FW,20-019,8.2,162,232,69.8,2789,596,80,98,81.6,61,86,70.9,18,31,58.1,1,1.5,1.2,-0.5,12,10,14,4,19,Matches,Tottenham Hotspur,2024
Wilson Odobert,fr FRA,FW,20-169,8.0,194,252,77.0,2582,492,131,142,92.3,44,62,71.0,8,12,66.7,0,0.9,0.7,-0.9,5,9,11,3,23,Matches,Tottenham Hotspur,2024
Kevin Danso,at AUT,DF,26-239,7.4,416,483,86.1,7817,2450,127,143,88.8,258,280,92.1,27,49,55.1,0,0.1,0.1,-0.1,2,22,2,1,18,Matches,Tottenham Hotspur,2024
Fraser Forster,eng ENG,GK,37-060,7.0,168,198,84.8,3349,2105,54,55,98.2,86,90,95.6,23,47,48.9,0,0.0,0.0,0.0,0,1,0,0,0,Matches,Tottenham Hotspur,2024
Antonín Kinský,cz CZE,GK,22-064,5.0,143,181,79.0,3376,2065,20,20,100.0,88,91,96.7,32,65,49.2,0,0.1,0.0,-0.1,1,2,0,0,1,Matches,Tottenham Hotspur,2024
Timo Werner,de GER,"FW,MF",29-071,5.7,158,236,66.9,2383,597,80,97,82.5,61,86,70.9,7,18,38.9,3,2.5,1.5,0.5,10,3,15,2,30,Matches,Tottenham Hotspur,2024
Richarlison,br BRA,FW,28-006,5.3,60,95,63.2,907,280,30,41,73.2,18,31,58.1,6,9,66.7,1,0.9,0.6,0.1,4,8,4,2,11,Matches,Tottenham Hotspur,2024
Mikey Moore,eng ENG,FW,17-278,3.1,60,86,69.8,735,206,38,41,92.7,16,25,64.0,1,6,16.7,1,0.3,0.6,0.7,3,2,5,1,8,Matches,Tottenham Hotspur,2024
Brandon Austin,eng ENG,GK,26-128,1.0,22,32,68.8,526,386,7,7,100.0,9,9,100.0,6,16,37.5,0,0.0,0.0,0.0,0,0,0,0,0,Matches,Tottenham Hotspur,2024
Sergio Reguilón,es ESP,DF,28-151,1.4,73,105,69.5,1144,410,33,44,75.0,36,47,76.6,3,9,33.3,0,0.0,0.2,0.0,1,11,2,1,12,Matches,Tottenham Hotspur,2024
Dane Scarlett,eng ENG,"FW,MF",21-053,0.4,3,5,60.0,37,20,2,2,100.0,1,1,100.0,0,1,0.0,1,0.0,0.0,1.0,1,0,0,0,1,Matches,Tottenham Hotspur,2024
Alfie Dorrington,eng ENG,DF,20-026,0.2,15,16,93.8,304,39,6,7,85.7,7,7,100.0,2,2,100.0,0,0.0,0.0,0.0,0,0,0,0,0,Matches,Tottenham Hotspur,2024
Will Lankshear,eng ENG,"FW,MF",20-026,0.1,0,1,0.0,0,0,0,1,0.0,0,0,,0,0,,0,0.0,0.0,0.0,0,0,0,0,0,Matches,Tottenham Hotspur,2024
Max Kilman,eng ENG,DF,27-358,35.2,1588,1835,86.5,30644,10269,507,552,91.8,926,998,92.8,144,252,57.1,1,1.2,1.2,-0.2,16,103,4,0,109,Matches,West Ham United,2024
Aaron Wan-Bissaka,eng ENG,DF,27-171,33.0,1355,1680,80.7,19184,7041,873,970,90.0,416,512,81.3,46,100,46.0,4,3.5,2.7,0.5,32,89,33,11,135,Matches,West Ham United,2024
Jarrod Bowen,eng ENG,"FW,MF",28-147,31.0,524,738,71.0,8712,2548,278,335,83.0,178,235,75.7,51,91,56.0,7,6.3,6.3,0.7,49,37,44,8,86,Matches,West Ham United,2024
Mohammed Kudus,gh GHA,"FW,MF",24-287,27.7,682,818,83.4,11080,1744,366,405,90.4,244,275,88.7,53,79,67.1,3,3.0,2.6,0.0,30,44,27,13,77,Matches,West Ham United,2024
Tomáš Souček,cz CZE,MF,30-078,26.9,679,924,73.5,11263,3108,344,433,79.4,252,329,76.6,63,93,67.7,1,1.0,1.2,0.0,14,61,8,1,70,Matches,West Ham United,2024
Lucas Paquetá,br BRA,"MF,FW",27-262,26.0,1088,1407,77.3,18064,5773,566,676,83.7,382,480,79.6,114,177,64.4,0,3.1,3.3,-3.1,36,125,43,4,145,Matches,West Ham United,2024
Emerson Palmieri,it ITA,DF,30-286,23.5,861,1077,79.9,12546,4549,515,574,89.7,283,348,81.3,43,102,42.2,1,1.5,2.2,-0.5,16,51,13,5,66,Matches,West Ham United,2024
Alphonse Areola,fr FRA,GK,32-078,24.1,661,953,69.4,17616,11965,145,146,99.3,320,335,95.5,193,460,42.0,0,0.0,0.0,0.0,0,11,0,0,0,Matches,West Ham United,2024
Konstantinos Mavropanos,gr GRE,DF,27-156,21.7,1022,1190,85.9,20131,6871,328,360,91.1,590,639,92.3,98,168,58.3,0,0.5,0.4,-0.5,5,61,4,1,61,Matches,West Ham United,2024
Edson Álvarez,mx MEX,MF,27-204,18.4,784,912,86.0,13152,3718,386,433,89.1,329,367,89.6,61,83,73.5,1,0.8,0.8,0.2,11,80,11,3,76,Matches,West Ham United,2024
Jean-Clair Todibo,fr FRA,DF,25-137,18.3,832,949,87.7,14770,5149,304,324,93.8,481,510,94.3,43,96,44.8,0,0.0,0.1,0.0,2,41,1,0,35,Matches,West Ham United,2024
Guido Rodríguez,ar ARG,MF,31-034,12.0,449,534,84.1,7614,2071,216,248,87.1,192,211,91.0,34,53,64.2,0,0.1,0.1,-0.1,3,36,1,0,31,Matches,West Ham United,2024
Carlos Soler,es ESP,"MF,FW",28-134,15.3,549,645,85.1,8470,2251,300,317,94.6,202,236,85.6,29,54,53.7,1,1.2,1.3,-0.2,14,41,11,0,52,Matches,West Ham United,2024
Łukasz Fabiański,pl POL,GK,40-028,11.9,304,454,67.0,8756,6129,53,53,100.0,147,148,99.3,104,252,41.3,0,0.0,0.0,0.0,0,4,0,0,0,Matches,West Ham United,2024
Michail Antonio,jm JAM,FW,35-049,9.3,114,188,60.6,2183,424,52,72,72.2,37,62,59.7,22,31,71.0,1,1.6,0.9,-0.6,9,11,6,2,18,Matches,West Ham United,2024
Vladimír Coufal,cz CZE,DF,32-267,10.6,399,513,77.8,6444,2442,205,229,89.5,158,198,79.8,27,64,42.2,0,0.6,1.0,-0.6,6,37,12,7,34,Matches,West Ham United,2024
James Ward-Prowse,eng ENG,MF,30-196,10.0,595,677,87.9,9846,2786,312,326,95.7,228,248,91.9,47,83,56.6,1,1.5,1.4,-0.5,17,65,4,1,49,Matches,West Ham United,2024
Aaron Cresswell,eng ENG,DF,35-152,8.5,463,563,82.2,8596,3310,211,229,92.1,192,218,88.1,55,103,53.4,0,1.2,1.5,-1.2,8,47,4,1,32,Matches,West Ham United,2024
Crysencio Summerville,nl NED,"FW,MF",23-198,8.7,194,254,76.4,2881,640,125,148,84.5,55,62,88.7,11,22,50.0,1,1.7,1.7,-0.7,17,13,12,5,18,Matches,West Ham United,2024
Oliver Scarles,eng ENG,DF,19-155,6.6,260,333,78.1,3880,1062,157,177,88.7,91,109,83.5,10,34,29.4,0,0.0,0.1,0.0,1,9,5,1,21,Matches,West Ham United,2024
Niclas Füllkrug,de GER,FW,32-096,7.6,108,164,65.9,1421,259,70,91,76.9,28,48,58.3,4,9,44.4,2,1.9,0.4,0.1,13,11,4,0,12,Matches,West Ham United,2024
Danny Ings,eng ENG,"FW,MF",32-297,3.2,63,92,68.5,830,126,41,49,83.7,19,29,65.5,1,5,20.0,2,1.3,0.1,0.7,6,4,1,0,5,Matches,West Ham United,2024
Andy Irving,sct SCO,MF,25-003,1.8,109,124,87.9,1705,439,61,64,95.3,36,43,83.7,9,9,100.0,0,0.2,0.1,-0.2,1,14,1,1,9,Matches,West Ham United,2024
Evan Ferguson,ie IRL,FW,20-209,1.7,28,37,75.7,375,21,21,26,80.8,5,7,71.4,1,2,50.0,0,0.3,0.3,-0.3,2,1,0,0,1,Matches,West Ham United,2024
Luis Guilherme,br BRA,"MF,FW",19-096,1.5,47,56,83.9,727,154,30,31,96.8,13,15,86.7,4,7,57.1,0,0.1,0.1,-0.1,3,3,3,2,3,Matches,West Ham United,2024
Lewis Orford,eng ENG,MF,19-087,0.5,33,38,86.8,583,83,11,13,84.6,18,20,90.0,2,3,66.7,0,0.0,0.0,0.0,2,2,1,1,0,Matches,West Ham United,2024
Kaelan Casey,eng ENG,DF,20-200,0.0,0,0,,0,0,0,0,,0,0,,0,0,,0,0.0,0.0,0.0,0,0,0,0,0,Matches,West Ham United,2024
Rayan Aït-Nouri,dz ALG,DF,23-344,32.8,1355,1612,84.1,18564,5505,837,896,93.4,409,470,87.0,44,110,40.0,7,5.0,3.6,2.0,38,70,27,9,104,Matches,Wolverhampton Wanderers,2024
João Gomes,br BRA,MF,24-093,31.5,1292,1519,85.1,18496,4556,758,831,91.2,399,464,86.0,65,109,59.6,1,1.2,1.8,-0.2,22,109,23,1,151,Matches,Wolverhampton Wanderers,2024
Nélson Semedo,pt POR,DF,31-181,30.6,1012,1263,80.1,15437,4616,544,597,91.1,384,463,82.9,56,121,46.3,4,2.8,1.6,1.2,23,65,27,12,74,Matches,Wolverhampton Wanderers,2024
Jørgen Strand Larsen,no NOR,FW,25-099,27.7,275,435,63.2,3597,668,167,238,70.2,70,109,64.2,14,20,70.0,2,2.4,1.0,-0.4,19,18,4,1,29,Matches,Wolverhampton Wanderers,2024
André,br BRA,MF,23-304,26.0,1176,1268,92.7,18523,5118,606,636,95.3,450,474,94.9,74,92,80.4,0,0.8,0.6,-0.8,16,104,4,0,98,Matches,Wolverhampton Wanderers,2024
José Sá,pt POR,GK,32-119,28.0,569,887,64.1,14772,10035,113,114,99.1,314,324,96.9,138,441,31.3,0,0.1,0.0,-0.1,2,19,1,0,2,Matches,Wolverhampton Wanderers,2024
Matheus Cunha,br BRA,"MF,FW",25-354,27.6,764,1066,71.7,12179,4206,431,505,85.3,215,283,76.0,84,187,44.9,6,7.6,5.2,-1.6,53,90,55,10,137,Matches,Wolverhampton Wanderers,2024
Toti Gomes,pt POR,DF,26-120,27.0,1354,1580,85.7,22522,7856,625,680,91.9,620,670,92.5,81,161,50.3,1,0.9,0.6,0.1,9,79,6,3,73,Matches,Wolverhampton Wanderers,2024
Matt Doherty,ie IRL,DF,33-120,22.5,1042,1261,82.6,19483,6342,420,466,90.1,497,574,86.6,112,181,61.9,1,1.5,1.2,-0.5,11,91,15,1,77,Matches,Wolverhampton Wanderers,2024
Jean-Ricner Bellegarde,fr FRA,"MF,FW",26-323,17.6,424,540,78.5,6582,1289,245,275,89.1,132,164,80.5,33,59,55.9,6,3.6,2.6,2.4,26,27,17,8,39,Matches,Wolverhampton Wanderers,2024
Santiago Bueno,uy URU,DF,26-188,18.7,741,842,88.0,13598,4177,260,281,92.5,417,444,93.9,51,91,56.0,0,0.0,0.1,0.0,0,24,2,0,28,Matches,Wolverhampton Wanderers,2024
Mario Lemina,ga GAB,"MF,DF",31-257,15.2,493,613,80.4,9479,2966,176,207,85.0,249,284,87.7,58,95,61.1,3,1.1,1.2,1.9,10,43,13,4,48,Matches,Wolverhampton Wanderers,2024
Emmanuel Agbadou,ci CIV,DF,27-333,13.7,740,865,85.5,14853,5211,248,268,92.5,390,420,92.9,96,158,60.8,0,0.2,0.3,-0.2,4,31,1,0,24,Matches,Wolverhampton Wanderers,2024
Marshall Munetsi,zw ZIM,"MF,FW",28-328,10.8,132,185,71.4,1609,331,83,107,77.6,38,52,73.1,1,3,33.3,1,1.6,1.0,-0.6,8,5,2,1,8,Matches,Wolverhampton Wanderers,2024
Craig Dawson,eng ENG,DF,35-010,10.8,484,559,86.6,9745,3180,149,161,92.5,267,287,93.0,57,95,60.0,0,0.0,0.1,0.0,2,22,1,0,20,Matches,Wolverhampton Wanderers,2024
Gonçalo Guedes,pt POR,"MF,FW",28-168,9.3,205,281,73.0,3368,838,106,125,84.8,80,105,76.2,13,30,43.3,4,1.1,0.7,2.9,11,13,17,5,33,Matches,Wolverhampton Wanderers,2024
Sam Johnstone,eng ENG,GK,32-052,7.0,184,278,66.2,5548,4270,31,32,96.9,80,82,97.6,72,160,45.0,0,0.0,0.0,0.0,1,6,0,0,0,Matches,Wolverhampton Wanderers,2024
Pablo Sarabia,es ESP,"MF,FW",33-005,8.3,279,398,70.1,4763,1807,129,147,87.8,98,129,76.0,35,72,48.6,2,1.6,1.8,0.4,13,38,18,2,57,Matches,Wolverhampton Wanderers,2024
Rodrigo Gomes,pt POR,"DF,FW",21-313,7.8,180,267,67.4,2629,909,105,133,78.9,64,91,70.3,6,24,25.0,0,0.9,0.7,-0.9,12,10,12,4,25,Matches,Wolverhampton Wanderers,2024
Hwang Hee-chan,kr KOR,"MF,FW",29-110,7.2,159,195,81.5,2061,395,107,123,87.0,40,47,85.1,4,5,80.0,0,0.1,0.3,-0.1,3,7,4,2,12,Matches,Wolverhampton Wanderers,2024
Yerson Mosquera,co COL,DF,24-014,4.9,205,240,85.4,3996,1184,66,73,90.4,115,123,93.5,22,35,62.9,0,0.1,0.0,-0.1,2,16,1,1,7,Matches,Wolverhampton Wanderers,2024
Tommy Doyle,eng ENG,MF,23-211,5.4,321,392,81.9,6591,2010,112,119,94.1,138,155,89.0,61,93,65.6,1,0.5,0.3,0.5,7,44,3,0,40,Matches,Wolverhampton Wanderers,2024
Carlos Forbs,pt POR,"MF,FW",21-058,2.7,60,91,65.9,788,228,39,51,76.5,19,26,73.1,1,5,20.0,0,0.0,0.1,0.0,1,2,3,1,8,Matches,Wolverhampton Wanderers,2024
Daniel Bentley,eng ENG,GK,31-307,1.0,20,34,58.8,552,422,2,2,100.0,12,12,100.0,6,20,30.0,0,0.0,0.0,0.0,0,0,0,0,0,Matches,Wolverhampton Wanderers,2024
Pedro Lima,br BRA,DF,18-319,0.8,28,38,73.7,457,188,14,17,82.4,11,14,78.6,3,5,60.0,0,0.1,0.1,-0.1,2,2,3,2,4,Matches,Wolverhampton Wanderers,2024
Daniel Podence,pt POR,"MF,FW",29-207,0.5,11,16,68.8,132,78,7,7,100.0,3,3,100.0,0,2,0.0,0,0.0,0.0,0.0,0,1,1,0,2,Matches,Wolverhampton Wanderers,2024
Nasser Djiga,bf BFA,"DF,FW",22-182,0.2,8,8,100.0,113,32,4,4,100.0,4,4,100.0,0,0,,0,0.0,0.0,0.0,0,0,0,0,0,Matches,Wolverhampton Wanderers,2024
Chiquinho,pt POR,MF,25-100,0.1,3,3,100.0,71,22,1,1,100.0,1,1,100.0,1,1,100.0,0,0.0,0.0,0.0,1,0,1,1,0,Matches,Wolverhampton Wanderers,2024
Mateus Mane,,MF,,0.0,4,5,80.0,60,0,3,4,75.0,1,1,100.0,0,0,,0,0.0,0.0,0.0,0,0,0,0,0,Matches,Wolverhampton Wanderers,2024
Alfie Pond,eng ENG,DF,21-076,0.0,1,1,100.0,23,0,0,0,,1,1,100.0,0,0,,0,0.0,0.0,0.0,0,0,0,0,0,Matches,Wolverhampton Wanderers,2024
Boubacar Traoré,ml MLI,MF,23-269,0.0,0,0,,0,0,0,0,,0,0,,0,0,,0,0.0,0.0,0.0,0,0,0,0,0,Matches,Wolverhampton Wanderers,2024
